source_line,pdf_page,text_class,audit_group,group_status
1,1,PAGE_MARKER,DV09-001,CONTEXT
2,1,BOILERPLATE,DV09-001,CONTEXT
3,1,REVIEWED_TEXT,DV09-001,CONTEXT
4,1,REVIEWED_TEXT,DV09-001,CONTEXT
5,1,REVIEWED_TEXT,DV09-001,CONTEXT
6,1,REVIEWED_TEXT,DV09-001,CONTEXT
7,1,REVIEWED_TEXT,DV09-001,CONTEXT
8,1,BLANK,DV09-001,CONTEXT
9,1,BLANK,DV09-001,CONTEXT
10,2,PAGE_MARKER,DV09-001,CONTEXT
11,2,BLANK,DV09-001,CONTEXT
12,2,BLANK,DV09-001,CONTEXT
13,2,BLANK,DV09-001,CONTEXT
14,2,BLANK,DV09-001,CONTEXT
15,2,BLANK,DV09-001,CONTEXT
16,2,BOILERPLATE,DV09-001,CONTEXT
17,2,BOILERPLATE,DV09-001,CONTEXT
18,2,REVIEWED_TEXT,DV09-001,CONTEXT
19,2,BLANK,DV09-001,CONTEXT
20,3,PAGE_MARKER,DV09-001,CONTEXT
21,3,BOILERPLATE,DV09-001,CONTEXT
22,3,BOILERPLATE,DV09-001,CONTEXT
23,3,BLANK,DV09-001,CONTEXT
24,3,BOILERPLATE,DV09-001,CONTEXT
25,3,BOILERPLATE,DV09-001,CONTEXT
26,3,BLANK,DV09-001,CONTEXT
27,4,PAGE_MARKER,DV09-001,CONTEXT
28,4,BOILERPLATE,DV09-001,CONTEXT
29,4,BOILERPLATE,DV09-001,CONTEXT
30,4,BLANK,DV09-001,CONTEXT
31,4,BOILERPLATE,DV09-001,CONTEXT
32,4,BOILERPLATE,DV09-001,CONTEXT
33,4,REVIEWED_TEXT,DV09-001,CONTEXT
34,4,REVIEWED_TEXT,DV09-001,CONTEXT
35,4,BOILERPLATE,DV09-001,CONTEXT
36,4,REVIEWED_TEXT,DV09-001,CONTEXT
37,4,BOILERPLATE,DV09-001,CONTEXT
38,4,REVIEWED_TEXT,DV09-001,CONTEXT
39,4,BOILERPLATE,DV09-001,CONTEXT
40,4,REVIEWED_TEXT,DV09-001,CONTEXT
41,4,BOILERPLATE,DV09-001,CONTEXT
42,4,REVIEWED_TEXT,DV09-001,CONTEXT
43,4,BLANK,DV09-001,CONTEXT
44,5,PAGE_MARKER,DV09-002,BOUNDARY
45,5,BOILERPLATE,DV09-002,BOUNDARY
46,5,BOILERPLATE,DV09-002,BOUNDARY
47,5,BLANK,DV09-002,BOUNDARY
48,5,BOILERPLATE,DV09-002,BOUNDARY
49,5,BOILERPLATE,DV09-002,BOUNDARY
50,5,REVIEWED_TEXT,DV09-002,BOUNDARY
51,5,BLANK,DV09-002,BOUNDARY
52,5,BLANK,DV09-002,BOUNDARY
53,5,BLANK,DV09-002,BOUNDARY
54,5,BLANK,DV09-002,BOUNDARY
55,5,BLANK,DV09-002,BOUNDARY
56,5,BLANK,DV09-002,BOUNDARY
57,5,BLANK,DV09-002,BOUNDARY
58,5,BLANK,DV09-002,BOUNDARY
59,5,BLANK,DV09-002,BOUNDARY
60,5,BLANK,DV09-002,BOUNDARY
61,5,BLANK,DV09-002,BOUNDARY
62,5,BLANK,DV09-002,BOUNDARY
63,5,BLANK,DV09-002,BOUNDARY
64,5,BLANK,DV09-002,BOUNDARY
65,5,BLANK,DV09-002,BOUNDARY
66,5,BLANK,DV09-002,BOUNDARY
67,5,BLANK,DV09-002,BOUNDARY
68,5,BLANK,DV09-002,BOUNDARY
69,5,BLANK,DV09-002,BOUNDARY
70,5,BLANK,DV09-002,BOUNDARY
71,5,BLANK,DV09-002,BOUNDARY
72,5,BLANK,DV09-002,BOUNDARY
73,5,BLANK,DV09-002,BOUNDARY
74,5,BLANK,DV09-002,BOUNDARY
75,5,BLANK,DV09-002,BOUNDARY
76,5,BLANK,DV09-002,BOUNDARY
77,5,BLANK,DV09-002,BOUNDARY
78,5,BLANK,DV09-002,BOUNDARY
79,5,BLANK,DV09-002,BOUNDARY
80,5,BLANK,DV09-002,BOUNDARY
81,5,BLANK,DV09-002,BOUNDARY
82,5,BLANK,DV09-002,BOUNDARY
83,5,BLANK,DV09-002,BOUNDARY
84,5,BLANK,DV09-002,BOUNDARY
85,5,BLANK,DV09-002,BOUNDARY
86,5,BLANK,DV09-002,BOUNDARY
87,5,BLANK,DV09-002,BOUNDARY
88,5,BLANK,DV09-002,BOUNDARY
89,5,BLANK,DV09-002,BOUNDARY
90,5,BLANK,DV09-002,BOUNDARY
91,5,BLANK,DV09-002,BOUNDARY
92,5,BLANK,DV09-002,BOUNDARY
93,5,BLANK,DV09-002,BOUNDARY
94,5,BLANK,DV09-002,BOUNDARY
95,5,BLANK,DV09-002,BOUNDARY
96,5,BLANK,DV09-002,BOUNDARY
97,5,BLANK,DV09-002,BOUNDARY
98,5,BLANK,DV09-002,BOUNDARY
99,5,BLANK,DV09-002,BOUNDARY
100,5,BLANK,DV09-002,BOUNDARY
101,5,BLANK,DV09-002,BOUNDARY
102,5,BLANK,DV09-002,BOUNDARY
103,5,BLANK,DV09-002,BOUNDARY
104,5,BLANK,DV09-002,BOUNDARY
105,5,BLANK,DV09-002,BOUNDARY
106,5,BLANK,DV09-002,BOUNDARY
107,5,BLANK,DV09-002,BOUNDARY
108,5,BLANK,DV09-002,BOUNDARY
109,5,BLANK,DV09-002,BOUNDARY
110,5,BLANK,DV09-002,BOUNDARY
111,5,BLANK,DV09-002,BOUNDARY
112,5,BLANK,DV09-002,BOUNDARY
113,5,BLANK,DV09-002,BOUNDARY
114,5,BLANK,DV09-002,BOUNDARY
115,5,BLANK,DV09-002,BOUNDARY
116,5,BLANK,DV09-002,BOUNDARY
117,5,BLANK,DV09-002,BOUNDARY
118,5,BLANK,DV09-002,BOUNDARY
119,5,BLANK,DV09-002,BOUNDARY
120,5,BLANK,DV09-002,BOUNDARY
121,5,REVIEWED_TEXT,DV09-002,BOUNDARY
122,5,REVIEWED_TEXT,DV09-002,BOUNDARY
123,5,REVIEWED_TEXT,DV09-002,BOUNDARY
124,5,REVIEWED_TEXT,DV09-002,BOUNDARY
125,5,REVIEWED_TEXT,DV09-002,BOUNDARY
126,5,BLANK,DV09-002,BOUNDARY
127,5,BLANK,DV09-002,BOUNDARY
128,5,BLANK,DV09-002,BOUNDARY
129,5,BLANK,DV09-002,BOUNDARY
130,5,BLANK,DV09-002,BOUNDARY
131,5,BLANK,DV09-002,BOUNDARY
132,5,BLANK,DV09-002,BOUNDARY
133,5,REVIEWED_TEXT,DV09-002,BOUNDARY
134,5,BLANK,DV09-002,BOUNDARY
135,5,REVIEWED_TEXT,DV09-002,BOUNDARY
136,5,REVIEWED_TEXT,DV09-002,BOUNDARY
137,5,BLANK,DV09-002,BOUNDARY
138,5,BLANK,DV09-002,BOUNDARY
139,5,BLANK,DV09-002,BOUNDARY
140,5,BLANK,DV09-002,BOUNDARY
141,5,BLANK,DV09-002,BOUNDARY
142,5,BLANK,DV09-002,BOUNDARY
143,5,BLANK,DV09-002,BOUNDARY
144,5,BLANK,DV09-002,BOUNDARY
145,5,BLANK,DV09-002,BOUNDARY
146,6,PAGE_MARKER,DV09-002,BOUNDARY
147,6,BOILERPLATE,DV09-002,BOUNDARY
148,6,BOILERPLATE,DV09-002,BOUNDARY
149,6,BLANK,DV09-002,BOUNDARY
150,6,BOILERPLATE,DV09-002,BOUNDARY
151,6,BOILERPLATE,DV09-002,BOUNDARY
152,6,REVIEWED_TEXT,DV09-002,BOUNDARY
153,6,REVIEWED_TEXT,DV09-002,BOUNDARY
154,6,REVIEWED_TEXT,DV09-002,BOUNDARY
155,6,REVIEWED_TEXT,DV09-002,BOUNDARY
156,6,BLANK,DV09-002,BOUNDARY
157,7,PAGE_MARKER,DV09-002,BOUNDARY
158,7,BOILERPLATE,DV09-002,BOUNDARY
159,7,BOILERPLATE,DV09-002,BOUNDARY
160,7,BLANK,DV09-002,BOUNDARY
161,7,BOILERPLATE,DV09-002,BOUNDARY
162,7,BOILERPLATE,DV09-002,BOUNDARY
163,7,REVIEWED_TEXT,DV09-002,BOUNDARY
164,7,REVIEWED_TEXT,DV09-002,BOUNDARY
165,7,REVIEWED_TEXT,DV09-002,BOUNDARY
166,7,BLANK,DV09-002,BOUNDARY
167,7,BLANK,DV09-002,BOUNDARY
168,7,BLANK,DV09-002,BOUNDARY
169,7,BLANK,DV09-002,BOUNDARY
170,7,BLANK,DV09-002,BOUNDARY
171,7,BLANK,DV09-002,BOUNDARY
172,7,BLANK,DV09-002,BOUNDARY
173,7,BLANK,DV09-002,BOUNDARY
174,7,BLANK,DV09-002,BOUNDARY
175,7,BLANK,DV09-002,BOUNDARY
176,7,BLANK,DV09-002,BOUNDARY
177,7,BLANK,DV09-002,BOUNDARY
178,7,BLANK,DV09-002,BOUNDARY
179,7,BLANK,DV09-002,BOUNDARY
180,7,BLANK,DV09-002,BOUNDARY
181,7,BLANK,DV09-002,BOUNDARY
182,7,BLANK,DV09-002,BOUNDARY
183,7,BLANK,DV09-002,BOUNDARY
184,7,BLANK,DV09-002,BOUNDARY
185,7,BLANK,DV09-002,BOUNDARY
186,7,BLANK,DV09-002,BOUNDARY
187,7,BLANK,DV09-002,BOUNDARY
188,7,BLANK,DV09-002,BOUNDARY
189,7,BLANK,DV09-002,BOUNDARY
190,7,BLANK,DV09-002,BOUNDARY
191,7,BLANK,DV09-002,BOUNDARY
192,7,BLANK,DV09-002,BOUNDARY
193,7,BLANK,DV09-002,BOUNDARY
194,7,BLANK,DV09-002,BOUNDARY
195,7,BLANK,DV09-002,BOUNDARY
196,7,BLANK,DV09-002,BOUNDARY
197,7,BLANK,DV09-002,BOUNDARY
198,7,BLANK,DV09-002,BOUNDARY
199,7,BLANK,DV09-002,BOUNDARY
200,7,BLANK,DV09-002,BOUNDARY
201,7,BLANK,DV09-002,BOUNDARY
202,7,BLANK,DV09-002,BOUNDARY
203,7,BLANK,DV09-002,BOUNDARY
204,7,BLANK,DV09-002,BOUNDARY
205,7,BLANK,DV09-002,BOUNDARY
206,7,BLANK,DV09-002,BOUNDARY
207,7,BLANK,DV09-002,BOUNDARY
208,7,BLANK,DV09-002,BOUNDARY
209,7,BLANK,DV09-002,BOUNDARY
210,7,BLANK,DV09-002,BOUNDARY
211,7,BLANK,DV09-002,BOUNDARY
212,7,BLANK,DV09-002,BOUNDARY
213,7,BLANK,DV09-002,BOUNDARY
214,7,BLANK,DV09-002,BOUNDARY
215,7,BLANK,DV09-002,BOUNDARY
216,7,BLANK,DV09-002,BOUNDARY
217,7,BLANK,DV09-002,BOUNDARY
218,7,BLANK,DV09-002,BOUNDARY
219,7,BLANK,DV09-002,BOUNDARY
220,7,BLANK,DV09-002,BOUNDARY
221,7,BLANK,DV09-002,BOUNDARY
222,7,BLANK,DV09-002,BOUNDARY
223,7,BLANK,DV09-002,BOUNDARY
224,7,BLANK,DV09-002,BOUNDARY
225,7,BLANK,DV09-002,BOUNDARY
226,7,BLANK,DV09-002,BOUNDARY
227,7,BLANK,DV09-002,BOUNDARY
228,7,BLANK,DV09-002,BOUNDARY
229,7,BLANK,DV09-002,BOUNDARY
230,7,BLANK,DV09-002,BOUNDARY
231,7,BLANK,DV09-002,BOUNDARY
232,7,BLANK,DV09-002,BOUNDARY
233,7,BLANK,DV09-002,BOUNDARY
234,7,BLANK,DV09-002,BOUNDARY
235,7,BLANK,DV09-002,BOUNDARY
236,7,BLANK,DV09-002,BOUNDARY
237,7,BLANK,DV09-002,BOUNDARY
238,7,BLANK,DV09-002,BOUNDARY
239,7,BLANK,DV09-002,BOUNDARY
240,7,BLANK,DV09-002,BOUNDARY
241,7,BLANK,DV09-002,BOUNDARY
242,7,BLANK,DV09-002,BOUNDARY
243,7,BLANK,DV09-002,BOUNDARY
244,7,BLANK,DV09-002,BOUNDARY
245,7,BLANK,DV09-002,BOUNDARY
246,7,BLANK,DV09-002,BOUNDARY
247,7,BLANK,DV09-002,BOUNDARY
248,7,BLANK,DV09-002,BOUNDARY
249,7,BLANK,DV09-002,BOUNDARY
250,7,BLANK,DV09-002,BOUNDARY
251,7,BLANK,DV09-002,BOUNDARY
252,7,BLANK,DV09-002,BOUNDARY
253,7,BLANK,DV09-002,BOUNDARY
254,7,BLANK,DV09-002,BOUNDARY
255,7,BLANK,DV09-002,BOUNDARY
256,7,BLANK,DV09-002,BOUNDARY
257,7,BLANK,DV09-002,BOUNDARY
258,7,BLANK,DV09-002,BOUNDARY
259,7,BLANK,DV09-002,BOUNDARY
260,7,BLANK,DV09-002,BOUNDARY
261,7,BLANK,DV09-002,BOUNDARY
262,7,BLANK,DV09-002,BOUNDARY
263,7,BLANK,DV09-002,BOUNDARY
264,7,BLANK,DV09-002,BOUNDARY
265,7,BLANK,DV09-002,BOUNDARY
266,7,BLANK,DV09-002,BOUNDARY
267,7,BLANK,DV09-002,BOUNDARY
268,7,BLANK,DV09-002,BOUNDARY
269,7,BLANK,DV09-002,BOUNDARY
270,7,BLANK,DV09-002,BOUNDARY
271,7,BLANK,DV09-002,BOUNDARY
272,7,BLANK,DV09-002,BOUNDARY
273,7,BLANK,DV09-002,BOUNDARY
274,7,BLANK,DV09-002,BOUNDARY
275,7,BLANK,DV09-002,BOUNDARY
276,7,BLANK,DV09-002,BOUNDARY
277,7,BLANK,DV09-002,BOUNDARY
278,7,BLANK,DV09-002,BOUNDARY
279,7,BLANK,DV09-002,BOUNDARY
280,7,BLANK,DV09-002,BOUNDARY
281,7,BLANK,DV09-002,BOUNDARY
282,7,BLANK,DV09-002,BOUNDARY
283,7,BLANK,DV09-002,BOUNDARY
284,7,BLANK,DV09-002,BOUNDARY
285,7,BLANK,DV09-002,BOUNDARY
286,7,BLANK,DV09-002,BOUNDARY
287,7,BLANK,DV09-002,BOUNDARY
288,7,BLANK,DV09-002,BOUNDARY
289,7,BLANK,DV09-002,BOUNDARY
290,7,BLANK,DV09-002,BOUNDARY
291,7,BLANK,DV09-002,BOUNDARY
292,7,BLANK,DV09-002,BOUNDARY
293,7,BLANK,DV09-002,BOUNDARY
294,7,BLANK,DV09-002,BOUNDARY
295,7,BLANK,DV09-002,BOUNDARY
296,7,BLANK,DV09-002,BOUNDARY
297,7,BLANK,DV09-002,BOUNDARY
298,7,BLANK,DV09-002,BOUNDARY
299,7,BLANK,DV09-002,BOUNDARY
300,7,BLANK,DV09-002,BOUNDARY
301,7,BLANK,DV09-002,BOUNDARY
302,7,BLANK,DV09-002,BOUNDARY
303,7,BLANK,DV09-002,BOUNDARY
304,7,BLANK,DV09-002,BOUNDARY
305,7,BLANK,DV09-002,BOUNDARY
306,7,BLANK,DV09-002,BOUNDARY
307,7,BLANK,DV09-002,BOUNDARY
308,7,BLANK,DV09-002,BOUNDARY
309,7,BLANK,DV09-002,BOUNDARY
310,7,BLANK,DV09-002,BOUNDARY
311,7,BLANK,DV09-002,BOUNDARY
312,7,BLANK,DV09-002,BOUNDARY
313,7,BLANK,DV09-002,BOUNDARY
314,7,BLANK,DV09-002,BOUNDARY
315,7,BLANK,DV09-002,BOUNDARY
316,7,BLANK,DV09-002,BOUNDARY
317,7,BLANK,DV09-002,BOUNDARY
318,7,BLANK,DV09-002,BOUNDARY
319,7,BLANK,DV09-002,BOUNDARY
320,7,BLANK,DV09-002,BOUNDARY
321,7,BLANK,DV09-002,BOUNDARY
322,7,BLANK,DV09-002,BOUNDARY
323,7,BLANK,DV09-002,BOUNDARY
324,7,BLANK,DV09-002,BOUNDARY
325,7,BLANK,DV09-002,BOUNDARY
326,7,BLANK,DV09-002,BOUNDARY
327,7,BLANK,DV09-002,BOUNDARY
328,7,BLANK,DV09-002,BOUNDARY
329,7,BLANK,DV09-002,BOUNDARY
330,7,BLANK,DV09-002,BOUNDARY
331,7,BLANK,DV09-002,BOUNDARY
332,7,BLANK,DV09-002,BOUNDARY
333,7,BLANK,DV09-002,BOUNDARY
334,7,BLANK,DV09-002,BOUNDARY
335,7,BLANK,DV09-002,BOUNDARY
336,7,BLANK,DV09-002,BOUNDARY
337,7,BLANK,DV09-002,BOUNDARY
338,7,BLANK,DV09-002,BOUNDARY
339,7,BLANK,DV09-002,BOUNDARY
340,7,BLANK,DV09-002,BOUNDARY
341,7,BLANK,DV09-002,BOUNDARY
342,7,BLANK,DV09-002,BOUNDARY
343,7,BLANK,DV09-002,BOUNDARY
344,7,BLANK,DV09-002,BOUNDARY
345,7,BLANK,DV09-002,BOUNDARY
346,7,BLANK,DV09-002,BOUNDARY
347,7,BLANK,DV09-002,BOUNDARY
348,7,BLANK,DV09-002,BOUNDARY
349,7,BLANK,DV09-002,BOUNDARY
350,7,BLANK,DV09-002,BOUNDARY
351,7,BLANK,DV09-002,BOUNDARY
352,7,BLANK,DV09-002,BOUNDARY
353,7,BLANK,DV09-002,BOUNDARY
354,7,BLANK,DV09-002,BOUNDARY
355,7,BLANK,DV09-002,BOUNDARY
356,7,BLANK,DV09-002,BOUNDARY
357,7,BLANK,DV09-002,BOUNDARY
358,7,BLANK,DV09-002,BOUNDARY
359,7,BLANK,DV09-002,BOUNDARY
360,7,BLANK,DV09-002,BOUNDARY
361,7,BLANK,DV09-002,BOUNDARY
362,7,BLANK,DV09-002,BOUNDARY
363,7,REVIEWED_TEXT,DV09-002,BOUNDARY
364,7,REVIEWED_TEXT,DV09-002,BOUNDARY
365,7,REVIEWED_TEXT,DV09-002,BOUNDARY
366,7,BLANK,DV09-002,BOUNDARY
367,7,BLANK,DV09-002,BOUNDARY
368,7,BLANK,DV09-002,BOUNDARY
369,7,BLANK,DV09-002,BOUNDARY
370,7,BLANK,DV09-002,BOUNDARY
371,7,BLANK,DV09-002,BOUNDARY
372,7,BLANK,DV09-002,BOUNDARY
373,7,BLANK,DV09-002,BOUNDARY
374,7,REVIEWED_TEXT,DV09-002,BOUNDARY
375,7,REVIEWED_TEXT,DV09-002,BOUNDARY
376,7,REVIEWED_TEXT,DV09-002,BOUNDARY
377,7,BLANK,DV09-002,BOUNDARY
378,7,BLANK,DV09-002,BOUNDARY
379,7,REVIEWED_TEXT,DV09-002,BOUNDARY
380,7,REVIEWED_TEXT,DV09-002,BOUNDARY
381,7,BLANK,DV09-002,BOUNDARY
382,7,BLANK,DV09-002,BOUNDARY
383,7,BLANK,DV09-002,BOUNDARY
384,7,BLANK,DV09-002,BOUNDARY
385,7,BLANK,DV09-002,BOUNDARY
386,7,BLANK,DV09-002,BOUNDARY
387,7,BLANK,DV09-002,BOUNDARY
388,7,BLANK,DV09-002,BOUNDARY
389,7,BLANK,DV09-002,BOUNDARY
390,8,PAGE_MARKER,DV09-002,BOUNDARY
391,8,BOILERPLATE,DV09-002,BOUNDARY
392,8,BOILERPLATE,DV09-002,BOUNDARY
393,8,BLANK,DV09-002,BOUNDARY
394,8,BOILERPLATE,DV09-002,BOUNDARY
395,8,BOILERPLATE,DV09-002,BOUNDARY
396,8,REVIEWED_TEXT,DV09-002,BOUNDARY
397,8,REVIEWED_TEXT,DV09-002,BOUNDARY
398,8,REVIEWED_TEXT,DV09-002,BOUNDARY
399,8,REVIEWED_TEXT,DV09-002,BOUNDARY
400,8,BLANK,DV09-002,BOUNDARY
401,8,REVIEWED_TEXT,DV09-002,BOUNDARY
402,8,BLANK,DV09-002,BOUNDARY
403,8,REVIEWED_TEXT,DV09-002,BOUNDARY
404,8,BLANK,DV09-002,BOUNDARY
405,8,REVIEWED_TEXT,DV09-002,BOUNDARY
406,8,REVIEWED_TEXT,DV09-002,BOUNDARY
407,8,REVIEWED_TEXT,DV09-002,BOUNDARY
408,8,REVIEWED_TEXT,DV09-002,BOUNDARY
409,8,BLANK,DV09-002,BOUNDARY
410,9,PAGE_MARKER,DV09-002,BOUNDARY
411,9,BOILERPLATE,DV09-002,BOUNDARY
412,9,BOILERPLATE,DV09-002,BOUNDARY
413,9,BLANK,DV09-002,BOUNDARY
414,9,BOILERPLATE,DV09-002,BOUNDARY
415,9,BOILERPLATE,DV09-002,BOUNDARY
416,9,REVIEWED_TEXT,DV09-002,BOUNDARY
417,9,REVIEWED_TEXT,DV09-002,BOUNDARY
418,9,REVIEWED_TEXT,DV09-002,BOUNDARY
419,9,REVIEWED_TEXT,DV09-002,BOUNDARY
420,9,REVIEWED_TEXT,DV09-002,BOUNDARY
421,9,REVIEWED_TEXT,DV09-002,BOUNDARY
422,9,REVIEWED_TEXT,DV09-002,BOUNDARY
423,9,REVIEWED_TEXT,DV09-002,BOUNDARY
424,9,BLANK,DV09-002,BOUNDARY
425,9,BLANK,DV09-002,BOUNDARY
426,9,REVIEWED_TEXT,DV09-002,BOUNDARY
427,9,BLANK,DV09-002,BOUNDARY
428,9,BLANK,DV09-002,BOUNDARY
429,9,BLANK,DV09-002,BOUNDARY
430,9,BLANK,DV09-002,BOUNDARY
431,9,BLANK,DV09-002,BOUNDARY
432,10,PAGE_MARKER,DV09-002,BOUNDARY
433,10,BOILERPLATE,DV09-002,BOUNDARY
434,10,BOILERPLATE,DV09-002,BOUNDARY
435,10,BLANK,DV09-002,BOUNDARY
436,10,BOILERPLATE,DV09-002,BOUNDARY
437,10,BOILERPLATE,DV09-002,BOUNDARY
438,10,REVIEWED_TEXT,DV09-002,BOUNDARY
439,10,REVIEWED_TEXT,DV09-002,BOUNDARY
440,10,REVIEWED_TEXT,DV09-002,BOUNDARY
441,10,REVIEWED_TEXT,DV09-002,BOUNDARY
442,10,BOILERPLATE,DV09-002,BOUNDARY
443,10,REVIEWED_TEXT,DV09-002,BOUNDARY
444,10,REVIEWED_TEXT,DV09-002,BOUNDARY
445,10,BOILERPLATE,DV09-002,BOUNDARY
446,10,REVIEWED_TEXT,DV09-002,BOUNDARY
447,10,REVIEWED_TEXT,DV09-002,BOUNDARY
448,10,REVIEWED_TEXT,DV09-002,BOUNDARY
449,10,REVIEWED_TEXT,DV09-002,BOUNDARY
450,10,BLANK,DV09-002,BOUNDARY
451,11,PAGE_MARKER,DV09-002,BOUNDARY
452,11,BOILERPLATE,DV09-002,BOUNDARY
453,11,BOILERPLATE,DV09-002,BOUNDARY
454,11,BLANK,DV09-002,BOUNDARY
455,11,BOILERPLATE,DV09-002,BOUNDARY
456,11,BOILERPLATE,DV09-002,BOUNDARY
457,11,REVIEWED_TEXT,DV09-002,BOUNDARY
458,11,REVIEWED_TEXT,DV09-002,BOUNDARY
459,11,BOILERPLATE,DV09-002,BOUNDARY
460,11,REVIEWED_TEXT,DV09-002,BOUNDARY
461,11,BOILERPLATE,DV09-002,BOUNDARY
462,11,REVIEWED_TEXT,DV09-002,BOUNDARY
463,11,BOILERPLATE,DV09-002,BOUNDARY
464,11,REVIEWED_TEXT,DV09-002,BOUNDARY
465,11,BOILERPLATE,DV09-002,BOUNDARY
466,11,REVIEWED_TEXT,DV09-002,BOUNDARY
467,11,BOILERPLATE,DV09-002,BOUNDARY
468,11,REVIEWED_TEXT,DV09-002,BOUNDARY
469,11,BOILERPLATE,DV09-002,BOUNDARY
470,11,REVIEWED_TEXT,DV09-002,BOUNDARY
471,11,BOILERPLATE,DV09-002,BOUNDARY
472,11,REVIEWED_TEXT,DV09-002,BOUNDARY
473,11,BLANK,DV09-002,BOUNDARY
474,12,PAGE_MARKER,DV09-002,BOUNDARY
475,12,BOILERPLATE,DV09-002,BOUNDARY
476,12,BOILERPLATE,DV09-002,BOUNDARY
477,12,BLANK,DV09-002,BOUNDARY
478,12,BOILERPLATE,DV09-002,BOUNDARY
479,12,BOILERPLATE,DV09-002,BOUNDARY
480,12,REVIEWED_TEXT,DV09-002,BOUNDARY
481,12,REVIEWED_TEXT,DV09-002,BOUNDARY
482,12,BOILERPLATE,DV09-002,BOUNDARY
483,12,REVIEWED_TEXT,DV09-002,BOUNDARY
484,12,BOILERPLATE,DV09-002,BOUNDARY
485,12,REVIEWED_TEXT,DV09-002,BOUNDARY
486,12,BOILERPLATE,DV09-002,BOUNDARY
487,12,REVIEWED_TEXT,DV09-002,BOUNDARY
488,12,BOILERPLATE,DV09-002,BOUNDARY
489,12,REVIEWED_TEXT,DV09-002,BOUNDARY
490,12,BOILERPLATE,DV09-002,BOUNDARY
491,12,REVIEWED_TEXT,DV09-002,BOUNDARY
492,12,BOILERPLATE,DV09-002,BOUNDARY
493,12,REVIEWED_TEXT,DV09-002,BOUNDARY
494,12,BOILERPLATE,DV09-002,BOUNDARY
495,12,REVIEWED_TEXT,DV09-002,BOUNDARY
496,12,BOILERPLATE,DV09-002,BOUNDARY
497,12,REVIEWED_TEXT,DV09-002,BOUNDARY
498,12,BLANK,DV09-002,BOUNDARY
499,13,PAGE_MARKER,DV09-002,BOUNDARY
500,13,BOILERPLATE,DV09-002,BOUNDARY
501,13,BOILERPLATE,DV09-002,BOUNDARY
502,13,BLANK,DV09-002,BOUNDARY
503,13,BOILERPLATE,DV09-002,BOUNDARY
504,13,BOILERPLATE,DV09-002,BOUNDARY
505,13,REVIEWED_TEXT,DV09-002,BOUNDARY
506,13,REVIEWED_TEXT,DV09-002,BOUNDARY
507,13,BOILERPLATE,DV09-002,BOUNDARY
508,13,REVIEWED_TEXT,DV09-002,BOUNDARY
509,13,BOILERPLATE,DV09-002,BOUNDARY
510,13,REVIEWED_TEXT,DV09-002,BOUNDARY
511,13,BLANK,DV09-002,BOUNDARY
512,14,PAGE_MARKER,DV09-002,BOUNDARY
513,14,BOILERPLATE,DV09-002,BOUNDARY
514,14,BOILERPLATE,DV09-002,BOUNDARY
515,14,BLANK,DV09-002,BOUNDARY
516,14,BOILERPLATE,DV09-002,BOUNDARY
517,14,BOILERPLATE,DV09-002,BOUNDARY
518,14,REVIEWED_TEXT,DV09-002,BOUNDARY
519,14,REVIEWED_TEXT,DV09-002,BOUNDARY
520,14,BOILERPLATE,DV09-002,BOUNDARY
521,14,REVIEWED_TEXT,DV09-002,BOUNDARY
522,14,BOILERPLATE,DV09-002,BOUNDARY
523,14,REVIEWED_TEXT,DV09-002,BOUNDARY
524,14,BOILERPLATE,DV09-002,BOUNDARY
525,14,REVIEWED_TEXT,DV09-002,BOUNDARY
526,14,BOILERPLATE,DV09-002,BOUNDARY
527,14,REVIEWED_TEXT,DV09-002,BOUNDARY
528,14,BOILERPLATE,DV09-002,BOUNDARY
529,14,REVIEWED_TEXT,DV09-002,BOUNDARY
530,14,BOILERPLATE,DV09-002,BOUNDARY
531,14,REVIEWED_TEXT,DV09-002,BOUNDARY
532,14,BLANK,DV09-002,BOUNDARY
533,15,PAGE_MARKER,DV09-002,BOUNDARY
534,15,BOILERPLATE,DV09-002,BOUNDARY
535,15,BOILERPLATE,DV09-002,BOUNDARY
536,15,BLANK,DV09-002,BOUNDARY
537,15,BOILERPLATE,DV09-002,BOUNDARY
538,15,BOILERPLATE,DV09-002,BOUNDARY
539,15,REVIEWED_TEXT,DV09-002,BOUNDARY
540,15,REVIEWED_TEXT,DV09-002,BOUNDARY
541,15,BOILERPLATE,DV09-002,BOUNDARY
542,15,REVIEWED_TEXT,DV09-002,BOUNDARY
543,15,REVIEWED_TEXT,DV09-002,BOUNDARY
544,15,BOILERPLATE,DV09-002,BOUNDARY
545,15,REVIEWED_TEXT,DV09-002,BOUNDARY
546,15,REVIEWED_TEXT,DV09-002,BOUNDARY
547,15,BOILERPLATE,DV09-002,BOUNDARY
548,15,REVIEWED_TEXT,DV09-002,BOUNDARY
549,15,REVIEWED_TEXT,DV09-002,BOUNDARY
550,15,BOILERPLATE,DV09-002,BOUNDARY
551,15,REVIEWED_TEXT,DV09-002,BOUNDARY
552,15,REVIEWED_TEXT,DV09-002,BOUNDARY
553,15,BOILERPLATE,DV09-002,BOUNDARY
554,15,REVIEWED_TEXT,DV09-002,BOUNDARY
555,15,BLANK,DV09-002,BOUNDARY
556,16,PAGE_MARKER,DV09-002,BOUNDARY
557,16,BOILERPLATE,DV09-002,BOUNDARY
558,16,BOILERPLATE,DV09-002,BOUNDARY
559,16,BLANK,DV09-002,BOUNDARY
560,16,BOILERPLATE,DV09-002,BOUNDARY
561,16,BOILERPLATE,DV09-002,BOUNDARY
562,16,BLANK,DV09-002,BOUNDARY
563,17,PAGE_MARKER,DV09-002,BOUNDARY
564,17,BOILERPLATE,DV09-002,BOUNDARY
565,17,BOILERPLATE,DV09-002,BOUNDARY
566,17,BLANK,DV09-002,BOUNDARY
567,17,BOILERPLATE,DV09-002,BOUNDARY
568,17,BOILERPLATE,DV09-002,BOUNDARY
569,17,REVIEWED_TEXT,DV09-002,BOUNDARY
570,17,REVIEWED_TEXT,DV09-002,BOUNDARY
571,17,REVIEWED_TEXT,DV09-002,BOUNDARY
572,17,BLANK,DV09-002,BOUNDARY
573,17,BLANK,DV09-002,BOUNDARY
574,17,BLANK,DV09-002,BOUNDARY
575,17,BLANK,DV09-002,BOUNDARY
576,17,BLANK,DV09-002,BOUNDARY
577,17,BLANK,DV09-002,BOUNDARY
578,17,BLANK,DV09-002,BOUNDARY
579,17,BLANK,DV09-002,BOUNDARY
580,17,BLANK,DV09-002,BOUNDARY
581,17,BLANK,DV09-002,BOUNDARY
582,17,BLANK,DV09-002,BOUNDARY
583,17,BLANK,DV09-002,BOUNDARY
584,17,BLANK,DV09-002,BOUNDARY
585,17,BLANK,DV09-002,BOUNDARY
586,17,BLANK,DV09-002,BOUNDARY
587,17,BLANK,DV09-002,BOUNDARY
588,17,BLANK,DV09-002,BOUNDARY
589,17,BLANK,DV09-002,BOUNDARY
590,17,BLANK,DV09-002,BOUNDARY
591,17,BLANK,DV09-002,BOUNDARY
592,17,BLANK,DV09-002,BOUNDARY
593,17,BLANK,DV09-002,BOUNDARY
594,17,BLANK,DV09-002,BOUNDARY
595,17,BLANK,DV09-002,BOUNDARY
596,17,BLANK,DV09-002,BOUNDARY
597,17,BLANK,DV09-002,BOUNDARY
598,17,BLANK,DV09-002,BOUNDARY
599,17,BLANK,DV09-002,BOUNDARY
600,17,BLANK,DV09-002,BOUNDARY
601,17,BLANK,DV09-002,BOUNDARY
602,17,BLANK,DV09-002,BOUNDARY
603,17,BLANK,DV09-002,BOUNDARY
604,17,BLANK,DV09-002,BOUNDARY
605,17,BLANK,DV09-002,BOUNDARY
606,17,BLANK,DV09-002,BOUNDARY
607,17,BLANK,DV09-002,BOUNDARY
608,17,BLANK,DV09-002,BOUNDARY
609,17,BLANK,DV09-002,BOUNDARY
610,17,BLANK,DV09-002,BOUNDARY
611,17,BLANK,DV09-002,BOUNDARY
612,17,BLANK,DV09-002,BOUNDARY
613,17,BLANK,DV09-002,BOUNDARY
614,17,BLANK,DV09-002,BOUNDARY
615,17,BLANK,DV09-002,BOUNDARY
616,17,BLANK,DV09-002,BOUNDARY
617,17,BLANK,DV09-002,BOUNDARY
618,17,BLANK,DV09-002,BOUNDARY
619,17,BLANK,DV09-002,BOUNDARY
620,17,BLANK,DV09-002,BOUNDARY
621,17,BLANK,DV09-002,BOUNDARY
622,17,BLANK,DV09-002,BOUNDARY
623,17,BLANK,DV09-002,BOUNDARY
624,17,BLANK,DV09-002,BOUNDARY
625,17,BLANK,DV09-002,BOUNDARY
626,17,BLANK,DV09-002,BOUNDARY
627,17,BLANK,DV09-002,BOUNDARY
628,17,BLANK,DV09-002,BOUNDARY
629,17,BLANK,DV09-002,BOUNDARY
630,17,BLANK,DV09-002,BOUNDARY
631,17,BLANK,DV09-002,BOUNDARY
632,17,BLANK,DV09-002,BOUNDARY
633,17,BLANK,DV09-002,BOUNDARY
634,17,BLANK,DV09-002,BOUNDARY
635,17,BLANK,DV09-002,BOUNDARY
636,17,BLANK,DV09-002,BOUNDARY
637,17,BLANK,DV09-002,BOUNDARY
638,17,BLANK,DV09-002,BOUNDARY
639,17,BLANK,DV09-002,BOUNDARY
640,17,BLANK,DV09-002,BOUNDARY
641,17,BLANK,DV09-002,BOUNDARY
642,17,BLANK,DV09-002,BOUNDARY
643,17,BLANK,DV09-002,BOUNDARY
644,17,BLANK,DV09-002,BOUNDARY
645,17,BLANK,DV09-002,BOUNDARY
646,17,BLANK,DV09-002,BOUNDARY
647,17,BLANK,DV09-002,BOUNDARY
648,17,BLANK,DV09-002,BOUNDARY
649,17,BLANK,DV09-002,BOUNDARY
650,17,BLANK,DV09-002,BOUNDARY
651,17,BLANK,DV09-002,BOUNDARY
652,17,BLANK,DV09-002,BOUNDARY
653,17,BLANK,DV09-002,BOUNDARY
654,17,BLANK,DV09-002,BOUNDARY
655,17,BLANK,DV09-002,BOUNDARY
656,17,BLANK,DV09-002,BOUNDARY
657,17,BLANK,DV09-002,BOUNDARY
658,17,BLANK,DV09-002,BOUNDARY
659,17,BLANK,DV09-002,BOUNDARY
660,17,BLANK,DV09-002,BOUNDARY
661,17,BLANK,DV09-002,BOUNDARY
662,17,BLANK,DV09-002,BOUNDARY
663,17,BLANK,DV09-002,BOUNDARY
664,17,BLANK,DV09-002,BOUNDARY
665,17,BLANK,DV09-002,BOUNDARY
666,17,BLANK,DV09-002,BOUNDARY
667,17,BLANK,DV09-002,BOUNDARY
668,17,BLANK,DV09-002,BOUNDARY
669,17,BLANK,DV09-002,BOUNDARY
670,17,BLANK,DV09-002,BOUNDARY
671,17,BLANK,DV09-002,BOUNDARY
672,17,REVIEWED_TEXT,DV09-002,BOUNDARY
673,17,REVIEWED_TEXT,DV09-002,BOUNDARY
674,17,REVIEWED_TEXT,DV09-002,BOUNDARY
675,17,REVIEWED_TEXT,DV09-002,BOUNDARY
676,17,REVIEWED_TEXT,DV09-002,BOUNDARY
677,17,REVIEWED_TEXT,DV09-002,BOUNDARY
678,17,BLANK,DV09-002,BOUNDARY
679,18,PAGE_MARKER,DV09-002,BOUNDARY
680,18,BOILERPLATE,DV09-002,BOUNDARY
681,18,BOILERPLATE,DV09-002,BOUNDARY
682,18,BLANK,DV09-002,BOUNDARY
683,18,BOILERPLATE,DV09-002,BOUNDARY
684,18,BOILERPLATE,DV09-002,BOUNDARY
685,18,REVIEWED_TEXT,DV09-002,BOUNDARY
686,18,REVIEWED_TEXT,DV09-002,BOUNDARY
687,18,BOILERPLATE,DV09-002,BOUNDARY
688,18,REVIEWED_TEXT,DV09-002,BOUNDARY
689,18,BOILERPLATE,DV09-002,BOUNDARY
690,18,REVIEWED_TEXT,DV09-002,BOUNDARY
691,18,BOILERPLATE,DV09-002,BOUNDARY
692,18,REVIEWED_TEXT,DV09-002,BOUNDARY
693,18,BOILERPLATE,DV09-002,BOUNDARY
694,18,REVIEWED_TEXT,DV09-002,BOUNDARY
695,18,BOILERPLATE,DV09-002,BOUNDARY
696,18,REVIEWED_TEXT,DV09-002,BOUNDARY
697,18,REVIEWED_TEXT,DV09-002,BOUNDARY
698,18,BOILERPLATE,DV09-002,BOUNDARY
699,18,REVIEWED_TEXT,DV09-002,BOUNDARY
700,18,BLANK,DV09-002,BOUNDARY
701,19,PAGE_MARKER,DV09-002,BOUNDARY
702,19,BOILERPLATE,DV09-002,BOUNDARY
703,19,BOILERPLATE,DV09-002,BOUNDARY
704,19,BLANK,DV09-002,BOUNDARY
705,19,BOILERPLATE,DV09-002,BOUNDARY
706,19,BOILERPLATE,DV09-002,BOUNDARY
707,19,REVIEWED_TEXT,DV09-002,BOUNDARY
708,19,REVIEWED_TEXT,DV09-002,BOUNDARY
709,19,BOILERPLATE,DV09-002,BOUNDARY
710,19,REVIEWED_TEXT,DV09-002,BOUNDARY
711,19,BOILERPLATE,DV09-002,BOUNDARY
712,19,REVIEWED_TEXT,DV09-002,BOUNDARY
713,19,BOILERPLATE,DV09-002,BOUNDARY
714,19,REVIEWED_TEXT,DV09-002,BOUNDARY
715,19,BOILERPLATE,DV09-002,BOUNDARY
716,19,REVIEWED_TEXT,DV09-002,BOUNDARY
717,19,BOILERPLATE,DV09-002,BOUNDARY
718,19,REVIEWED_TEXT,DV09-002,BOUNDARY
719,19,REVIEWED_TEXT,DV09-002,BOUNDARY
720,19,BOILERPLATE,DV09-002,BOUNDARY
721,19,REVIEWED_TEXT,DV09-002,BOUNDARY
722,19,BOILERPLATE,DV09-002,BOUNDARY
723,19,REVIEWED_TEXT,DV09-002,BOUNDARY
724,19,BOILERPLATE,DV09-002,BOUNDARY
725,19,REVIEWED_TEXT,DV09-002,BOUNDARY
726,19,BOILERPLATE,DV09-002,BOUNDARY
727,19,REVIEWED_TEXT,DV09-002,BOUNDARY
728,19,BOILERPLATE,DV09-002,BOUNDARY
729,19,REVIEWED_TEXT,DV09-002,BOUNDARY
730,19,BLANK,DV09-002,BOUNDARY
731,20,PAGE_MARKER,DV09-002,BOUNDARY
732,20,BOILERPLATE,DV09-002,BOUNDARY
733,20,BOILERPLATE,DV09-002,BOUNDARY
734,20,BLANK,DV09-002,BOUNDARY
735,20,BOILERPLATE,DV09-002,BOUNDARY
736,20,BOILERPLATE,DV09-002,BOUNDARY
737,20,REVIEWED_TEXT,DV09-002,BOUNDARY
738,20,BLANK,DV09-002,BOUNDARY
739,20,BOILERPLATE,DV09-002,BOUNDARY
740,20,REVIEWED_TEXT,DV09-002,BOUNDARY
741,20,BOILERPLATE,DV09-002,BOUNDARY
742,20,REVIEWED_TEXT,DV09-002,BOUNDARY
743,20,REVIEWED_TEXT,DV09-002,BOUNDARY
744,20,BOILERPLATE,DV09-002,BOUNDARY
745,20,REVIEWED_TEXT,DV09-002,BOUNDARY
746,20,BOILERPLATE,DV09-002,BOUNDARY
747,20,REVIEWED_TEXT,DV09-002,BOUNDARY
748,20,REVIEWED_TEXT,DV09-002,BOUNDARY
749,20,REVIEWED_TEXT,DV09-002,BOUNDARY
750,20,REVIEWED_TEXT,DV09-002,BOUNDARY
751,20,REVIEWED_TEXT,DV09-002,BOUNDARY
752,20,REVIEWED_TEXT,DV09-002,BOUNDARY
753,20,REVIEWED_TEXT,DV09-002,BOUNDARY
754,20,REVIEWED_TEXT,DV09-002,BOUNDARY
755,20,BLANK,DV09-002,BOUNDARY
756,21,PAGE_MARKER,DV09-002,BOUNDARY
757,21,BOILERPLATE,DV09-002,BOUNDARY
758,21,BOILERPLATE,DV09-002,BOUNDARY
759,21,BLANK,DV09-002,BOUNDARY
760,21,BOILERPLATE,DV09-002,BOUNDARY
761,21,BOILERPLATE,DV09-002,BOUNDARY
762,21,REVIEWED_TEXT,DV09-002,BOUNDARY
763,21,REVIEWED_TEXT,DV09-002,BOUNDARY
764,21,BOILERPLATE,DV09-002,BOUNDARY
765,21,REVIEWED_TEXT,DV09-002,BOUNDARY
766,21,BOILERPLATE,DV09-002,BOUNDARY
767,21,REVIEWED_TEXT,DV09-002,BOUNDARY
768,21,BOILERPLATE,DV09-002,BOUNDARY
769,21,REVIEWED_TEXT,DV09-002,BOUNDARY
770,21,BOILERPLATE,DV09-002,BOUNDARY
771,21,REVIEWED_TEXT,DV09-002,BOUNDARY
772,21,BOILERPLATE,DV09-002,BOUNDARY
773,21,REVIEWED_TEXT,DV09-002,BOUNDARY
774,21,BOILERPLATE,DV09-002,BOUNDARY
775,21,REVIEWED_TEXT,DV09-002,BOUNDARY
776,21,BOILERPLATE,DV09-002,BOUNDARY
777,21,REVIEWED_TEXT,DV09-002,BOUNDARY
778,21,BOILERPLATE,DV09-002,BOUNDARY
779,21,REVIEWED_TEXT,DV09-002,BOUNDARY
780,21,BOILERPLATE,DV09-002,BOUNDARY
781,21,REVIEWED_TEXT,DV09-002,BOUNDARY
782,21,BOILERPLATE,DV09-002,BOUNDARY
783,21,REVIEWED_TEXT,DV09-002,BOUNDARY
784,21,BOILERPLATE,DV09-002,BOUNDARY
785,21,REVIEWED_TEXT,DV09-002,BOUNDARY
786,21,BLANK,DV09-002,BOUNDARY
787,22,PAGE_MARKER,DV09-002,BOUNDARY
788,22,BOILERPLATE,DV09-002,BOUNDARY
789,22,BOILERPLATE,DV09-002,BOUNDARY
790,22,BLANK,DV09-002,BOUNDARY
791,22,BOILERPLATE,DV09-002,BOUNDARY
792,22,BOILERPLATE,DV09-002,BOUNDARY
793,22,BLANK,DV09-002,BOUNDARY
794,23,PAGE_MARKER,DV09-002,BOUNDARY
795,23,BOILERPLATE,DV09-002,BOUNDARY
796,23,BOILERPLATE,DV09-002,BOUNDARY
797,23,BLANK,DV09-002,BOUNDARY
798,23,BOILERPLATE,DV09-002,BOUNDARY
799,23,BOILERPLATE,DV09-002,BOUNDARY
800,23,REVIEWED_TEXT,DV09-002,BOUNDARY
801,23,REVIEWED_TEXT,DV09-002,BOUNDARY
802,23,REVIEWED_TEXT,DV09-002,BOUNDARY
803,23,REVIEWED_TEXT,DV09-002,BOUNDARY
804,23,REVIEWED_TEXT,DV09-002,BOUNDARY
805,23,REVIEWED_TEXT,DV09-002,BOUNDARY
806,23,REVIEWED_TEXT,DV09-002,BOUNDARY
807,23,REVIEWED_TEXT,DV09-002,BOUNDARY
808,23,REVIEWED_TEXT,DV09-002,BOUNDARY
809,23,REVIEWED_TEXT,DV09-002,BOUNDARY
810,23,BLANK,DV09-002,BOUNDARY
811,23,BLANK,DV09-002,BOUNDARY
812,23,BLANK,DV09-002,BOUNDARY
813,23,BLANK,DV09-002,BOUNDARY
814,23,BLANK,DV09-002,BOUNDARY
815,23,BLANK,DV09-002,BOUNDARY
816,23,BLANK,DV09-002,BOUNDARY
817,23,BLANK,DV09-002,BOUNDARY
818,24,PAGE_MARKER,DV09-002,BOUNDARY
819,24,BOILERPLATE,DV09-002,BOUNDARY
820,24,BOILERPLATE,DV09-002,BOUNDARY
821,24,BLANK,DV09-002,BOUNDARY
822,24,BOILERPLATE,DV09-002,BOUNDARY
823,24,BOILERPLATE,DV09-002,BOUNDARY
824,24,REVIEWED_TEXT,DV09-002,BOUNDARY
825,24,REVIEWED_TEXT,DV09-002,BOUNDARY
826,24,REVIEWED_TEXT,DV09-002,BOUNDARY
827,24,BLANK,DV09-002,BOUNDARY
828,24,REVIEWED_TEXT,DV09-002,BOUNDARY
829,24,REVIEWED_TEXT,DV09-002,BOUNDARY
830,24,BLANK,DV09-002,BOUNDARY
831,25,PAGE_MARKER,DV09-002,BOUNDARY
832,25,BOILERPLATE,DV09-002,BOUNDARY
833,25,BOILERPLATE,DV09-002,BOUNDARY
834,25,BLANK,DV09-002,BOUNDARY
835,25,BOILERPLATE,DV09-002,BOUNDARY
836,25,BOILERPLATE,DV09-002,BOUNDARY
837,25,REVIEWED_TEXT,DV09-002,BOUNDARY
838,25,REVIEWED_TEXT,DV09-002,BOUNDARY
839,25,REVIEWED_TEXT,DV09-002,BOUNDARY
840,25,REVIEWED_TEXT,DV09-002,BOUNDARY
841,25,REVIEWED_TEXT,DV09-002,BOUNDARY
842,25,REVIEWED_TEXT,DV09-002,BOUNDARY
843,25,REVIEWED_TEXT,DV09-002,BOUNDARY
844,25,REVIEWED_TEXT,DV09-002,BOUNDARY
845,25,REVIEWED_TEXT,DV09-002,BOUNDARY
846,25,REVIEWED_TEXT,DV09-002,BOUNDARY
847,25,BLANK,DV09-002,BOUNDARY
848,26,PAGE_MARKER,DV09-002,BOUNDARY
849,26,BOILERPLATE,DV09-002,BOUNDARY
850,26,BOILERPLATE,DV09-002,BOUNDARY
851,26,BLANK,DV09-002,BOUNDARY
852,26,BOILERPLATE,DV09-002,BOUNDARY
853,26,BOILERPLATE,DV09-002,BOUNDARY
854,26,REVIEWED_TEXT,DV09-002,BOUNDARY
855,26,REVIEWED_TEXT,DV09-002,BOUNDARY
856,26,BOILERPLATE,DV09-002,BOUNDARY
857,26,REVIEWED_TEXT,DV09-002,BOUNDARY
858,26,BOILERPLATE,DV09-002,BOUNDARY
859,26,REVIEWED_TEXT,DV09-002,BOUNDARY
860,26,BOILERPLATE,DV09-002,BOUNDARY
861,26,REVIEWED_TEXT,DV09-002,BOUNDARY
862,26,BLANK,DV09-002,BOUNDARY
863,27,PAGE_MARKER,DV09-002,BOUNDARY
864,27,BOILERPLATE,DV09-002,BOUNDARY
865,27,BOILERPLATE,DV09-002,BOUNDARY
866,27,BLANK,DV09-002,BOUNDARY
867,27,BOILERPLATE,DV09-002,BOUNDARY
868,27,BOILERPLATE,DV09-002,BOUNDARY
869,27,REVIEWED_TEXT,DV09-002,BOUNDARY
870,27,REVIEWED_TEXT,DV09-002,BOUNDARY
871,27,REVIEWED_TEXT,DV09-002,BOUNDARY
872,27,REVIEWED_TEXT,DV09-002,BOUNDARY
873,27,REVIEWED_TEXT,DV09-002,BOUNDARY
874,27,BLANK,DV09-002,BOUNDARY
875,28,PAGE_MARKER,DV09-002,BOUNDARY
876,28,BOILERPLATE,DV09-002,BOUNDARY
877,28,BOILERPLATE,DV09-002,BOUNDARY
878,28,BLANK,DV09-002,BOUNDARY
879,28,BOILERPLATE,DV09-002,BOUNDARY
880,28,BOILERPLATE,DV09-002,BOUNDARY
881,28,REVIEWED_TEXT,DV09-002,BOUNDARY
882,28,REVIEWED_TEXT,DV09-002,BOUNDARY
883,28,BOILERPLATE,DV09-002,BOUNDARY
884,28,REVIEWED_TEXT,DV09-002,BOUNDARY
885,28,REVIEWED_TEXT,DV09-002,BOUNDARY
886,28,REVIEWED_TEXT,DV09-002,BOUNDARY
887,28,BOILERPLATE,DV09-002,BOUNDARY
888,28,REVIEWED_TEXT,DV09-002,BOUNDARY
889,28,REVIEWED_TEXT,DV09-002,BOUNDARY
890,28,REVIEWED_TEXT,DV09-002,BOUNDARY
891,28,REVIEWED_TEXT,DV09-002,BOUNDARY
892,28,BLANK,DV09-002,BOUNDARY
893,28,BOILERPLATE,DV09-002,BOUNDARY
894,28,REVIEWED_TEXT,DV09-002,BOUNDARY
895,28,REVIEWED_TEXT,DV09-002,BOUNDARY
896,28,REVIEWED_TEXT,DV09-002,BOUNDARY
897,28,REVIEWED_TEXT,DV09-002,BOUNDARY
898,28,BLANK,DV09-002,BOUNDARY
899,28,BLANK,DV09-002,BOUNDARY
900,29,PAGE_MARKER,DV09-002,BOUNDARY
901,29,BOILERPLATE,DV09-002,BOUNDARY
902,29,BOILERPLATE,DV09-002,BOUNDARY
903,29,BLANK,DV09-002,BOUNDARY
904,29,BOILERPLATE,DV09-002,BOUNDARY
905,29,BOILERPLATE,DV09-002,BOUNDARY
906,29,REVIEWED_TEXT,DV09-002,BOUNDARY
907,29,BLANK,DV09-002,BOUNDARY
908,29,BLANK,DV09-002,BOUNDARY
909,29,BLANK,DV09-002,BOUNDARY
910,29,BLANK,DV09-002,BOUNDARY
911,29,BLANK,DV09-002,BOUNDARY
912,29,BLANK,DV09-002,BOUNDARY
913,29,BLANK,DV09-002,BOUNDARY
914,29,BLANK,DV09-002,BOUNDARY
915,29,BLANK,DV09-002,BOUNDARY
916,29,BLANK,DV09-002,BOUNDARY
917,29,BLANK,DV09-002,BOUNDARY
918,29,BLANK,DV09-002,BOUNDARY
919,29,BLANK,DV09-002,BOUNDARY
920,29,BLANK,DV09-002,BOUNDARY
921,29,BLANK,DV09-002,BOUNDARY
922,29,BLANK,DV09-002,BOUNDARY
923,29,BLANK,DV09-002,BOUNDARY
924,29,BLANK,DV09-002,BOUNDARY
925,29,BLANK,DV09-002,BOUNDARY
926,29,BLANK,DV09-002,BOUNDARY
927,29,BLANK,DV09-002,BOUNDARY
928,29,BLANK,DV09-002,BOUNDARY
929,29,BLANK,DV09-002,BOUNDARY
930,29,BLANK,DV09-002,BOUNDARY
931,29,BLANK,DV09-002,BOUNDARY
932,29,BLANK,DV09-002,BOUNDARY
933,29,BLANK,DV09-002,BOUNDARY
934,29,BLANK,DV09-002,BOUNDARY
935,29,BLANK,DV09-002,BOUNDARY
936,29,BLANK,DV09-002,BOUNDARY
937,29,BLANK,DV09-002,BOUNDARY
938,29,BLANK,DV09-002,BOUNDARY
939,29,BLANK,DV09-002,BOUNDARY
940,29,BLANK,DV09-002,BOUNDARY
941,29,BLANK,DV09-002,BOUNDARY
942,29,BLANK,DV09-002,BOUNDARY
943,29,BLANK,DV09-002,BOUNDARY
944,29,BLANK,DV09-002,BOUNDARY
945,29,BLANK,DV09-002,BOUNDARY
946,29,BLANK,DV09-002,BOUNDARY
947,29,BLANK,DV09-002,BOUNDARY
948,29,BLANK,DV09-002,BOUNDARY
949,29,BLANK,DV09-002,BOUNDARY
950,29,BLANK,DV09-002,BOUNDARY
951,29,BLANK,DV09-002,BOUNDARY
952,29,BLANK,DV09-002,BOUNDARY
953,29,BLANK,DV09-002,BOUNDARY
954,29,BLANK,DV09-002,BOUNDARY
955,29,BLANK,DV09-002,BOUNDARY
956,29,BLANK,DV09-002,BOUNDARY
957,29,BLANK,DV09-002,BOUNDARY
958,29,BLANK,DV09-002,BOUNDARY
959,29,BLANK,DV09-002,BOUNDARY
960,29,BLANK,DV09-002,BOUNDARY
961,29,BLANK,DV09-002,BOUNDARY
962,29,BLANK,DV09-002,BOUNDARY
963,29,BLANK,DV09-002,BOUNDARY
964,29,BLANK,DV09-002,BOUNDARY
965,29,BLANK,DV09-002,BOUNDARY
966,29,BLANK,DV09-002,BOUNDARY
967,29,BLANK,DV09-002,BOUNDARY
968,29,BLANK,DV09-002,BOUNDARY
969,29,BLANK,DV09-002,BOUNDARY
970,29,BLANK,DV09-002,BOUNDARY
971,29,BLANK,DV09-002,BOUNDARY
972,29,BLANK,DV09-002,BOUNDARY
973,29,BLANK,DV09-002,BOUNDARY
974,29,BLANK,DV09-002,BOUNDARY
975,29,BLANK,DV09-002,BOUNDARY
976,29,BLANK,DV09-002,BOUNDARY
977,29,BLANK,DV09-002,BOUNDARY
978,29,BLANK,DV09-002,BOUNDARY
979,29,BLANK,DV09-002,BOUNDARY
980,29,BLANK,DV09-002,BOUNDARY
981,29,BLANK,DV09-002,BOUNDARY
982,29,BLANK,DV09-002,BOUNDARY
983,29,BLANK,DV09-002,BOUNDARY
984,29,BLANK,DV09-002,BOUNDARY
985,29,BLANK,DV09-002,BOUNDARY
986,29,BLANK,DV09-002,BOUNDARY
987,29,BLANK,DV09-002,BOUNDARY
988,29,BLANK,DV09-002,BOUNDARY
989,29,BLANK,DV09-002,BOUNDARY
990,29,BLANK,DV09-002,BOUNDARY
991,29,BLANK,DV09-002,BOUNDARY
992,29,BLANK,DV09-002,BOUNDARY
993,29,BLANK,DV09-002,BOUNDARY
994,29,BLANK,DV09-002,BOUNDARY
995,29,BLANK,DV09-002,BOUNDARY
996,29,BLANK,DV09-002,BOUNDARY
997,29,BLANK,DV09-002,BOUNDARY
998,29,BLANK,DV09-002,BOUNDARY
999,29,BLANK,DV09-002,BOUNDARY
1000,29,BLANK,DV09-002,BOUNDARY
1001,29,BLANK,DV09-002,BOUNDARY
1002,29,BLANK,DV09-002,BOUNDARY
1003,29,BLANK,DV09-002,BOUNDARY
1004,29,BLANK,DV09-002,BOUNDARY
1005,29,BLANK,DV09-002,BOUNDARY
1006,29,BLANK,DV09-002,BOUNDARY
1007,29,BLANK,DV09-002,BOUNDARY
1008,29,BLANK,DV09-002,BOUNDARY
1009,29,BLANK,DV09-002,BOUNDARY
1010,29,BLANK,DV09-002,BOUNDARY
1011,29,BLANK,DV09-002,BOUNDARY
1012,29,BLANK,DV09-002,BOUNDARY
1013,29,BLANK,DV09-002,BOUNDARY
1014,29,BLANK,DV09-002,BOUNDARY
1015,29,BLANK,DV09-002,BOUNDARY
1016,29,BLANK,DV09-002,BOUNDARY
1017,29,BLANK,DV09-002,BOUNDARY
1018,29,BLANK,DV09-002,BOUNDARY
1019,29,BLANK,DV09-002,BOUNDARY
1020,29,BLANK,DV09-002,BOUNDARY
1021,29,BLANK,DV09-002,BOUNDARY
1022,29,BLANK,DV09-002,BOUNDARY
1023,29,BLANK,DV09-002,BOUNDARY
1024,29,BLANK,DV09-002,BOUNDARY
1025,29,BLANK,DV09-002,BOUNDARY
1026,29,BLANK,DV09-002,BOUNDARY
1027,29,BLANK,DV09-002,BOUNDARY
1028,29,BLANK,DV09-002,BOUNDARY
1029,29,BLANK,DV09-002,BOUNDARY
1030,29,BLANK,DV09-002,BOUNDARY
1031,29,REVIEWED_TEXT,DV09-002,BOUNDARY
1032,29,REVIEWED_TEXT,DV09-002,BOUNDARY
1033,29,REVIEWED_TEXT,DV09-002,BOUNDARY
1034,29,REVIEWED_TEXT,DV09-002,BOUNDARY
1035,29,REVIEWED_TEXT,DV09-002,BOUNDARY
1036,29,REVIEWED_TEXT,DV09-002,BOUNDARY
1037,29,REVIEWED_TEXT,DV09-002,BOUNDARY
1038,29,BLANK,DV09-002,BOUNDARY
1039,29,BLANK,DV09-002,BOUNDARY
1040,29,BLANK,DV09-002,BOUNDARY
1041,29,BLANK,DV09-002,BOUNDARY
1042,29,BLANK,DV09-002,BOUNDARY
1043,29,BLANK,DV09-002,BOUNDARY
1044,29,BLANK,DV09-002,BOUNDARY
1045,29,BLANK,DV09-002,BOUNDARY
1046,29,BLANK,DV09-002,BOUNDARY
1047,29,BLANK,DV09-002,BOUNDARY
1048,29,BLANK,DV09-002,BOUNDARY
1049,29,BLANK,DV09-002,BOUNDARY
1050,29,BLANK,DV09-002,BOUNDARY
1051,29,BLANK,DV09-002,BOUNDARY
1052,29,BLANK,DV09-002,BOUNDARY
1053,29,BLANK,DV09-002,BOUNDARY
1054,29,BLANK,DV09-002,BOUNDARY
1055,29,BLANK,DV09-002,BOUNDARY
1056,29,BLANK,DV09-002,BOUNDARY
1057,29,BLANK,DV09-002,BOUNDARY
1058,29,BLANK,DV09-002,BOUNDARY
1059,29,BLANK,DV09-002,BOUNDARY
1060,29,BLANK,DV09-002,BOUNDARY
1061,29,BLANK,DV09-002,BOUNDARY
1062,29,BLANK,DV09-002,BOUNDARY
1063,29,BLANK,DV09-002,BOUNDARY
1064,29,BLANK,DV09-002,BOUNDARY
1065,29,BLANK,DV09-002,BOUNDARY
1066,29,BLANK,DV09-002,BOUNDARY
1067,29,BLANK,DV09-002,BOUNDARY
1068,29,BLANK,DV09-002,BOUNDARY
1069,29,BLANK,DV09-002,BOUNDARY
1070,29,BLANK,DV09-002,BOUNDARY
1071,29,BLANK,DV09-002,BOUNDARY
1072,29,BLANK,DV09-002,BOUNDARY
1073,29,BLANK,DV09-002,BOUNDARY
1074,29,BLANK,DV09-002,BOUNDARY
1075,29,BLANK,DV09-002,BOUNDARY
1076,29,BLANK,DV09-002,BOUNDARY
1077,29,BLANK,DV09-002,BOUNDARY
1078,29,BLANK,DV09-002,BOUNDARY
1079,29,BLANK,DV09-002,BOUNDARY
1080,29,BLANK,DV09-002,BOUNDARY
1081,29,BLANK,DV09-002,BOUNDARY
1082,29,BLANK,DV09-002,BOUNDARY
1083,29,BLANK,DV09-002,BOUNDARY
1084,29,BLANK,DV09-002,BOUNDARY
1085,29,BLANK,DV09-002,BOUNDARY
1086,29,BLANK,DV09-002,BOUNDARY
1087,29,BLANK,DV09-002,BOUNDARY
1088,29,BLANK,DV09-002,BOUNDARY
1089,29,BLANK,DV09-002,BOUNDARY
1090,29,BLANK,DV09-002,BOUNDARY
1091,29,BLANK,DV09-002,BOUNDARY
1092,29,BLANK,DV09-002,BOUNDARY
1093,29,BLANK,DV09-002,BOUNDARY
1094,29,BLANK,DV09-002,BOUNDARY
1095,29,BLANK,DV09-002,BOUNDARY
1096,29,BLANK,DV09-002,BOUNDARY
1097,29,BLANK,DV09-002,BOUNDARY
1098,29,BLANK,DV09-002,BOUNDARY
1099,29,BLANK,DV09-002,BOUNDARY
1100,29,BLANK,DV09-002,BOUNDARY
1101,29,BLANK,DV09-002,BOUNDARY
1102,29,BLANK,DV09-002,BOUNDARY
1103,29,BLANK,DV09-002,BOUNDARY
1104,29,BLANK,DV09-002,BOUNDARY
1105,29,BLANK,DV09-002,BOUNDARY
1106,29,BLANK,DV09-002,BOUNDARY
1107,29,BLANK,DV09-002,BOUNDARY
1108,29,BLANK,DV09-002,BOUNDARY
1109,29,BLANK,DV09-002,BOUNDARY
1110,29,BLANK,DV09-002,BOUNDARY
1111,29,BLANK,DV09-002,BOUNDARY
1112,29,BLANK,DV09-002,BOUNDARY
1113,29,BLANK,DV09-002,BOUNDARY
1114,29,BLANK,DV09-002,BOUNDARY
1115,29,BLANK,DV09-002,BOUNDARY
1116,29,BLANK,DV09-002,BOUNDARY
1117,29,BLANK,DV09-002,BOUNDARY
1118,29,BLANK,DV09-002,BOUNDARY
1119,29,BLANK,DV09-002,BOUNDARY
1120,29,BLANK,DV09-002,BOUNDARY
1121,29,BLANK,DV09-002,BOUNDARY
1122,29,BLANK,DV09-002,BOUNDARY
1123,29,BLANK,DV09-002,BOUNDARY
1124,29,BLANK,DV09-002,BOUNDARY
1125,29,BLANK,DV09-002,BOUNDARY
1126,29,BLANK,DV09-002,BOUNDARY
1127,29,BLANK,DV09-002,BOUNDARY
1128,29,BLANK,DV09-002,BOUNDARY
1129,29,BLANK,DV09-002,BOUNDARY
1130,29,BLANK,DV09-002,BOUNDARY
1131,29,BLANK,DV09-002,BOUNDARY
1132,29,BLANK,DV09-002,BOUNDARY
1133,29,BLANK,DV09-002,BOUNDARY
1134,29,BLANK,DV09-002,BOUNDARY
1135,29,REVIEWED_TEXT,DV09-002,BOUNDARY
1136,29,REVIEWED_TEXT,DV09-002,BOUNDARY
1137,29,REVIEWED_TEXT,DV09-002,BOUNDARY
1138,29,REVIEWED_TEXT,DV09-002,BOUNDARY
1139,29,REVIEWED_TEXT,DV09-002,BOUNDARY
1140,29,REVIEWED_TEXT,DV09-002,BOUNDARY
1141,29,REVIEWED_TEXT,DV09-002,BOUNDARY
1142,29,REVIEWED_TEXT,DV09-002,BOUNDARY
1143,29,REVIEWED_TEXT,DV09-002,BOUNDARY
1144,29,REVIEWED_TEXT,DV09-002,BOUNDARY
1145,29,BLANK,DV09-002,BOUNDARY
1146,29,BLANK,DV09-002,BOUNDARY
1147,29,BLANK,DV09-002,BOUNDARY
1148,29,BLANK,DV09-002,BOUNDARY
1149,29,BLANK,DV09-002,BOUNDARY
1150,29,BLANK,DV09-002,BOUNDARY
1151,29,BLANK,DV09-002,BOUNDARY
1152,29,BLANK,DV09-002,BOUNDARY
1153,29,BLANK,DV09-002,BOUNDARY
1154,29,BLANK,DV09-002,BOUNDARY
1155,29,BLANK,DV09-002,BOUNDARY
1156,29,BLANK,DV09-002,BOUNDARY
1157,29,BLANK,DV09-002,BOUNDARY
1158,29,BLANK,DV09-002,BOUNDARY
1159,29,BLANK,DV09-002,BOUNDARY
1160,29,BLANK,DV09-002,BOUNDARY
1161,29,BLANK,DV09-002,BOUNDARY
1162,29,BLANK,DV09-002,BOUNDARY
1163,29,BLANK,DV09-002,BOUNDARY
1164,29,BLANK,DV09-002,BOUNDARY
1165,29,BLANK,DV09-002,BOUNDARY
1166,29,BLANK,DV09-002,BOUNDARY
1167,29,BLANK,DV09-002,BOUNDARY
1168,29,BLANK,DV09-002,BOUNDARY
1169,29,BLANK,DV09-002,BOUNDARY
1170,29,BLANK,DV09-002,BOUNDARY
1171,29,BLANK,DV09-002,BOUNDARY
1172,29,BLANK,DV09-002,BOUNDARY
1173,29,BLANK,DV09-002,BOUNDARY
1174,29,BLANK,DV09-002,BOUNDARY
1175,29,BLANK,DV09-002,BOUNDARY
1176,29,BLANK,DV09-002,BOUNDARY
1177,29,BLANK,DV09-002,BOUNDARY
1178,29,BLANK,DV09-002,BOUNDARY
1179,29,BLANK,DV09-002,BOUNDARY
1180,29,BLANK,DV09-002,BOUNDARY
1181,29,BLANK,DV09-002,BOUNDARY
1182,29,BLANK,DV09-002,BOUNDARY
1183,29,BLANK,DV09-002,BOUNDARY
1184,29,BLANK,DV09-002,BOUNDARY
1185,29,BLANK,DV09-002,BOUNDARY
1186,29,BLANK,DV09-002,BOUNDARY
1187,29,BLANK,DV09-002,BOUNDARY
1188,29,BLANK,DV09-002,BOUNDARY
1189,29,BLANK,DV09-002,BOUNDARY
1190,29,BLANK,DV09-002,BOUNDARY
1191,29,BLANK,DV09-002,BOUNDARY
1192,29,BLANK,DV09-002,BOUNDARY
1193,29,BLANK,DV09-002,BOUNDARY
1194,29,BLANK,DV09-002,BOUNDARY
1195,29,BLANK,DV09-002,BOUNDARY
1196,29,BLANK,DV09-002,BOUNDARY
1197,29,BLANK,DV09-002,BOUNDARY
1198,29,BLANK,DV09-002,BOUNDARY
1199,29,BLANK,DV09-002,BOUNDARY
1200,29,BLANK,DV09-002,BOUNDARY
1201,29,BLANK,DV09-002,BOUNDARY
1202,29,BLANK,DV09-002,BOUNDARY
1203,29,BLANK,DV09-002,BOUNDARY
1204,29,BLANK,DV09-002,BOUNDARY
1205,29,BLANK,DV09-002,BOUNDARY
1206,29,BLANK,DV09-002,BOUNDARY
1207,29,BLANK,DV09-002,BOUNDARY
1208,29,BLANK,DV09-002,BOUNDARY
1209,29,BLANK,DV09-002,BOUNDARY
1210,29,BLANK,DV09-002,BOUNDARY
1211,29,BLANK,DV09-002,BOUNDARY
1212,29,BLANK,DV09-002,BOUNDARY
1213,29,BLANK,DV09-002,BOUNDARY
1214,29,BLANK,DV09-002,BOUNDARY
1215,29,BLANK,DV09-002,BOUNDARY
1216,29,BLANK,DV09-002,BOUNDARY
1217,29,BLANK,DV09-002,BOUNDARY
1218,29,BLANK,DV09-002,BOUNDARY
1219,29,BLANK,DV09-002,BOUNDARY
1220,29,BLANK,DV09-002,BOUNDARY
1221,29,BLANK,DV09-002,BOUNDARY
1222,29,BLANK,DV09-002,BOUNDARY
1223,29,BLANK,DV09-002,BOUNDARY
1224,29,BLANK,DV09-002,BOUNDARY
1225,29,BLANK,DV09-002,BOUNDARY
1226,29,BLANK,DV09-002,BOUNDARY
1227,29,BLANK,DV09-002,BOUNDARY
1228,29,BLANK,DV09-002,BOUNDARY
1229,29,BLANK,DV09-002,BOUNDARY
1230,29,BLANK,DV09-002,BOUNDARY
1231,29,BLANK,DV09-002,BOUNDARY
1232,29,BLANK,DV09-002,BOUNDARY
1233,29,BLANK,DV09-002,BOUNDARY
1234,29,BLANK,DV09-002,BOUNDARY
1235,29,BLANK,DV09-002,BOUNDARY
1236,29,BLANK,DV09-002,BOUNDARY
1237,29,BLANK,DV09-002,BOUNDARY
1238,29,BLANK,DV09-002,BOUNDARY
1239,29,BLANK,DV09-002,BOUNDARY
1240,29,BLANK,DV09-002,BOUNDARY
1241,29,BLANK,DV09-002,BOUNDARY
1242,29,BLANK,DV09-002,BOUNDARY
1243,29,BLANK,DV09-002,BOUNDARY
1244,29,BLANK,DV09-002,BOUNDARY
1245,29,BLANK,DV09-002,BOUNDARY
1246,29,BLANK,DV09-002,BOUNDARY
1247,29,BLANK,DV09-002,BOUNDARY
1248,29,BLANK,DV09-002,BOUNDARY
1249,29,BLANK,DV09-002,BOUNDARY
1250,29,BLANK,DV09-002,BOUNDARY
1251,29,BLANK,DV09-002,BOUNDARY
1252,29,BLANK,DV09-002,BOUNDARY
1253,29,BLANK,DV09-002,BOUNDARY
1254,29,BLANK,DV09-002,BOUNDARY
1255,29,BLANK,DV09-002,BOUNDARY
1256,29,BLANK,DV09-002,BOUNDARY
1257,29,BLANK,DV09-002,BOUNDARY
1258,29,BLANK,DV09-002,BOUNDARY
1259,29,BLANK,DV09-002,BOUNDARY
1260,29,BLANK,DV09-002,BOUNDARY
1261,29,BLANK,DV09-002,BOUNDARY
1262,29,BLANK,DV09-002,BOUNDARY
1263,29,BLANK,DV09-002,BOUNDARY
1264,29,BLANK,DV09-002,BOUNDARY
1265,29,BLANK,DV09-002,BOUNDARY
1266,29,REVIEWED_TEXT,DV09-002,BOUNDARY
1267,29,REVIEWED_TEXT,DV09-002,BOUNDARY
1268,29,REVIEWED_TEXT,DV09-002,BOUNDARY
1269,29,REVIEWED_TEXT,DV09-002,BOUNDARY
1270,29,REVIEWED_TEXT,DV09-002,BOUNDARY
1271,29,REVIEWED_TEXT,DV09-002,BOUNDARY
1272,29,REVIEWED_TEXT,DV09-002,BOUNDARY
1273,29,BLANK,DV09-002,BOUNDARY
1274,29,BLANK,DV09-002,BOUNDARY
1275,29,BLANK,DV09-002,BOUNDARY
1276,29,BLANK,DV09-002,BOUNDARY
1277,29,BLANK,DV09-002,BOUNDARY
1278,29,BLANK,DV09-002,BOUNDARY
1279,29,BLANK,DV09-002,BOUNDARY
1280,29,BLANK,DV09-002,BOUNDARY
1281,29,BLANK,DV09-002,BOUNDARY
1282,29,BLANK,DV09-002,BOUNDARY
1283,29,BLANK,DV09-002,BOUNDARY
1284,29,BLANK,DV09-002,BOUNDARY
1285,29,BLANK,DV09-002,BOUNDARY
1286,29,BLANK,DV09-002,BOUNDARY
1287,29,BLANK,DV09-002,BOUNDARY
1288,29,BLANK,DV09-002,BOUNDARY
1289,29,BLANK,DV09-002,BOUNDARY
1290,29,BLANK,DV09-002,BOUNDARY
1291,29,BLANK,DV09-002,BOUNDARY
1292,29,BLANK,DV09-002,BOUNDARY
1293,29,BLANK,DV09-002,BOUNDARY
1294,29,BLANK,DV09-002,BOUNDARY
1295,29,BLANK,DV09-002,BOUNDARY
1296,29,BLANK,DV09-002,BOUNDARY
1297,29,BLANK,DV09-002,BOUNDARY
1298,29,BLANK,DV09-002,BOUNDARY
1299,29,BLANK,DV09-002,BOUNDARY
1300,29,BLANK,DV09-002,BOUNDARY
1301,29,BLANK,DV09-002,BOUNDARY
1302,29,BLANK,DV09-002,BOUNDARY
1303,29,BLANK,DV09-002,BOUNDARY
1304,29,BLANK,DV09-002,BOUNDARY
1305,29,BLANK,DV09-002,BOUNDARY
1306,29,BLANK,DV09-002,BOUNDARY
1307,29,REVIEWED_TEXT,DV09-002,BOUNDARY
1308,29,REVIEWED_TEXT,DV09-002,BOUNDARY
1309,29,REVIEWED_TEXT,DV09-002,BOUNDARY
1310,29,REVIEWED_TEXT,DV09-002,BOUNDARY
1311,29,REVIEWED_TEXT,DV09-002,BOUNDARY
1312,29,REVIEWED_TEXT,DV09-002,BOUNDARY
1313,29,BLANK,DV09-002,BOUNDARY
1314,29,REVIEWED_TEXT,DV09-002,BOUNDARY
1315,29,REVIEWED_TEXT,DV09-002,BOUNDARY
1316,29,REVIEWED_TEXT,DV09-002,BOUNDARY
1317,29,BLANK,DV09-002,BOUNDARY
1318,29,BLANK,DV09-002,BOUNDARY
1319,30,PAGE_MARKER,DV09-002,BOUNDARY
1320,30,BOILERPLATE,DV09-002,BOUNDARY
1321,30,BOILERPLATE,DV09-002,BOUNDARY
1322,30,BLANK,DV09-002,BOUNDARY
1323,30,BOILERPLATE,DV09-002,BOUNDARY
1324,30,BOILERPLATE,DV09-002,BOUNDARY
1325,30,REVIEWED_TEXT,DV09-002,BOUNDARY
1326,30,REVIEWED_TEXT,DV09-002,BOUNDARY
1327,30,BOILERPLATE,DV09-002,BOUNDARY
1328,30,REVIEWED_TEXT,DV09-002,BOUNDARY
1329,30,BOILERPLATE,DV09-002,BOUNDARY
1330,30,REVIEWED_TEXT,DV09-002,BOUNDARY
1331,30,REVIEWED_TEXT,DV09-002,BOUNDARY
1332,30,BOILERPLATE,DV09-002,BOUNDARY
1333,30,REVIEWED_TEXT,DV09-002,BOUNDARY
1334,30,BOILERPLATE,DV09-002,BOUNDARY
1335,30,REVIEWED_TEXT,DV09-002,BOUNDARY
1336,30,REVIEWED_TEXT,DV09-002,BOUNDARY
1337,30,BOILERPLATE,DV09-002,BOUNDARY
1338,30,REVIEWED_TEXT,DV09-002,BOUNDARY
1339,30,BLANK,DV09-002,BOUNDARY
1340,31,PAGE_MARKER,DV09-002,BOUNDARY
1341,31,BOILERPLATE,DV09-002,BOUNDARY
1342,31,BOILERPLATE,DV09-002,BOUNDARY
1343,31,BLANK,DV09-002,BOUNDARY
1344,31,BOILERPLATE,DV09-002,BOUNDARY
1345,31,BOILERPLATE,DV09-002,BOUNDARY
1346,31,REVIEWED_TEXT,DV09-002,BOUNDARY
1347,31,REVIEWED_TEXT,DV09-002,BOUNDARY
1348,31,BOILERPLATE,DV09-002,BOUNDARY
1349,31,REVIEWED_TEXT,DV09-002,BOUNDARY
1350,31,BOILERPLATE,DV09-002,BOUNDARY
1351,31,REVIEWED_TEXT,DV09-002,BOUNDARY
1352,31,BOILERPLATE,DV09-002,BOUNDARY
1353,31,REVIEWED_TEXT,DV09-002,BOUNDARY
1354,31,BOILERPLATE,DV09-002,BOUNDARY
1355,31,REVIEWED_TEXT,DV09-002,BOUNDARY
1356,31,BOILERPLATE,DV09-002,BOUNDARY
1357,31,REVIEWED_TEXT,DV09-002,BOUNDARY
1358,31,BOILERPLATE,DV09-002,BOUNDARY
1359,31,REVIEWED_TEXT,DV09-002,BOUNDARY
1360,31,REVIEWED_TEXT,DV09-002,BOUNDARY
1361,31,BOILERPLATE,DV09-002,BOUNDARY
1362,31,REVIEWED_TEXT,DV09-002,BOUNDARY
1363,31,BOILERPLATE,DV09-002,BOUNDARY
1364,31,REVIEWED_TEXT,DV09-002,BOUNDARY
1365,31,BOILERPLATE,DV09-002,BOUNDARY
1366,31,REVIEWED_TEXT,DV09-002,BOUNDARY
1367,31,BOILERPLATE,DV09-002,BOUNDARY
1368,31,REVIEWED_TEXT,DV09-002,BOUNDARY
1369,31,BOILERPLATE,DV09-002,BOUNDARY
1370,31,REVIEWED_TEXT,DV09-002,BOUNDARY
1371,31,REVIEWED_TEXT,DV09-002,BOUNDARY
1372,31,REVIEWED_TEXT,DV09-002,BOUNDARY
1373,31,REVIEWED_TEXT,DV09-002,BOUNDARY
1374,31,REVIEWED_TEXT,DV09-002,BOUNDARY
1375,31,BLANK,DV09-002,BOUNDARY
1376,32,PAGE_MARKER,DV09-002,BOUNDARY
1377,32,BOILERPLATE,DV09-002,BOUNDARY
1378,32,BOILERPLATE,DV09-002,BOUNDARY
1379,32,BLANK,DV09-002,BOUNDARY
1380,32,BOILERPLATE,DV09-002,BOUNDARY
1381,32,BOILERPLATE,DV09-002,BOUNDARY
1382,32,REVIEWED_TEXT,DV09-002,BOUNDARY
1383,32,REVIEWED_TEXT,DV09-002,BOUNDARY
1384,32,BOILERPLATE,DV09-002,BOUNDARY
1385,32,REVIEWED_TEXT,DV09-002,BOUNDARY
1386,32,BOILERPLATE,DV09-002,BOUNDARY
1387,32,REVIEWED_TEXT,DV09-002,BOUNDARY
1388,32,BOILERPLATE,DV09-002,BOUNDARY
1389,32,REVIEWED_TEXT,DV09-002,BOUNDARY
1390,32,BOILERPLATE,DV09-002,BOUNDARY
1391,32,REVIEWED_TEXT,DV09-002,BOUNDARY
1392,32,BOILERPLATE,DV09-002,BOUNDARY
1393,32,REVIEWED_TEXT,DV09-002,BOUNDARY
1394,32,BOILERPLATE,DV09-002,BOUNDARY
1395,32,REVIEWED_TEXT,DV09-002,BOUNDARY
1396,32,BOILERPLATE,DV09-002,BOUNDARY
1397,32,REVIEWED_TEXT,DV09-002,BOUNDARY
1398,32,BOILERPLATE,DV09-002,BOUNDARY
1399,32,REVIEWED_TEXT,DV09-002,BOUNDARY
1400,32,BOILERPLATE,DV09-002,BOUNDARY
1401,32,REVIEWED_TEXT,DV09-002,BOUNDARY
1402,32,BOILERPLATE,DV09-002,BOUNDARY
1403,32,REVIEWED_TEXT,DV09-002,BOUNDARY
1404,32,BOILERPLATE,DV09-002,BOUNDARY
1405,32,REVIEWED_TEXT,DV09-002,BOUNDARY
1406,32,BOILERPLATE,DV09-002,BOUNDARY
1407,32,REVIEWED_TEXT,DV09-002,BOUNDARY
1408,32,BOILERPLATE,DV09-002,BOUNDARY
1409,32,REVIEWED_TEXT,DV09-002,BOUNDARY
1410,32,BOILERPLATE,DV09-002,BOUNDARY
1411,32,REVIEWED_TEXT,DV09-002,BOUNDARY
1412,32,BLANK,DV09-002,BOUNDARY
1413,33,PAGE_MARKER,DV09-002,BOUNDARY
1414,33,BOILERPLATE,DV09-002,BOUNDARY
1415,33,BOILERPLATE,DV09-002,BOUNDARY
1416,33,BLANK,DV09-002,BOUNDARY
1417,33,BOILERPLATE,DV09-002,BOUNDARY
1418,33,BOILERPLATE,DV09-002,BOUNDARY
1419,33,REVIEWED_TEXT,DV09-002,BOUNDARY
1420,33,REVIEWED_TEXT,DV09-002,BOUNDARY
1421,33,BOILERPLATE,DV09-002,BOUNDARY
1422,33,REVIEWED_TEXT,DV09-002,BOUNDARY
1423,33,BOILERPLATE,DV09-002,BOUNDARY
1424,33,REVIEWED_TEXT,DV09-002,BOUNDARY
1425,33,BOILERPLATE,DV09-002,BOUNDARY
1426,33,REVIEWED_TEXT,DV09-002,BOUNDARY
1427,33,BOILERPLATE,DV09-002,BOUNDARY
1428,33,REVIEWED_TEXT,DV09-002,BOUNDARY
1429,33,REVIEWED_TEXT,DV09-002,BOUNDARY
1430,33,REVIEWED_TEXT,DV09-002,BOUNDARY
1431,33,REVIEWED_TEXT,DV09-002,BOUNDARY
1432,33,REVIEWED_TEXT,DV09-002,BOUNDARY
1433,33,REVIEWED_TEXT,DV09-002,BOUNDARY
1434,33,BLANK,DV09-002,BOUNDARY
1435,34,PAGE_MARKER,DV09-002,BOUNDARY
1436,34,BOILERPLATE,DV09-002,BOUNDARY
1437,34,BOILERPLATE,DV09-002,BOUNDARY
1438,34,BLANK,DV09-002,BOUNDARY
1439,34,BOILERPLATE,DV09-002,BOUNDARY
1440,34,BOILERPLATE,DV09-002,BOUNDARY
1441,34,REVIEWED_TEXT,DV09-002,BOUNDARY
1442,34,REVIEWED_TEXT,DV09-002,BOUNDARY
1443,34,BOILERPLATE,DV09-002,BOUNDARY
1444,34,REVIEWED_TEXT,DV09-002,BOUNDARY
1445,34,REVIEWED_TEXT,DV09-002,BOUNDARY
1446,34,BOILERPLATE,DV09-002,BOUNDARY
1447,34,REVIEWED_TEXT,DV09-002,BOUNDARY
1448,34,BOILERPLATE,DV09-002,BOUNDARY
1449,34,REVIEWED_TEXT,DV09-002,BOUNDARY
1450,34,BOILERPLATE,DV09-002,BOUNDARY
1451,34,REVIEWED_TEXT,DV09-002,BOUNDARY
1452,34,BOILERPLATE,DV09-002,BOUNDARY
1453,34,REVIEWED_TEXT,DV09-002,BOUNDARY
1454,34,BOILERPLATE,DV09-002,BOUNDARY
1455,34,REVIEWED_TEXT,DV09-002,BOUNDARY
1456,34,REVIEWED_TEXT,DV09-002,BOUNDARY
1457,34,REVIEWED_TEXT,DV09-002,BOUNDARY
1458,34,BLANK,DV09-002,BOUNDARY
1459,35,PAGE_MARKER,DV09-002,BOUNDARY
1460,35,BOILERPLATE,DV09-002,BOUNDARY
1461,35,BOILERPLATE,DV09-002,BOUNDARY
1462,35,BLANK,DV09-002,BOUNDARY
1463,35,BOILERPLATE,DV09-002,BOUNDARY
1464,35,BOILERPLATE,DV09-002,BOUNDARY
1465,35,BLANK,DV09-002,BOUNDARY
1466,36,PAGE_MARKER,DV09-002,BOUNDARY
1467,36,BOILERPLATE,DV09-002,BOUNDARY
1468,36,BOILERPLATE,DV09-002,BOUNDARY
1469,36,BLANK,DV09-002,BOUNDARY
1470,36,BOILERPLATE,DV09-002,BOUNDARY
1471,36,BOILERPLATE,DV09-002,BOUNDARY
1472,36,REVIEWED_TEXT,DV09-002,BOUNDARY
1473,36,REVIEWED_TEXT,DV09-002,BOUNDARY
1474,36,BOILERPLATE,DV09-002,BOUNDARY
1475,36,REVIEWED_TEXT,DV09-002,BOUNDARY
1476,36,BOILERPLATE,DV09-002,BOUNDARY
1477,36,REVIEWED_TEXT,DV09-002,BOUNDARY
1478,36,BOILERPLATE,DV09-002,BOUNDARY
1479,36,REVIEWED_TEXT,DV09-002,BOUNDARY
1480,36,BLANK,DV09-002,BOUNDARY
1481,37,PAGE_MARKER,DV09-003,PARTIAL
1482,37,BOILERPLATE,DV09-003,PARTIAL
1483,37,BOILERPLATE,DV09-003,PARTIAL
1484,37,BLANK,DV09-003,PARTIAL
1485,37,BOILERPLATE,DV09-003,PARTIAL
1486,37,BOILERPLATE,DV09-003,PARTIAL
1487,37,REVIEWED_TEXT,DV09-003,PARTIAL
1488,37,REVIEWED_TEXT,DV09-003,PARTIAL
1489,37,REVIEWED_TEXT,DV09-003,PARTIAL
1490,37,BOILERPLATE,DV09-003,PARTIAL
1491,37,REVIEWED_TEXT,DV09-003,PARTIAL
1492,37,BOILERPLATE,DV09-003,PARTIAL
1493,37,REVIEWED_TEXT,DV09-003,PARTIAL
1494,37,BOILERPLATE,DV09-003,PARTIAL
1495,37,REVIEWED_TEXT,DV09-003,PARTIAL
1496,37,REVIEWED_TEXT,DV09-003,PARTIAL
1497,37,REVIEWED_TEXT,DV09-003,PARTIAL
1498,37,REVIEWED_TEXT,DV09-003,PARTIAL
1499,37,BLANK,DV09-003,PARTIAL
1500,38,PAGE_MARKER,DV09-003,PARTIAL
1501,38,BOILERPLATE,DV09-003,PARTIAL
1502,38,BOILERPLATE,DV09-003,PARTIAL
1503,38,BLANK,DV09-003,PARTIAL
1504,38,BOILERPLATE,DV09-003,PARTIAL
1505,38,BOILERPLATE,DV09-003,PARTIAL
1506,38,REVIEWED_TEXT,DV09-003,PARTIAL
1507,38,REVIEWED_TEXT,DV09-003,PARTIAL
1508,38,BLANK,DV09-003,PARTIAL
1509,38,REVIEWED_TEXT,DV09-003,PARTIAL
1510,38,REVIEWED_TEXT,DV09-003,PARTIAL
1511,38,BLANK,DV09-003,PARTIAL
1512,38,REVIEWED_TEXT,DV09-003,PARTIAL
1513,38,REVIEWED_TEXT,DV09-003,PARTIAL
1514,38,BLANK,DV09-003,PARTIAL
1515,38,REVIEWED_TEXT,DV09-003,PARTIAL
1516,38,BLANK,DV09-003,PARTIAL
1517,39,PAGE_MARKER,DV09-003,PARTIAL
1518,39,BOILERPLATE,DV09-003,PARTIAL
1519,39,BOILERPLATE,DV09-003,PARTIAL
1520,39,BLANK,DV09-003,PARTIAL
1521,39,BOILERPLATE,DV09-003,PARTIAL
1522,39,BOILERPLATE,DV09-003,PARTIAL
1523,39,REVIEWED_TEXT,DV09-003,PARTIAL
1524,39,BLANK,DV09-003,PARTIAL
1525,40,PAGE_MARKER,DV09-003,PARTIAL
1526,40,BOILERPLATE,DV09-003,PARTIAL
1527,40,BOILERPLATE,DV09-003,PARTIAL
1528,40,BLANK,DV09-003,PARTIAL
1529,40,BOILERPLATE,DV09-003,PARTIAL
1530,40,BOILERPLATE,DV09-003,PARTIAL
1531,40,BLANK,DV09-003,PARTIAL
1532,41,PAGE_MARKER,DV09-003,PARTIAL
1533,41,BOILERPLATE,DV09-003,PARTIAL
1534,41,BOILERPLATE,DV09-003,PARTIAL
1535,41,BLANK,DV09-003,PARTIAL
1536,41,BOILERPLATE,DV09-003,PARTIAL
1537,41,BOILERPLATE,DV09-003,PARTIAL
1538,41,REVIEWED_TEXT,DV09-003,PARTIAL
1539,41,BLANK,DV09-003,PARTIAL
1540,41,REVIEWED_TEXT,DV09-003,PARTIAL
1541,41,REVIEWED_TEXT,DV09-003,PARTIAL
1542,41,REVIEWED_TEXT,DV09-003,PARTIAL
1543,41,REVIEWED_TEXT,DV09-003,PARTIAL
1544,41,REVIEWED_TEXT,DV09-003,PARTIAL
1545,41,REVIEWED_TEXT,DV09-003,PARTIAL
1546,41,REVIEWED_TEXT,DV09-003,PARTIAL
1547,41,REVIEWED_TEXT,DV09-003,PARTIAL
1548,41,REVIEWED_TEXT,DV09-003,PARTIAL
1549,41,REVIEWED_TEXT,DV09-003,PARTIAL
1550,41,BLANK,DV09-003,PARTIAL
1551,41,REVIEWED_TEXT,DV09-003,PARTIAL
1552,41,BLANK,DV09-003,PARTIAL
1553,41,REVIEWED_TEXT,DV09-003,PARTIAL
1554,41,BLANK,DV09-003,PARTIAL
1555,41,REVIEWED_TEXT,DV09-003,PARTIAL
1556,41,BLANK,DV09-003,PARTIAL
1557,41,REVIEWED_TEXT,DV09-003,PARTIAL
1558,41,BLANK,DV09-003,PARTIAL
1559,41,REVIEWED_TEXT,DV09-003,PARTIAL
1560,41,REVIEWED_TEXT,DV09-003,PARTIAL
1561,41,BLANK,DV09-003,PARTIAL
1562,41,REVIEWED_TEXT,DV09-003,PARTIAL
1563,41,BLANK,DV09-003,PARTIAL
1564,42,PAGE_MARKER,DV09-003,PARTIAL
1565,42,BOILERPLATE,DV09-003,PARTIAL
1566,42,BOILERPLATE,DV09-003,PARTIAL
1567,42,BLANK,DV09-003,PARTIAL
1568,42,BOILERPLATE,DV09-003,PARTIAL
1569,42,BOILERPLATE,DV09-003,PARTIAL
1570,42,REVIEWED_TEXT,DV09-003,PARTIAL
1571,42,REVIEWED_TEXT,DV09-003,PARTIAL
1572,42,REVIEWED_TEXT,DV09-003,PARTIAL
1573,42,BOILERPLATE,DV09-003,PARTIAL
1574,42,REVIEWED_TEXT,DV09-003,PARTIAL
1575,42,BOILERPLATE,DV09-003,PARTIAL
1576,42,REVIEWED_TEXT,DV09-003,PARTIAL
1577,42,BOILERPLATE,DV09-003,PARTIAL
1578,42,REVIEWED_TEXT,DV09-003,PARTIAL
1579,42,BOILERPLATE,DV09-003,PARTIAL
1580,42,REVIEWED_TEXT,DV09-003,PARTIAL
1581,42,BOILERPLATE,DV09-003,PARTIAL
1582,42,REVIEWED_TEXT,DV09-003,PARTIAL
1583,42,BOILERPLATE,DV09-003,PARTIAL
1584,42,REVIEWED_TEXT,DV09-003,PARTIAL
1585,42,BOILERPLATE,DV09-003,PARTIAL
1586,42,REVIEWED_TEXT,DV09-003,PARTIAL
1587,42,BOILERPLATE,DV09-003,PARTIAL
1588,42,REVIEWED_TEXT,DV09-003,PARTIAL
1589,42,BLANK,DV09-003,PARTIAL
1590,43,PAGE_MARKER,DV09-003,PARTIAL
1591,43,BOILERPLATE,DV09-003,PARTIAL
1592,43,BOILERPLATE,DV09-003,PARTIAL
1593,43,BLANK,DV09-003,PARTIAL
1594,43,BOILERPLATE,DV09-003,PARTIAL
1595,43,BOILERPLATE,DV09-003,PARTIAL
1596,43,REVIEWED_TEXT,DV09-003,PARTIAL
1597,43,REVIEWED_TEXT,DV09-003,PARTIAL
1598,43,BOILERPLATE,DV09-003,PARTIAL
1599,43,REVIEWED_TEXT,DV09-003,PARTIAL
1600,43,BOILERPLATE,DV09-003,PARTIAL
1601,43,REVIEWED_TEXT,DV09-003,PARTIAL
1602,43,BLANK,DV09-003,PARTIAL
1603,43,BLANK,DV09-003,PARTIAL
1604,44,PAGE_MARKER,DV09-003,PARTIAL
1605,44,BOILERPLATE,DV09-003,PARTIAL
1606,44,BOILERPLATE,DV09-003,PARTIAL
1607,44,BLANK,DV09-003,PARTIAL
1608,44,BOILERPLATE,DV09-003,PARTIAL
1609,44,BOILERPLATE,DV09-003,PARTIAL
1610,44,BLANK,DV09-003,PARTIAL
1611,45,PAGE_MARKER,DV09-003,PARTIAL
1612,45,BOILERPLATE,DV09-003,PARTIAL
1613,45,BOILERPLATE,DV09-003,PARTIAL
1614,45,BLANK,DV09-003,PARTIAL
1615,45,BOILERPLATE,DV09-003,PARTIAL
1616,45,BOILERPLATE,DV09-003,PARTIAL
1617,45,REVIEWED_TEXT,DV09-003,PARTIAL
1618,45,REVIEWED_TEXT,DV09-003,PARTIAL
1619,45,REVIEWED_TEXT,DV09-003,PARTIAL
1620,45,BLANK,DV09-003,PARTIAL
1621,46,PAGE_MARKER,DV09-003,PARTIAL
1622,46,BOILERPLATE,DV09-003,PARTIAL
1623,46,BOILERPLATE,DV09-003,PARTIAL
1624,46,BLANK,DV09-003,PARTIAL
1625,46,BOILERPLATE,DV09-003,PARTIAL
1626,46,BOILERPLATE,DV09-003,PARTIAL
1627,46,REVIEWED_TEXT,DV09-003,PARTIAL
1628,46,REVIEWED_TEXT,DV09-003,PARTIAL
1629,46,REVIEWED_TEXT,DV09-003,PARTIAL
1630,46,REVIEWED_TEXT,DV09-003,PARTIAL
1631,46,REVIEWED_TEXT,DV09-003,PARTIAL
1632,46,REVIEWED_TEXT,DV09-003,PARTIAL
1633,46,REVIEWED_TEXT,DV09-003,PARTIAL
1634,46,BLANK,DV09-003,PARTIAL
1635,46,BLANK,DV09-003,PARTIAL
1636,46,BLANK,DV09-003,PARTIAL
1637,47,PAGE_MARKER,DV09-003,PARTIAL
1638,47,BOILERPLATE,DV09-003,PARTIAL
1639,47,BOILERPLATE,DV09-003,PARTIAL
1640,47,BLANK,DV09-003,PARTIAL
1641,47,BOILERPLATE,DV09-003,PARTIAL
1642,47,BOILERPLATE,DV09-003,PARTIAL
1643,47,REVIEWED_TEXT,DV09-003,PARTIAL
1644,47,REVIEWED_TEXT,DV09-003,PARTIAL
1645,47,REVIEWED_TEXT,DV09-003,PARTIAL
1646,47,BLANK,DV09-003,PARTIAL
1647,48,PAGE_MARKER,DV09-003,PARTIAL
1648,48,BOILERPLATE,DV09-003,PARTIAL
1649,48,BOILERPLATE,DV09-003,PARTIAL
1650,48,BLANK,DV09-003,PARTIAL
1651,48,BOILERPLATE,DV09-003,PARTIAL
1652,48,BOILERPLATE,DV09-003,PARTIAL
1653,48,REVIEWED_TEXT,DV09-003,PARTIAL
1654,48,REVIEWED_TEXT,DV09-003,PARTIAL
1655,48,BLANK,DV09-003,PARTIAL
1656,49,PAGE_MARKER,DV09-003,PARTIAL
1657,49,BOILERPLATE,DV09-003,PARTIAL
1658,49,BOILERPLATE,DV09-003,PARTIAL
1659,49,BLANK,DV09-003,PARTIAL
1660,49,BOILERPLATE,DV09-003,PARTIAL
1661,49,BOILERPLATE,DV09-003,PARTIAL
1662,49,REVIEWED_TEXT,DV09-003,PARTIAL
1663,49,REVIEWED_TEXT,DV09-003,PARTIAL
1664,49,REVIEWED_TEXT,DV09-003,PARTIAL
1665,49,BLANK,DV09-003,PARTIAL
1666,50,PAGE_MARKER,DV09-003,PARTIAL
1667,50,BOILERPLATE,DV09-003,PARTIAL
1668,50,BOILERPLATE,DV09-003,PARTIAL
1669,50,BLANK,DV09-003,PARTIAL
1670,50,BOILERPLATE,DV09-003,PARTIAL
1671,50,BOILERPLATE,DV09-003,PARTIAL
1672,50,REVIEWED_TEXT,DV09-003,PARTIAL
1673,50,REVIEWED_TEXT,DV09-003,PARTIAL
1674,50,BLANK,DV09-003,PARTIAL
1675,51,PAGE_MARKER,DV09-004,BOUNDARY
1676,51,BOILERPLATE,DV09-004,BOUNDARY
1677,51,BOILERPLATE,DV09-004,BOUNDARY
1678,51,BLANK,DV09-004,BOUNDARY
1679,51,BOILERPLATE,DV09-004,BOUNDARY
1680,51,BOILERPLATE,DV09-004,BOUNDARY
1681,51,REVIEWED_TEXT,DV09-004,BOUNDARY
1682,51,REVIEWED_TEXT,DV09-004,BOUNDARY
1683,51,REVIEWED_TEXT,DV09-004,BOUNDARY
1684,51,BLANK,DV09-004,BOUNDARY
1685,51,REVIEWED_TEXT,DV09-004,BOUNDARY
1686,51,REVIEWED_TEXT,DV09-004,BOUNDARY
1687,51,REVIEWED_TEXT,DV09-004,BOUNDARY
1688,51,BLANK,DV09-004,BOUNDARY
1689,51,REVIEWED_TEXT,DV09-004,BOUNDARY
1690,51,REVIEWED_TEXT,DV09-004,BOUNDARY
1691,51,BLANK,DV09-004,BOUNDARY
1692,51,REVIEWED_TEXT,DV09-004,BOUNDARY
1693,51,REVIEWED_TEXT,DV09-004,BOUNDARY
1694,51,REVIEWED_TEXT,DV09-004,BOUNDARY
1695,51,REVIEWED_TEXT,DV09-004,BOUNDARY
1696,51,BLANK,DV09-004,BOUNDARY
1697,51,REVIEWED_TEXT,DV09-004,BOUNDARY
1698,51,REVIEWED_TEXT,DV09-004,BOUNDARY
1699,51,REVIEWED_TEXT,DV09-004,BOUNDARY
1700,51,REVIEWED_TEXT,DV09-004,BOUNDARY
1701,51,REVIEWED_TEXT,DV09-004,BOUNDARY
1702,51,REVIEWED_TEXT,DV09-004,BOUNDARY
1703,51,BLANK,DV09-004,BOUNDARY
1704,51,BLANK,DV09-004,BOUNDARY
1705,51,BLANK,DV09-004,BOUNDARY
1706,51,BLANK,DV09-004,BOUNDARY
1707,51,BLANK,DV09-004,BOUNDARY
1708,52,PAGE_MARKER,DV09-004,BOUNDARY
1709,52,BOILERPLATE,DV09-004,BOUNDARY
1710,52,BOILERPLATE,DV09-004,BOUNDARY
1711,52,BLANK,DV09-004,BOUNDARY
1712,52,BOILERPLATE,DV09-004,BOUNDARY
1713,52,BOILERPLATE,DV09-004,BOUNDARY
1714,52,BLANK,DV09-004,BOUNDARY
1715,53,PAGE_MARKER,DV09-005,PARTIAL
1716,53,BOILERPLATE,DV09-005,PARTIAL
1717,53,BOILERPLATE,DV09-005,PARTIAL
1718,53,BLANK,DV09-005,PARTIAL
1719,53,BOILERPLATE,DV09-005,PARTIAL
1720,53,BOILERPLATE,DV09-005,PARTIAL
1721,53,REVIEWED_TEXT,DV09-005,PARTIAL
1722,53,REVIEWED_TEXT,DV09-005,PARTIAL
1723,53,REVIEWED_TEXT,DV09-005,PARTIAL
1724,53,REVIEWED_TEXT,DV09-005,PARTIAL
1725,53,REVIEWED_TEXT,DV09-005,PARTIAL
1726,53,REVIEWED_TEXT,DV09-005,PARTIAL
1727,53,BLANK,DV09-005,PARTIAL
1728,53,BLANK,DV09-005,PARTIAL
1729,54,PAGE_MARKER,DV09-005,PARTIAL
1730,54,BOILERPLATE,DV09-005,PARTIAL
1731,54,BOILERPLATE,DV09-005,PARTIAL
1732,54,BLANK,DV09-005,PARTIAL
1733,54,BOILERPLATE,DV09-005,PARTIAL
1734,54,BOILERPLATE,DV09-005,PARTIAL
1735,54,REVIEWED_TEXT,DV09-005,PARTIAL
1736,54,REVIEWED_TEXT,DV09-005,PARTIAL
1737,54,REVIEWED_TEXT,DV09-005,PARTIAL
1738,54,REVIEWED_TEXT,DV09-005,PARTIAL
1739,54,BOILERPLATE,DV09-005,PARTIAL
1740,54,REVIEWED_TEXT,DV09-005,PARTIAL
1741,54,BOILERPLATE,DV09-005,PARTIAL
1742,54,REVIEWED_TEXT,DV09-005,PARTIAL
1743,54,REVIEWED_TEXT,DV09-005,PARTIAL
1744,54,BOILERPLATE,DV09-005,PARTIAL
1745,54,REVIEWED_TEXT,DV09-005,PARTIAL
1746,54,REVIEWED_TEXT,DV09-005,PARTIAL
1747,54,BLANK,DV09-005,PARTIAL
1748,54,REVIEWED_TEXT,DV09-005,PARTIAL
1749,54,REVIEWED_TEXT,DV09-005,PARTIAL
1750,54,BLANK,DV09-005,PARTIAL
1751,54,REVIEWED_TEXT,DV09-005,PARTIAL
1752,54,REVIEWED_TEXT,DV09-005,PARTIAL
1753,54,BLANK,DV09-005,PARTIAL
1754,54,REVIEWED_TEXT,DV09-005,PARTIAL
1755,54,REVIEWED_TEXT,DV09-005,PARTIAL
1756,54,BLANK,DV09-005,PARTIAL
1757,54,REVIEWED_TEXT,DV09-005,PARTIAL
1758,54,REVIEWED_TEXT,DV09-005,PARTIAL
1759,54,BLANK,DV09-005,PARTIAL
1760,55,PAGE_MARKER,DV09-005,PARTIAL
1761,55,BOILERPLATE,DV09-005,PARTIAL
1762,55,BOILERPLATE,DV09-005,PARTIAL
1763,55,BLANK,DV09-005,PARTIAL
1764,55,BOILERPLATE,DV09-005,PARTIAL
1765,55,BOILERPLATE,DV09-005,PARTIAL
1766,55,REVIEWED_TEXT,DV09-005,PARTIAL
1767,55,REVIEWED_TEXT,DV09-005,PARTIAL
1768,55,REVIEWED_TEXT,DV09-005,PARTIAL
1769,55,REVIEWED_TEXT,DV09-005,PARTIAL
1770,55,BLANK,DV09-005,PARTIAL
1771,55,BLANK,DV09-005,PARTIAL
1772,55,BLANK,DV09-005,PARTIAL
1773,55,BLANK,DV09-005,PARTIAL
1774,56,PAGE_MARKER,DV09-005,PARTIAL
1775,56,BOILERPLATE,DV09-005,PARTIAL
1776,56,BOILERPLATE,DV09-005,PARTIAL
1777,56,BLANK,DV09-005,PARTIAL
1778,56,BOILERPLATE,DV09-005,PARTIAL
1779,56,BOILERPLATE,DV09-005,PARTIAL
1780,56,REVIEWED_TEXT,DV09-005,PARTIAL
1781,56,REVIEWED_TEXT,DV09-005,PARTIAL
1782,56,REVIEWED_TEXT,DV09-005,PARTIAL
1783,56,REVIEWED_TEXT,DV09-005,PARTIAL
1784,56,REVIEWED_TEXT,DV09-005,PARTIAL
1785,56,REVIEWED_TEXT,DV09-005,PARTIAL
1786,56,BLANK,DV09-005,PARTIAL
1787,56,REVIEWED_TEXT,DV09-005,PARTIAL
1788,56,REVIEWED_TEXT,DV09-005,PARTIAL
1789,56,BLANK,DV09-005,PARTIAL
1790,56,REVIEWED_TEXT,DV09-005,PARTIAL
1791,56,REVIEWED_TEXT,DV09-005,PARTIAL
1792,56,REVIEWED_TEXT,DV09-005,PARTIAL
1793,56,REVIEWED_TEXT,DV09-005,PARTIAL
1794,56,BLANK,DV09-005,PARTIAL
1795,57,PAGE_MARKER,DV09-006,PARTIAL
1796,57,BOILERPLATE,DV09-006,PARTIAL
1797,57,BOILERPLATE,DV09-006,PARTIAL
1798,57,BLANK,DV09-006,PARTIAL
1799,57,BOILERPLATE,DV09-006,PARTIAL
1800,57,BOILERPLATE,DV09-006,PARTIAL
1801,57,REVIEWED_TEXT,DV09-006,PARTIAL
1802,57,REVIEWED_TEXT,DV09-006,PARTIAL
1803,57,REVIEWED_TEXT,DV09-006,PARTIAL
1804,57,REVIEWED_TEXT,DV09-006,PARTIAL
1805,57,REVIEWED_TEXT,DV09-006,PARTIAL
1806,57,REVIEWED_TEXT,DV09-006,PARTIAL
1807,57,REVIEWED_TEXT,DV09-006,PARTIAL
1808,57,BLANK,DV09-006,PARTIAL
1809,58,PAGE_MARKER,DV09-006,PARTIAL
1810,58,BOILERPLATE,DV09-006,PARTIAL
1811,58,BOILERPLATE,DV09-006,PARTIAL
1812,58,BLANK,DV09-006,PARTIAL
1813,58,BOILERPLATE,DV09-006,PARTIAL
1814,58,BOILERPLATE,DV09-006,PARTIAL
1815,58,REVIEWED_TEXT,DV09-006,PARTIAL
1816,58,REVIEWED_TEXT,DV09-006,PARTIAL
1817,58,REVIEWED_TEXT,DV09-006,PARTIAL
1818,58,REVIEWED_TEXT,DV09-006,PARTIAL
1819,58,REVIEWED_TEXT,DV09-006,PARTIAL
1820,58,REVIEWED_TEXT,DV09-006,PARTIAL
1821,58,BLANK,DV09-006,PARTIAL
1822,58,BLANK,DV09-006,PARTIAL
1823,58,BLANK,DV09-006,PARTIAL
1824,58,BLANK,DV09-006,PARTIAL
1825,58,REVIEWED_TEXT,DV09-006,PARTIAL
1826,58,BLANK,DV09-006,PARTIAL
1827,59,PAGE_MARKER,DV09-006,PARTIAL
1828,59,BOILERPLATE,DV09-006,PARTIAL
1829,59,BOILERPLATE,DV09-006,PARTIAL
1830,59,BLANK,DV09-006,PARTIAL
1831,59,BOILERPLATE,DV09-006,PARTIAL
1832,59,BOILERPLATE,DV09-006,PARTIAL
1833,59,REVIEWED_TEXT,DV09-006,PARTIAL
1834,59,BLANK,DV09-006,PARTIAL
1835,59,BLANK,DV09-006,PARTIAL
1836,59,BLANK,DV09-006,PARTIAL
1837,60,PAGE_MARKER,DV09-007,VERIFIED_SUBSET
1838,60,BOILERPLATE,DV09-007,VERIFIED_SUBSET
1839,60,BOILERPLATE,DV09-007,VERIFIED_SUBSET
1840,60,BLANK,DV09-007,VERIFIED_SUBSET
1841,60,BOILERPLATE,DV09-007,VERIFIED_SUBSET
1842,60,BOILERPLATE,DV09-007,VERIFIED_SUBSET
1843,60,REVIEWED_TEXT,DV09-007,VERIFIED_SUBSET
1844,60,REVIEWED_TEXT,DV09-007,VERIFIED_SUBSET
1845,60,BOILERPLATE,DV09-007,VERIFIED_SUBSET
1846,60,REVIEWED_TEXT,DV09-007,VERIFIED_SUBSET
1847,60,REVIEWED_TEXT,DV09-007,VERIFIED_SUBSET
1848,60,BOILERPLATE,DV09-007,VERIFIED_SUBSET
1849,60,REVIEWED_TEXT,DV09-007,VERIFIED_SUBSET
1850,60,REVIEWED_TEXT,DV09-007,VERIFIED_SUBSET
1851,60,REVIEWED_TEXT,DV09-007,VERIFIED_SUBSET
1852,60,BOILERPLATE,DV09-007,VERIFIED_SUBSET
1853,60,REVIEWED_TEXT,DV09-007,VERIFIED_SUBSET
1854,60,REVIEWED_TEXT,DV09-007,VERIFIED_SUBSET
1855,60,BOILERPLATE,DV09-007,VERIFIED_SUBSET
1856,60,REVIEWED_TEXT,DV09-007,VERIFIED_SUBSET
1857,60,REVIEWED_TEXT,DV09-007,VERIFIED_SUBSET
1858,60,BOILERPLATE,DV09-007,VERIFIED_SUBSET
1859,60,REVIEWED_TEXT,DV09-007,VERIFIED_SUBSET
1860,60,REVIEWED_TEXT,DV09-007,VERIFIED_SUBSET
1861,60,BLANK,DV09-007,VERIFIED_SUBSET
1862,61,PAGE_MARKER,DV09-007,VERIFIED_SUBSET
1863,61,BOILERPLATE,DV09-007,VERIFIED_SUBSET
1864,61,BOILERPLATE,DV09-007,VERIFIED_SUBSET
1865,61,BLANK,DV09-007,VERIFIED_SUBSET
1866,61,BOILERPLATE,DV09-007,VERIFIED_SUBSET
1867,61,BOILERPLATE,DV09-007,VERIFIED_SUBSET
1868,61,REVIEWED_TEXT,DV09-007,VERIFIED_SUBSET
1869,61,BOILERPLATE,DV09-007,VERIFIED_SUBSET
1870,61,REVIEWED_TEXT,DV09-007,VERIFIED_SUBSET
1871,61,REVIEWED_TEXT,DV09-007,VERIFIED_SUBSET
1872,61,REVIEWED_TEXT,DV09-007,VERIFIED_SUBSET
1873,61,BOILERPLATE,DV09-007,VERIFIED_SUBSET
1874,61,REVIEWED_TEXT,DV09-007,VERIFIED_SUBSET
1875,61,REVIEWED_TEXT,DV09-007,VERIFIED_SUBSET
1876,61,BLANK,DV09-007,VERIFIED_SUBSET
1877,62,PAGE_MARKER,DV09-008,VERIFIED_SUBSET
1878,62,BOILERPLATE,DV09-008,VERIFIED_SUBSET
1879,62,BOILERPLATE,DV09-008,VERIFIED_SUBSET
1880,62,BLANK,DV09-008,VERIFIED_SUBSET
1881,62,BOILERPLATE,DV09-008,VERIFIED_SUBSET
1882,62,BOILERPLATE,DV09-008,VERIFIED_SUBSET
1883,62,REVIEWED_TEXT,DV09-008,VERIFIED_SUBSET
1884,62,REVIEWED_TEXT,DV09-008,VERIFIED_SUBSET
1885,62,REVIEWED_TEXT,DV09-008,VERIFIED_SUBSET
1886,62,REVIEWED_TEXT,DV09-008,VERIFIED_SUBSET
1887,62,BLANK,DV09-008,VERIFIED_SUBSET
1888,62,BLANK,DV09-008,VERIFIED_SUBSET
1889,62,BLANK,DV09-008,VERIFIED_SUBSET
1890,62,BLANK,DV09-008,VERIFIED_SUBSET
1891,62,BLANK,DV09-008,VERIFIED_SUBSET
1892,62,BLANK,DV09-008,VERIFIED_SUBSET
1893,62,REVIEWED_TEXT,DV09-008,VERIFIED_SUBSET
1894,62,REVIEWED_TEXT,DV09-008,VERIFIED_SUBSET
1895,62,REVIEWED_TEXT,DV09-008,VERIFIED_SUBSET
1896,62,REVIEWED_TEXT,DV09-008,VERIFIED_SUBSET
1897,62,REVIEWED_TEXT,DV09-008,VERIFIED_SUBSET
1898,62,BLANK,DV09-008,VERIFIED_SUBSET
1899,62,BLANK,DV09-008,VERIFIED_SUBSET
1900,63,PAGE_MARKER,DV09-009,PARTIAL
1901,63,BOILERPLATE,DV09-009,PARTIAL
1902,63,BOILERPLATE,DV09-009,PARTIAL
1903,63,BLANK,DV09-009,PARTIAL
1904,63,BOILERPLATE,DV09-009,PARTIAL
1905,63,BOILERPLATE,DV09-009,PARTIAL
1906,63,REVIEWED_TEXT,DV09-009,PARTIAL
1907,63,REVIEWED_TEXT,DV09-009,PARTIAL
1908,63,BLANK,DV09-009,PARTIAL
1909,63,REVIEWED_TEXT,DV09-009,PARTIAL
1910,63,BLANK,DV09-009,PARTIAL
1911,63,BLANK,DV09-009,PARTIAL
1912,63,BLANK,DV09-009,PARTIAL
1913,63,BLANK,DV09-009,PARTIAL
1914,63,BLANK,DV09-009,PARTIAL
1915,64,PAGE_MARKER,DV09-009,PARTIAL
1916,64,BOILERPLATE,DV09-009,PARTIAL
1917,64,BOILERPLATE,DV09-009,PARTIAL
1918,64,BLANK,DV09-009,PARTIAL
1919,64,BOILERPLATE,DV09-009,PARTIAL
1920,64,BOILERPLATE,DV09-009,PARTIAL
1921,64,REVIEWED_TEXT,DV09-009,PARTIAL
1922,64,REVIEWED_TEXT,DV09-009,PARTIAL
1923,64,REVIEWED_TEXT,DV09-009,PARTIAL
1924,64,REVIEWED_TEXT,DV09-009,PARTIAL
1925,64,REVIEWED_TEXT,DV09-009,PARTIAL
1926,64,REVIEWED_TEXT,DV09-009,PARTIAL
1927,64,REVIEWED_TEXT,DV09-009,PARTIAL
1928,64,REVIEWED_TEXT,DV09-009,PARTIAL
1929,64,REVIEWED_TEXT,DV09-009,PARTIAL
1930,64,REVIEWED_TEXT,DV09-009,PARTIAL
1931,64,REVIEWED_TEXT,DV09-009,PARTIAL
1932,64,REVIEWED_TEXT,DV09-009,PARTIAL
1933,64,REVIEWED_TEXT,DV09-009,PARTIAL
1934,64,BLANK,DV09-009,PARTIAL
1935,65,PAGE_MARKER,DV09-009,PARTIAL
1936,65,BOILERPLATE,DV09-009,PARTIAL
1937,65,BOILERPLATE,DV09-009,PARTIAL
1938,65,BLANK,DV09-009,PARTIAL
1939,65,BOILERPLATE,DV09-009,PARTIAL
1940,65,BOILERPLATE,DV09-009,PARTIAL
1941,65,REVIEWED_TEXT,DV09-009,PARTIAL
1942,65,REVIEWED_TEXT,DV09-009,PARTIAL
1943,65,REVIEWED_TEXT,DV09-009,PARTIAL
1944,65,REVIEWED_TEXT,DV09-009,PARTIAL
1945,65,REVIEWED_TEXT,DV09-009,PARTIAL
1946,65,REVIEWED_TEXT,DV09-009,PARTIAL
1947,65,BLANK,DV09-009,PARTIAL
1948,66,PAGE_MARKER,DV09-010,PARTIAL
1949,66,BOILERPLATE,DV09-010,PARTIAL
1950,66,BOILERPLATE,DV09-010,PARTIAL
1951,66,BLANK,DV09-010,PARTIAL
1952,66,BOILERPLATE,DV09-010,PARTIAL
1953,66,BOILERPLATE,DV09-010,PARTIAL
1954,66,REVIEWED_TEXT,DV09-010,PARTIAL
1955,66,REVIEWED_TEXT,DV09-010,PARTIAL
1956,66,REVIEWED_TEXT,DV09-010,PARTIAL
1957,66,BLANK,DV09-010,PARTIAL
1958,66,BLANK,DV09-010,PARTIAL
1959,66,BLANK,DV09-010,PARTIAL
1960,66,BLANK,DV09-010,PARTIAL
1961,67,PAGE_MARKER,DV09-010,PARTIAL
1962,67,BOILERPLATE,DV09-010,PARTIAL
1963,67,BOILERPLATE,DV09-010,PARTIAL
1964,67,BLANK,DV09-010,PARTIAL
1965,67,BOILERPLATE,DV09-010,PARTIAL
1966,67,BOILERPLATE,DV09-010,PARTIAL
1967,67,REVIEWED_TEXT,DV09-010,PARTIAL
1968,67,REVIEWED_TEXT,DV09-010,PARTIAL
1969,67,REVIEWED_TEXT,DV09-010,PARTIAL
1970,67,REVIEWED_TEXT,DV09-010,PARTIAL
1971,67,REVIEWED_TEXT,DV09-010,PARTIAL
1972,67,REVIEWED_TEXT,DV09-010,PARTIAL
1973,67,REVIEWED_TEXT,DV09-010,PARTIAL
1974,67,BLANK,DV09-010,PARTIAL
1975,67,REVIEWED_TEXT,DV09-010,PARTIAL
1976,67,REVIEWED_TEXT,DV09-010,PARTIAL
1977,67,REVIEWED_TEXT,DV09-010,PARTIAL
1978,67,BLANK,DV09-010,PARTIAL
1979,68,PAGE_MARKER,DV09-011,BOUNDARY
1980,68,BOILERPLATE,DV09-011,BOUNDARY
1981,68,BOILERPLATE,DV09-011,BOUNDARY
1982,68,BLANK,DV09-011,BOUNDARY
1983,68,BOILERPLATE,DV09-011,BOUNDARY
1984,68,BOILERPLATE,DV09-011,BOUNDARY
1985,68,BLANK,DV09-011,BOUNDARY
1986,69,PAGE_MARKER,DV09-011,BOUNDARY
1987,69,BOILERPLATE,DV09-011,BOUNDARY
1988,69,BOILERPLATE,DV09-011,BOUNDARY
1989,69,BLANK,DV09-011,BOUNDARY
1990,69,BOILERPLATE,DV09-011,BOUNDARY
1991,69,BOILERPLATE,DV09-011,BOUNDARY
1992,69,REVIEWED_TEXT,DV09-011,BOUNDARY
1993,69,REVIEWED_TEXT,DV09-011,BOUNDARY
1994,69,REVIEWED_TEXT,DV09-011,BOUNDARY
1995,69,REVIEWED_TEXT,DV09-011,BOUNDARY
1996,69,REVIEWED_TEXT,DV09-011,BOUNDARY
1997,69,REVIEWED_TEXT,DV09-011,BOUNDARY
1998,69,REVIEWED_TEXT,DV09-011,BOUNDARY
1999,69,REVIEWED_TEXT,DV09-011,BOUNDARY
2000,69,REVIEWED_TEXT,DV09-011,BOUNDARY
2001,69,BLANK,DV09-011,BOUNDARY
2002,69,BLANK,DV09-011,BOUNDARY
2003,69,BLANK,DV09-011,BOUNDARY
2004,69,BLANK,DV09-011,BOUNDARY
2005,69,BLANK,DV09-011,BOUNDARY
2006,69,BLANK,DV09-011,BOUNDARY
2007,69,BLANK,DV09-011,BOUNDARY
2008,69,BLANK,DV09-011,BOUNDARY
2009,69,BLANK,DV09-011,BOUNDARY
2010,69,BLANK,DV09-011,BOUNDARY
2011,69,BLANK,DV09-011,BOUNDARY
2012,69,BLANK,DV09-011,BOUNDARY
2013,69,BLANK,DV09-011,BOUNDARY
2014,69,BLANK,DV09-011,BOUNDARY
2015,69,BLANK,DV09-011,BOUNDARY
2016,69,BLANK,DV09-011,BOUNDARY
2017,69,BLANK,DV09-011,BOUNDARY
2018,69,BLANK,DV09-011,BOUNDARY
2019,69,BLANK,DV09-011,BOUNDARY
2020,69,BLANK,DV09-011,BOUNDARY
2021,69,BLANK,DV09-011,BOUNDARY
2022,69,BLANK,DV09-011,BOUNDARY
2023,69,BLANK,DV09-011,BOUNDARY
2024,69,BLANK,DV09-011,BOUNDARY
2025,69,BLANK,DV09-011,BOUNDARY
2026,69,BLANK,DV09-011,BOUNDARY
2027,69,BLANK,DV09-011,BOUNDARY
2028,69,BLANK,DV09-011,BOUNDARY
2029,69,BLANK,DV09-011,BOUNDARY
2030,69,REVIEWED_TEXT,DV09-011,BOUNDARY
2031,69,BLANK,DV09-011,BOUNDARY
2032,69,BLANK,DV09-011,BOUNDARY
2033,69,BLANK,DV09-011,BOUNDARY
2034,69,BLANK,DV09-011,BOUNDARY
2035,69,BLANK,DV09-011,BOUNDARY
2036,69,BLANK,DV09-011,BOUNDARY
2037,69,BLANK,DV09-011,BOUNDARY
2038,70,PAGE_MARKER,DV09-011,BOUNDARY
2039,70,BOILERPLATE,DV09-011,BOUNDARY
2040,70,BOILERPLATE,DV09-011,BOUNDARY
2041,70,BLANK,DV09-011,BOUNDARY
2042,70,BOILERPLATE,DV09-011,BOUNDARY
2043,70,BOILERPLATE,DV09-011,BOUNDARY
2044,70,REVIEWED_TEXT,DV09-011,BOUNDARY
2045,70,REVIEWED_TEXT,DV09-011,BOUNDARY
2046,70,REVIEWED_TEXT,DV09-011,BOUNDARY
2047,70,BOILERPLATE,DV09-011,BOUNDARY
2048,70,REVIEWED_TEXT,DV09-011,BOUNDARY
2049,70,REVIEWED_TEXT,DV09-011,BOUNDARY
2050,70,REVIEWED_TEXT,DV09-011,BOUNDARY
2051,70,BOILERPLATE,DV09-011,BOUNDARY
2052,70,REVIEWED_TEXT,DV09-011,BOUNDARY
2053,70,REVIEWED_TEXT,DV09-011,BOUNDARY
2054,70,BOILERPLATE,DV09-011,BOUNDARY
2055,70,REVIEWED_TEXT,DV09-011,BOUNDARY
2056,70,REVIEWED_TEXT,DV09-011,BOUNDARY
2057,70,BOILERPLATE,DV09-011,BOUNDARY
2058,70,REVIEWED_TEXT,DV09-011,BOUNDARY
2059,70,REVIEWED_TEXT,DV09-011,BOUNDARY
2060,70,REVIEWED_TEXT,DV09-011,BOUNDARY
2061,70,BOILERPLATE,DV09-011,BOUNDARY
2062,70,REVIEWED_TEXT,DV09-011,BOUNDARY
2063,70,BOILERPLATE,DV09-011,BOUNDARY
2064,70,REVIEWED_TEXT,DV09-011,BOUNDARY
2065,70,REVIEWED_TEXT,DV09-011,BOUNDARY
2066,70,BLANK,DV09-011,BOUNDARY
2067,71,PAGE_MARKER,DV09-011,BOUNDARY
2068,71,BOILERPLATE,DV09-011,BOUNDARY
2069,71,BOILERPLATE,DV09-011,BOUNDARY
2070,71,BLANK,DV09-011,BOUNDARY
2071,71,BOILERPLATE,DV09-011,BOUNDARY
2072,71,BOILERPLATE,DV09-011,BOUNDARY
2073,71,REVIEWED_TEXT,DV09-011,BOUNDARY
2074,71,REVIEWED_TEXT,DV09-011,BOUNDARY
2075,71,BOILERPLATE,DV09-011,BOUNDARY
2076,71,REVIEWED_TEXT,DV09-011,BOUNDARY
2077,71,BOILERPLATE,DV09-011,BOUNDARY
2078,71,REVIEWED_TEXT,DV09-011,BOUNDARY
2079,71,BOILERPLATE,DV09-011,BOUNDARY
2080,71,REVIEWED_TEXT,DV09-011,BOUNDARY
2081,71,BOILERPLATE,DV09-011,BOUNDARY
2082,71,REVIEWED_TEXT,DV09-011,BOUNDARY
2083,71,BLANK,DV09-011,BOUNDARY
2084,72,PAGE_MARKER,DV09-012,PARTIAL
2085,72,BLANK,DV09-012,PARTIAL
2086,72,BLANK,DV09-012,PARTIAL
2087,72,BLANK,DV09-012,PARTIAL
2088,72,BLANK,DV09-012,PARTIAL
2089,72,BLANK,DV09-012,PARTIAL
2090,72,BOILERPLATE,DV09-012,PARTIAL
2091,72,BOILERPLATE,DV09-012,PARTIAL
2092,72,REVIEWED_TEXT,DV09-012,PARTIAL
2093,72,BLANK,DV09-012,PARTIAL
2094,73,PAGE_MARKER,DV09-012,PARTIAL
2095,73,BOILERPLATE,DV09-012,PARTIAL
2096,73,BOILERPLATE,DV09-012,PARTIAL
2097,73,BLANK,DV09-012,PARTIAL
2098,73,BOILERPLATE,DV09-012,PARTIAL
2099,73,BOILERPLATE,DV09-012,PARTIAL
2100,73,BLANK,DV09-012,PARTIAL
2101,74,PAGE_MARKER,DV09-012,PARTIAL
2102,74,BOILERPLATE,DV09-012,PARTIAL
2103,74,BOILERPLATE,DV09-012,PARTIAL
2104,74,BLANK,DV09-012,PARTIAL
2105,74,BOILERPLATE,DV09-012,PARTIAL
2106,74,BOILERPLATE,DV09-012,PARTIAL
2107,74,REVIEWED_TEXT,DV09-012,PARTIAL
2108,74,REVIEWED_TEXT,DV09-012,PARTIAL
2109,74,BOILERPLATE,DV09-012,PARTIAL
2110,74,REVIEWED_TEXT,DV09-012,PARTIAL
2111,74,BOILERPLATE,DV09-012,PARTIAL
2112,74,REVIEWED_TEXT,DV09-012,PARTIAL
2113,74,BOILERPLATE,DV09-012,PARTIAL
2114,74,REVIEWED_TEXT,DV09-012,PARTIAL
2115,74,BOILERPLATE,DV09-012,PARTIAL
2116,74,REVIEWED_TEXT,DV09-012,PARTIAL
2117,74,BOILERPLATE,DV09-012,PARTIAL
2118,74,REVIEWED_TEXT,DV09-012,PARTIAL
2119,74,BLANK,DV09-012,PARTIAL
2120,75,PAGE_MARKER,DV09-012,PARTIAL
2121,75,BOILERPLATE,DV09-012,PARTIAL
2122,75,BOILERPLATE,DV09-012,PARTIAL
2123,75,BLANK,DV09-012,PARTIAL
2124,75,BOILERPLATE,DV09-012,PARTIAL
2125,75,BOILERPLATE,DV09-012,PARTIAL
2126,75,REVIEWED_TEXT,DV09-012,PARTIAL
2127,75,REVIEWED_TEXT,DV09-012,PARTIAL
2128,75,BLANK,DV09-012,PARTIAL
2129,75,BLANK,DV09-012,PARTIAL
2130,75,BLANK,DV09-012,PARTIAL
2131,75,BLANK,DV09-012,PARTIAL
2132,75,BLANK,DV09-012,PARTIAL
2133,75,REVIEWED_TEXT,DV09-012,PARTIAL
2134,75,BLANK,DV09-012,PARTIAL
2135,75,REVIEWED_TEXT,DV09-012,PARTIAL
2136,75,BLANK,DV09-012,PARTIAL
2137,75,BLANK,DV09-012,PARTIAL
2138,75,REVIEWED_TEXT,DV09-012,PARTIAL
2139,75,REVIEWED_TEXT,DV09-012,PARTIAL
2140,75,REVIEWED_TEXT,DV09-012,PARTIAL
2141,75,REVIEWED_TEXT,DV09-012,PARTIAL
2142,75,REVIEWED_TEXT,DV09-012,PARTIAL
2143,75,REVIEWED_TEXT,DV09-012,PARTIAL
2144,75,BLANK,DV09-012,PARTIAL
2145,75,BLANK,DV09-012,PARTIAL
2146,75,BLANK,DV09-012,PARTIAL
2147,75,BLANK,DV09-012,PARTIAL
2148,75,REVIEWED_TEXT,DV09-012,PARTIAL
2149,75,BLANK,DV09-012,PARTIAL
2150,75,BLANK,DV09-012,PARTIAL
2151,75,REVIEWED_TEXT,DV09-012,PARTIAL
2152,75,BLANK,DV09-012,PARTIAL
2153,76,PAGE_MARKER,DV09-012,PARTIAL
2154,76,BOILERPLATE,DV09-012,PARTIAL
2155,76,BOILERPLATE,DV09-012,PARTIAL
2156,76,BLANK,DV09-012,PARTIAL
2157,76,BOILERPLATE,DV09-012,PARTIAL
2158,76,BOILERPLATE,DV09-012,PARTIAL
2159,76,REVIEWED_TEXT,DV09-012,PARTIAL
2160,76,REVIEWED_TEXT,DV09-012,PARTIAL
2161,76,BOILERPLATE,DV09-012,PARTIAL
2162,76,REVIEWED_TEXT,DV09-012,PARTIAL
2163,76,BOILERPLATE,DV09-012,PARTIAL
2164,76,REVIEWED_TEXT,DV09-012,PARTIAL
2165,76,BOILERPLATE,DV09-012,PARTIAL
2166,76,REVIEWED_TEXT,DV09-012,PARTIAL
2167,76,BOILERPLATE,DV09-012,PARTIAL
2168,76,REVIEWED_TEXT,DV09-012,PARTIAL
2169,76,BOILERPLATE,DV09-012,PARTIAL
2170,76,REVIEWED_TEXT,DV09-012,PARTIAL
2171,76,BOILERPLATE,DV09-012,PARTIAL
2172,76,REVIEWED_TEXT,DV09-012,PARTIAL
2173,76,BOILERPLATE,DV09-012,PARTIAL
2174,76,REVIEWED_TEXT,DV09-012,PARTIAL
2175,76,REVIEWED_TEXT,DV09-012,PARTIAL
2176,76,BOILERPLATE,DV09-012,PARTIAL
2177,76,REVIEWED_TEXT,DV09-012,PARTIAL
2178,76,BLANK,DV09-012,PARTIAL
2179,77,PAGE_MARKER,DV09-012,PARTIAL
2180,77,BOILERPLATE,DV09-012,PARTIAL
2181,77,BOILERPLATE,DV09-012,PARTIAL
2182,77,BLANK,DV09-012,PARTIAL
2183,77,BOILERPLATE,DV09-012,PARTIAL
2184,77,BOILERPLATE,DV09-012,PARTIAL
2185,77,REVIEWED_TEXT,DV09-012,PARTIAL
2186,77,REVIEWED_TEXT,DV09-012,PARTIAL
2187,77,BLANK,DV09-012,PARTIAL
2188,77,BLANK,DV09-012,PARTIAL
2189,77,BLANK,DV09-012,PARTIAL
2190,77,BLANK,DV09-012,PARTIAL
2191,77,BLANK,DV09-012,PARTIAL
2192,77,BLANK,DV09-012,PARTIAL
2193,77,BLANK,DV09-012,PARTIAL
2194,77,BLANK,DV09-012,PARTIAL
2195,77,REVIEWED_TEXT,DV09-012,PARTIAL
2196,77,BLANK,DV09-012,PARTIAL
2197,77,REVIEWED_TEXT,DV09-012,PARTIAL
2198,77,REVIEWED_TEXT,DV09-012,PARTIAL
2199,77,REVIEWED_TEXT,DV09-012,PARTIAL
2200,77,BLANK,DV09-012,PARTIAL
2201,77,REVIEWED_TEXT,DV09-012,PARTIAL
2202,77,REVIEWED_TEXT,DV09-012,PARTIAL
2203,77,REVIEWED_TEXT,DV09-012,PARTIAL
2204,77,BLANK,DV09-012,PARTIAL
2205,78,PAGE_MARKER,DV09-012,PARTIAL
2206,78,BOILERPLATE,DV09-012,PARTIAL
2207,78,BOILERPLATE,DV09-012,PARTIAL
2208,78,BLANK,DV09-012,PARTIAL
2209,78,BOILERPLATE,DV09-012,PARTIAL
2210,78,BOILERPLATE,DV09-012,PARTIAL
2211,78,REVIEWED_TEXT,DV09-012,PARTIAL
2212,78,REVIEWED_TEXT,DV09-012,PARTIAL
2213,78,BOILERPLATE,DV09-012,PARTIAL
2214,78,REVIEWED_TEXT,DV09-012,PARTIAL
2215,78,BOILERPLATE,DV09-012,PARTIAL
2216,78,REVIEWED_TEXT,DV09-012,PARTIAL
2217,78,BOILERPLATE,DV09-012,PARTIAL
2218,78,REVIEWED_TEXT,DV09-012,PARTIAL
2219,78,BOILERPLATE,DV09-012,PARTIAL
2220,78,REVIEWED_TEXT,DV09-012,PARTIAL
2221,78,BOILERPLATE,DV09-012,PARTIAL
2222,78,REVIEWED_TEXT,DV09-012,PARTIAL
2223,78,BOILERPLATE,DV09-012,PARTIAL
2224,78,REVIEWED_TEXT,DV09-012,PARTIAL
2225,78,BLANK,DV09-012,PARTIAL
2226,79,PAGE_MARKER,DV09-013,PARTIAL
2227,79,BOILERPLATE,DV09-013,PARTIAL
2228,79,BOILERPLATE,DV09-013,PARTIAL
2229,79,BLANK,DV09-013,PARTIAL
2230,79,BOILERPLATE,DV09-013,PARTIAL
2231,79,BOILERPLATE,DV09-013,PARTIAL
2232,79,REVIEWED_TEXT,DV09-013,PARTIAL
2233,79,REVIEWED_TEXT,DV09-013,PARTIAL
2234,79,BOILERPLATE,DV09-013,PARTIAL
2235,79,REVIEWED_TEXT,DV09-013,PARTIAL
2236,79,BOILERPLATE,DV09-013,PARTIAL
2237,79,REVIEWED_TEXT,DV09-013,PARTIAL
2238,79,BOILERPLATE,DV09-013,PARTIAL
2239,79,REVIEWED_TEXT,DV09-013,PARTIAL
2240,79,REVIEWED_TEXT,DV09-013,PARTIAL
2241,79,REVIEWED_TEXT,DV09-013,PARTIAL
2242,79,REVIEWED_TEXT,DV09-013,PARTIAL
2243,79,REVIEWED_TEXT,DV09-013,PARTIAL
2244,79,REVIEWED_TEXT,DV09-013,PARTIAL
2245,79,REVIEWED_TEXT,DV09-013,PARTIAL
2246,79,REVIEWED_TEXT,DV09-013,PARTIAL
2247,79,BLANK,DV09-013,PARTIAL
2248,79,REVIEWED_TEXT,DV09-013,PARTIAL
2249,79,REVIEWED_TEXT,DV09-013,PARTIAL
2250,79,REVIEWED_TEXT,DV09-013,PARTIAL
2251,79,REVIEWED_TEXT,DV09-013,PARTIAL
2252,79,BLANK,DV09-013,PARTIAL
2253,79,REVIEWED_TEXT,DV09-013,PARTIAL
2254,79,REVIEWED_TEXT,DV09-013,PARTIAL
2255,79,REVIEWED_TEXT,DV09-013,PARTIAL
2256,79,REVIEWED_TEXT,DV09-013,PARTIAL
2257,79,BLANK,DV09-013,PARTIAL
2258,79,REVIEWED_TEXT,DV09-013,PARTIAL
2259,79,REVIEWED_TEXT,DV09-013,PARTIAL
2260,79,REVIEWED_TEXT,DV09-013,PARTIAL
2261,79,REVIEWED_TEXT,DV09-013,PARTIAL
2262,79,BLANK,DV09-013,PARTIAL
2263,80,PAGE_MARKER,DV09-013,PARTIAL
2264,80,BOILERPLATE,DV09-013,PARTIAL
2265,80,BOILERPLATE,DV09-013,PARTIAL
2266,80,BLANK,DV09-013,PARTIAL
2267,80,BOILERPLATE,DV09-013,PARTIAL
2268,80,BOILERPLATE,DV09-013,PARTIAL
2269,80,BLANK,DV09-013,PARTIAL
2270,81,PAGE_MARKER,DV09-013,PARTIAL
2271,81,BOILERPLATE,DV09-013,PARTIAL
2272,81,BOILERPLATE,DV09-013,PARTIAL
2273,81,BLANK,DV09-013,PARTIAL
2274,81,BOILERPLATE,DV09-013,PARTIAL
2275,81,BOILERPLATE,DV09-013,PARTIAL
2276,81,REVIEWED_TEXT,DV09-013,PARTIAL
2277,81,REVIEWED_TEXT,DV09-013,PARTIAL
2278,81,REVIEWED_TEXT,DV09-013,PARTIAL
2279,81,REVIEWED_TEXT,DV09-013,PARTIAL
2280,81,REVIEWED_TEXT,DV09-013,PARTIAL
2281,81,REVIEWED_TEXT,DV09-013,PARTIAL
2282,81,BLANK,DV09-013,PARTIAL
2283,82,PAGE_MARKER,DV09-013,PARTIAL
2284,82,BOILERPLATE,DV09-013,PARTIAL
2285,82,BOILERPLATE,DV09-013,PARTIAL
2286,82,BLANK,DV09-013,PARTIAL
2287,82,BOILERPLATE,DV09-013,PARTIAL
2288,82,BOILERPLATE,DV09-013,PARTIAL
2289,82,REVIEWED_TEXT,DV09-013,PARTIAL
2290,82,REVIEWED_TEXT,DV09-013,PARTIAL
2291,82,REVIEWED_TEXT,DV09-013,PARTIAL
2292,82,REVIEWED_TEXT,DV09-013,PARTIAL
2293,82,REVIEWED_TEXT,DV09-013,PARTIAL
2294,82,REVIEWED_TEXT,DV09-013,PARTIAL
2295,82,REVIEWED_TEXT,DV09-013,PARTIAL
2296,82,REVIEWED_TEXT,DV09-013,PARTIAL
2297,82,REVIEWED_TEXT,DV09-013,PARTIAL
2298,82,REVIEWED_TEXT,DV09-013,PARTIAL
2299,82,REVIEWED_TEXT,DV09-013,PARTIAL
2300,82,REVIEWED_TEXT,DV09-013,PARTIAL
2301,82,REVIEWED_TEXT,DV09-013,PARTIAL
2302,82,REVIEWED_TEXT,DV09-013,PARTIAL
2303,82,REVIEWED_TEXT,DV09-013,PARTIAL
2304,82,BLANK,DV09-013,PARTIAL
2305,83,PAGE_MARKER,DV09-013,PARTIAL
2306,83,BOILERPLATE,DV09-013,PARTIAL
2307,83,BOILERPLATE,DV09-013,PARTIAL
2308,83,BLANK,DV09-013,PARTIAL
2309,83,BOILERPLATE,DV09-013,PARTIAL
2310,83,BOILERPLATE,DV09-013,PARTIAL
2311,83,REVIEWED_TEXT,DV09-013,PARTIAL
2312,83,REVIEWED_TEXT,DV09-013,PARTIAL
2313,83,REVIEWED_TEXT,DV09-013,PARTIAL
2314,83,REVIEWED_TEXT,DV09-013,PARTIAL
2315,83,REVIEWED_TEXT,DV09-013,PARTIAL
2316,83,REVIEWED_TEXT,DV09-013,PARTIAL
2317,83,REVIEWED_TEXT,DV09-013,PARTIAL
2318,83,REVIEWED_TEXT,DV09-013,PARTIAL
2319,83,REVIEWED_TEXT,DV09-013,PARTIAL
2320,83,REVIEWED_TEXT,DV09-013,PARTIAL
2321,83,REVIEWED_TEXT,DV09-013,PARTIAL
2322,83,REVIEWED_TEXT,DV09-013,PARTIAL
2323,83,REVIEWED_TEXT,DV09-013,PARTIAL
2324,83,REVIEWED_TEXT,DV09-013,PARTIAL
2325,83,REVIEWED_TEXT,DV09-013,PARTIAL
2326,83,REVIEWED_TEXT,DV09-013,PARTIAL
2327,83,REVIEWED_TEXT,DV09-013,PARTIAL
2328,83,REVIEWED_TEXT,DV09-013,PARTIAL
2329,83,REVIEWED_TEXT,DV09-013,PARTIAL
2330,83,REVIEWED_TEXT,DV09-013,PARTIAL
2331,83,REVIEWED_TEXT,DV09-013,PARTIAL
2332,83,REVIEWED_TEXT,DV09-013,PARTIAL
2333,83,REVIEWED_TEXT,DV09-013,PARTIAL
2334,83,REVIEWED_TEXT,DV09-013,PARTIAL
2335,83,REVIEWED_TEXT,DV09-013,PARTIAL
2336,83,REVIEWED_TEXT,DV09-013,PARTIAL
2337,83,REVIEWED_TEXT,DV09-013,PARTIAL
2338,83,REVIEWED_TEXT,DV09-013,PARTIAL
2339,83,BLANK,DV09-013,PARTIAL
2340,84,PAGE_MARKER,DV09-014,PARTIAL
2341,84,BOILERPLATE,DV09-014,PARTIAL
2342,84,BOILERPLATE,DV09-014,PARTIAL
2343,84,BLANK,DV09-014,PARTIAL
2344,84,BOILERPLATE,DV09-014,PARTIAL
2345,84,BOILERPLATE,DV09-014,PARTIAL
2346,84,BLANK,DV09-014,PARTIAL
2347,85,PAGE_MARKER,DV09-014,PARTIAL
2348,85,BOILERPLATE,DV09-014,PARTIAL
2349,85,BOILERPLATE,DV09-014,PARTIAL
2350,85,BLANK,DV09-014,PARTIAL
2351,85,BOILERPLATE,DV09-014,PARTIAL
2352,85,BOILERPLATE,DV09-014,PARTIAL
2353,85,REVIEWED_TEXT,DV09-014,PARTIAL
2354,85,BLANK,DV09-014,PARTIAL
2355,85,REVIEWED_TEXT,DV09-014,PARTIAL
2356,85,BLANK,DV09-014,PARTIAL
2357,85,BLANK,DV09-014,PARTIAL
2358,85,BLANK,DV09-014,PARTIAL
2359,85,REVIEWED_TEXT,DV09-014,PARTIAL
2360,85,BLANK,DV09-014,PARTIAL
2361,85,REVIEWED_TEXT,DV09-014,PARTIAL
2362,85,REVIEWED_TEXT,DV09-014,PARTIAL
2363,85,BLANK,DV09-014,PARTIAL
2364,85,BLANK,DV09-014,PARTIAL
2365,85,REVIEWED_TEXT,DV09-014,PARTIAL
2366,85,BLANK,DV09-014,PARTIAL
2367,85,BLANK,DV09-014,PARTIAL
2368,85,REVIEWED_TEXT,DV09-014,PARTIAL
2369,85,BLANK,DV09-014,PARTIAL
2370,85,BLANK,DV09-014,PARTIAL
2371,85,REVIEWED_TEXT,DV09-014,PARTIAL
2372,85,REVIEWED_TEXT,DV09-014,PARTIAL
2373,85,BLANK,DV09-014,PARTIAL
2374,85,REVIEWED_TEXT,DV09-014,PARTIAL
2375,85,REVIEWED_TEXT,DV09-014,PARTIAL
2376,85,REVIEWED_TEXT,DV09-014,PARTIAL
2377,85,BLANK,DV09-014,PARTIAL
2378,85,REVIEWED_TEXT,DV09-014,PARTIAL
2379,85,BLANK,DV09-014,PARTIAL
2380,86,PAGE_MARKER,DV09-014,PARTIAL
2381,86,BOILERPLATE,DV09-014,PARTIAL
2382,86,BOILERPLATE,DV09-014,PARTIAL
2383,86,BLANK,DV09-014,PARTIAL
2384,86,BOILERPLATE,DV09-014,PARTIAL
2385,86,BOILERPLATE,DV09-014,PARTIAL
2386,86,REVIEWED_TEXT,DV09-014,PARTIAL
2387,86,REVIEWED_TEXT,DV09-014,PARTIAL
2388,86,BOILERPLATE,DV09-014,PARTIAL
2389,86,REVIEWED_TEXT,DV09-014,PARTIAL
2390,86,BOILERPLATE,DV09-014,PARTIAL
2391,86,REVIEWED_TEXT,DV09-014,PARTIAL
2392,86,BOILERPLATE,DV09-014,PARTIAL
2393,86,REVIEWED_TEXT,DV09-014,PARTIAL
2394,86,REVIEWED_TEXT,DV09-014,PARTIAL
2395,86,REVIEWED_TEXT,DV09-014,PARTIAL
2396,86,BLANK,DV09-014,PARTIAL
2397,87,PAGE_MARKER,DV09-015,VERIFIED_SUBSET
2398,87,BOILERPLATE,DV09-015,VERIFIED_SUBSET
2399,87,BOILERPLATE,DV09-015,VERIFIED_SUBSET
2400,87,BLANK,DV09-015,VERIFIED_SUBSET
2401,87,BOILERPLATE,DV09-015,VERIFIED_SUBSET
2402,87,BOILERPLATE,DV09-015,VERIFIED_SUBSET
2403,87,BLANK,DV09-015,VERIFIED_SUBSET
2404,87,BLANK,DV09-015,VERIFIED_SUBSET
2405,87,REVIEWED_TEXT,DV09-015,VERIFIED_SUBSET
2406,87,REVIEWED_TEXT,DV09-015,VERIFIED_SUBSET
2407,87,REVIEWED_TEXT,DV09-015,VERIFIED_SUBSET
2408,87,REVIEWED_TEXT,DV09-015,VERIFIED_SUBSET
2409,87,REVIEWED_TEXT,DV09-015,VERIFIED_SUBSET
2410,87,REVIEWED_TEXT,DV09-015,VERIFIED_SUBSET
2411,87,REVIEWED_TEXT,DV09-015,VERIFIED_SUBSET
2412,87,REVIEWED_TEXT,DV09-015,VERIFIED_SUBSET
2413,87,BLANK,DV09-015,VERIFIED_SUBSET
2414,87,BLANK,DV09-015,VERIFIED_SUBSET
2415,87,BLANK,DV09-015,VERIFIED_SUBSET
2416,88,PAGE_MARKER,DV09-015,VERIFIED_SUBSET
2417,88,BOILERPLATE,DV09-015,VERIFIED_SUBSET
2418,88,BOILERPLATE,DV09-015,VERIFIED_SUBSET
2419,88,BLANK,DV09-015,VERIFIED_SUBSET
2420,88,BOILERPLATE,DV09-015,VERIFIED_SUBSET
2421,88,BOILERPLATE,DV09-015,VERIFIED_SUBSET
2422,88,BLANK,DV09-015,VERIFIED_SUBSET
2423,88,REVIEWED_TEXT,DV09-015,VERIFIED_SUBSET
2424,88,REVIEWED_TEXT,DV09-015,VERIFIED_SUBSET
2425,88,REVIEWED_TEXT,DV09-015,VERIFIED_SUBSET
2426,88,REVIEWED_TEXT,DV09-015,VERIFIED_SUBSET
2427,88,REVIEWED_TEXT,DV09-015,VERIFIED_SUBSET
2428,88,REVIEWED_TEXT,DV09-015,VERIFIED_SUBSET
2429,88,BLANK,DV09-015,VERIFIED_SUBSET
2430,88,BLANK,DV09-015,VERIFIED_SUBSET
2431,89,PAGE_MARKER,DV09-016,PARTIAL
2432,89,BOILERPLATE,DV09-016,PARTIAL
2433,89,BOILERPLATE,DV09-016,PARTIAL
2434,89,BLANK,DV09-016,PARTIAL
2435,89,BOILERPLATE,DV09-016,PARTIAL
2436,89,BOILERPLATE,DV09-016,PARTIAL
2437,89,REVIEWED_TEXT,DV09-016,PARTIAL
2438,89,BLANK,DV09-016,PARTIAL
2439,90,PAGE_MARKER,DV09-016,PARTIAL
2440,90,BOILERPLATE,DV09-016,PARTIAL
2441,90,BOILERPLATE,DV09-016,PARTIAL
2442,90,BLANK,DV09-016,PARTIAL
2443,90,BOILERPLATE,DV09-016,PARTIAL
2444,90,BOILERPLATE,DV09-016,PARTIAL
2445,90,REVIEWED_TEXT,DV09-016,PARTIAL
2446,90,REVIEWED_TEXT,DV09-016,PARTIAL
2447,90,REVIEWED_TEXT,DV09-016,PARTIAL
2448,90,REVIEWED_TEXT,DV09-016,PARTIAL
2449,90,REVIEWED_TEXT,DV09-016,PARTIAL
2450,90,REVIEWED_TEXT,DV09-016,PARTIAL
2451,90,BLANK,DV09-016,PARTIAL
2452,90,BLANK,DV09-016,PARTIAL
2453,90,BLANK,DV09-016,PARTIAL
2454,90,REVIEWED_TEXT,DV09-016,PARTIAL
2455,90,REVIEWED_TEXT,DV09-016,PARTIAL
2456,90,BLANK,DV09-016,PARTIAL
2457,91,PAGE_MARKER,DV09-016,PARTIAL
2458,91,BOILERPLATE,DV09-016,PARTIAL
2459,91,BOILERPLATE,DV09-016,PARTIAL
2460,91,BLANK,DV09-016,PARTIAL
2461,91,BOILERPLATE,DV09-016,PARTIAL
2462,91,BOILERPLATE,DV09-016,PARTIAL
2463,91,REVIEWED_TEXT,DV09-016,PARTIAL
2464,91,REVIEWED_TEXT,DV09-016,PARTIAL
2465,91,BLANK,DV09-016,PARTIAL
2466,91,BLANK,DV09-016,PARTIAL
2467,91,BLANK,DV09-016,PARTIAL
2468,91,REVIEWED_TEXT,DV09-016,PARTIAL
2469,91,REVIEWED_TEXT,DV09-016,PARTIAL
2470,91,BLANK,DV09-016,PARTIAL
2471,91,REVIEWED_TEXT,DV09-016,PARTIAL
2472,91,REVIEWED_TEXT,DV09-016,PARTIAL
2473,91,BLANK,DV09-016,PARTIAL
2474,91,REVIEWED_TEXT,DV09-016,PARTIAL
2475,91,BLANK,DV09-016,PARTIAL
2476,91,BLANK,DV09-016,PARTIAL
2477,91,BLANK,DV09-016,PARTIAL
2478,91,REVIEWED_TEXT,DV09-016,PARTIAL
2479,91,BLANK,DV09-016,PARTIAL
2480,91,REVIEWED_TEXT,DV09-016,PARTIAL
2481,91,REVIEWED_TEXT,DV09-016,PARTIAL
2482,91,REVIEWED_TEXT,DV09-016,PARTIAL
2483,91,REVIEWED_TEXT,DV09-016,PARTIAL
2484,91,REVIEWED_TEXT,DV09-016,PARTIAL
2485,91,REVIEWED_TEXT,DV09-016,PARTIAL
2486,91,BLANK,DV09-016,PARTIAL
2487,91,REVIEWED_TEXT,DV09-016,PARTIAL
2488,91,REVIEWED_TEXT,DV09-016,PARTIAL
2489,91,REVIEWED_TEXT,DV09-016,PARTIAL
2490,91,REVIEWED_TEXT,DV09-016,PARTIAL
2491,91,REVIEWED_TEXT,DV09-016,PARTIAL
2492,91,REVIEWED_TEXT,DV09-016,PARTIAL
2493,91,BLANK,DV09-016,PARTIAL
2494,91,BLANK,DV09-016,PARTIAL
2495,91,REVIEWED_TEXT,DV09-016,PARTIAL
2496,91,BLANK,DV09-016,PARTIAL
2497,91,BLANK,DV09-016,PARTIAL
2498,91,BLANK,DV09-016,PARTIAL
2499,91,REVIEWED_TEXT,DV09-016,PARTIAL
2500,91,BLANK,DV09-016,PARTIAL
2501,91,REVIEWED_TEXT,DV09-016,PARTIAL
2502,91,REVIEWED_TEXT,DV09-016,PARTIAL
2503,91,REVIEWED_TEXT,DV09-016,PARTIAL
2504,91,REVIEWED_TEXT,DV09-016,PARTIAL
2505,91,REVIEWED_TEXT,DV09-016,PARTIAL
2506,91,REVIEWED_TEXT,DV09-016,PARTIAL
2507,91,BLANK,DV09-016,PARTIAL
2508,91,REVIEWED_TEXT,DV09-016,PARTIAL
2509,91,REVIEWED_TEXT,DV09-016,PARTIAL
2510,91,REVIEWED_TEXT,DV09-016,PARTIAL
2511,91,REVIEWED_TEXT,DV09-016,PARTIAL
2512,91,REVIEWED_TEXT,DV09-016,PARTIAL
2513,91,REVIEWED_TEXT,DV09-016,PARTIAL
2514,91,BLANK,DV09-016,PARTIAL
2515,92,PAGE_MARKER,DV09-017,PARTIAL
2516,92,BOILERPLATE,DV09-017,PARTIAL
2517,92,BOILERPLATE,DV09-017,PARTIAL
2518,92,BLANK,DV09-017,PARTIAL
2519,92,BOILERPLATE,DV09-017,PARTIAL
2520,92,BOILERPLATE,DV09-017,PARTIAL
2521,92,BLANK,DV09-017,PARTIAL
2522,93,PAGE_MARKER,DV09-017,PARTIAL
2523,93,BOILERPLATE,DV09-017,PARTIAL
2524,93,BOILERPLATE,DV09-017,PARTIAL
2525,93,BLANK,DV09-017,PARTIAL
2526,93,BOILERPLATE,DV09-017,PARTIAL
2527,93,BOILERPLATE,DV09-017,PARTIAL
2528,93,REVIEWED_TEXT,DV09-017,PARTIAL
2529,93,REVIEWED_TEXT,DV09-017,PARTIAL
2530,93,REVIEWED_TEXT,DV09-017,PARTIAL
2531,93,BLANK,DV09-017,PARTIAL
2532,94,PAGE_MARKER,DV09-017,PARTIAL
2533,94,BOILERPLATE,DV09-017,PARTIAL
2534,94,BOILERPLATE,DV09-017,PARTIAL
2535,94,BLANK,DV09-017,PARTIAL
2536,94,BOILERPLATE,DV09-017,PARTIAL
2537,94,BOILERPLATE,DV09-017,PARTIAL
2538,94,REVIEWED_TEXT,DV09-017,PARTIAL
2539,94,REVIEWED_TEXT,DV09-017,PARTIAL
2540,94,REVIEWED_TEXT,DV09-017,PARTIAL
2541,94,REVIEWED_TEXT,DV09-017,PARTIAL
2542,94,REVIEWED_TEXT,DV09-017,PARTIAL
2543,94,REVIEWED_TEXT,DV09-017,PARTIAL
2544,94,BOILERPLATE,DV09-017,PARTIAL
2545,94,REVIEWED_TEXT,DV09-017,PARTIAL
2546,94,REVIEWED_TEXT,DV09-017,PARTIAL
2547,94,REVIEWED_TEXT,DV09-017,PARTIAL
2548,94,REVIEWED_TEXT,DV09-017,PARTIAL
2549,94,REVIEWED_TEXT,DV09-017,PARTIAL
2550,94,REVIEWED_TEXT,DV09-017,PARTIAL
2551,94,REVIEWED_TEXT,DV09-017,PARTIAL
2552,94,BOILERPLATE,DV09-017,PARTIAL
2553,94,REVIEWED_TEXT,DV09-017,PARTIAL
2554,94,REVIEWED_TEXT,DV09-017,PARTIAL
2555,94,REVIEWED_TEXT,DV09-017,PARTIAL
2556,94,REVIEWED_TEXT,DV09-017,PARTIAL
2557,94,BLANK,DV09-017,PARTIAL
2558,95,PAGE_MARKER,DV09-017,PARTIAL
2559,95,BOILERPLATE,DV09-017,PARTIAL
2560,95,BOILERPLATE,DV09-017,PARTIAL
2561,95,BLANK,DV09-017,PARTIAL
2562,95,BOILERPLATE,DV09-017,PARTIAL
2563,95,BOILERPLATE,DV09-017,PARTIAL
2564,95,REVIEWED_TEXT,DV09-017,PARTIAL
2565,95,REVIEWED_TEXT,DV09-017,PARTIAL
2566,95,REVIEWED_TEXT,DV09-017,PARTIAL
2567,95,REVIEWED_TEXT,DV09-017,PARTIAL
2568,95,REVIEWED_TEXT,DV09-017,PARTIAL
2569,95,REVIEWED_TEXT,DV09-017,PARTIAL
2570,95,REVIEWED_TEXT,DV09-017,PARTIAL
2571,95,REVIEWED_TEXT,DV09-017,PARTIAL
2572,95,REVIEWED_TEXT,DV09-017,PARTIAL
2573,95,REVIEWED_TEXT,DV09-017,PARTIAL
2574,95,BLANK,DV09-017,PARTIAL
2575,96,PAGE_MARKER,DV09-018,PARTIAL
2576,96,BOILERPLATE,DV09-018,PARTIAL
2577,96,BOILERPLATE,DV09-018,PARTIAL
2578,96,BLANK,DV09-018,PARTIAL
2579,96,BOILERPLATE,DV09-018,PARTIAL
2580,96,BOILERPLATE,DV09-018,PARTIAL
2581,96,REVIEWED_TEXT,DV09-018,PARTIAL
2582,96,BOILERPLATE,DV09-018,PARTIAL
2583,96,REVIEWED_TEXT,DV09-018,PARTIAL
2584,96,REVIEWED_TEXT,DV09-018,PARTIAL
2585,96,REVIEWED_TEXT,DV09-018,PARTIAL
2586,96,BOILERPLATE,DV09-018,PARTIAL
2587,96,REVIEWED_TEXT,DV09-018,PARTIAL
2588,96,REVIEWED_TEXT,DV09-018,PARTIAL
2589,96,BOILERPLATE,DV09-018,PARTIAL
2590,96,REVIEWED_TEXT,DV09-018,PARTIAL
2591,96,REVIEWED_TEXT,DV09-018,PARTIAL
2592,96,REVIEWED_TEXT,DV09-018,PARTIAL
2593,96,REVIEWED_TEXT,DV09-018,PARTIAL
2594,96,BOILERPLATE,DV09-018,PARTIAL
2595,96,REVIEWED_TEXT,DV09-018,PARTIAL
2596,96,BLANK,DV09-018,PARTIAL
2597,97,PAGE_MARKER,DV09-018,PARTIAL
2598,97,BOILERPLATE,DV09-018,PARTIAL
2599,97,BOILERPLATE,DV09-018,PARTIAL
2600,97,BLANK,DV09-018,PARTIAL
2601,97,BOILERPLATE,DV09-018,PARTIAL
2602,97,BOILERPLATE,DV09-018,PARTIAL
2603,97,REVIEWED_TEXT,DV09-018,PARTIAL
2604,97,BOILERPLATE,DV09-018,PARTIAL
2605,97,REVIEWED_TEXT,DV09-018,PARTIAL
2606,97,REVIEWED_TEXT,DV09-018,PARTIAL
2607,97,REVIEWED_TEXT,DV09-018,PARTIAL
2608,97,BOILERPLATE,DV09-018,PARTIAL
2609,97,REVIEWED_TEXT,DV09-018,PARTIAL
2610,97,BOILERPLATE,DV09-018,PARTIAL
2611,97,REVIEWED_TEXT,DV09-018,PARTIAL
2612,97,BOILERPLATE,DV09-018,PARTIAL
2613,97,REVIEWED_TEXT,DV09-018,PARTIAL
2614,97,REVIEWED_TEXT,DV09-018,PARTIAL
2615,97,BLANK,DV09-018,PARTIAL
2616,98,PAGE_MARKER,DV09-018,PARTIAL
2617,98,BOILERPLATE,DV09-018,PARTIAL
2618,98,BOILERPLATE,DV09-018,PARTIAL
2619,98,BLANK,DV09-018,PARTIAL
2620,98,BOILERPLATE,DV09-018,PARTIAL
2621,98,BOILERPLATE,DV09-018,PARTIAL
2622,98,REVIEWED_TEXT,DV09-018,PARTIAL
2623,98,REVIEWED_TEXT,DV09-018,PARTIAL
2624,98,REVIEWED_TEXT,DV09-018,PARTIAL
2625,98,REVIEWED_TEXT,DV09-018,PARTIAL
2626,98,REVIEWED_TEXT,DV09-018,PARTIAL
2627,98,REVIEWED_TEXT,DV09-018,PARTIAL
2628,98,REVIEWED_TEXT,DV09-018,PARTIAL
2629,98,REVIEWED_TEXT,DV09-018,PARTIAL
2630,98,REVIEWED_TEXT,DV09-018,PARTIAL
2631,98,REVIEWED_TEXT,DV09-018,PARTIAL
2632,98,REVIEWED_TEXT,DV09-018,PARTIAL
2633,98,REVIEWED_TEXT,DV09-018,PARTIAL
2634,98,BLANK,DV09-018,PARTIAL
2635,99,PAGE_MARKER,DV09-019,PARTIAL
2636,99,BOILERPLATE,DV09-019,PARTIAL
2637,99,BOILERPLATE,DV09-019,PARTIAL
2638,99,BLANK,DV09-019,PARTIAL
2639,99,BOILERPLATE,DV09-019,PARTIAL
2640,99,BOILERPLATE,DV09-019,PARTIAL
2641,99,REVIEWED_TEXT,DV09-019,PARTIAL
2642,99,REVIEWED_TEXT,DV09-019,PARTIAL
2643,99,REVIEWED_TEXT,DV09-019,PARTIAL
2644,99,REVIEWED_TEXT,DV09-019,PARTIAL
2645,99,REVIEWED_TEXT,DV09-019,PARTIAL
2646,99,REVIEWED_TEXT,DV09-019,PARTIAL
2647,99,BLANK,DV09-019,PARTIAL
2648,100,PAGE_MARKER,DV09-019,PARTIAL
2649,100,BOILERPLATE,DV09-019,PARTIAL
2650,100,BOILERPLATE,DV09-019,PARTIAL
2651,100,BLANK,DV09-019,PARTIAL
2652,100,BOILERPLATE,DV09-019,PARTIAL
2653,100,BOILERPLATE,DV09-019,PARTIAL
2654,100,REVIEWED_TEXT,DV09-019,PARTIAL
2655,100,REVIEWED_TEXT,DV09-019,PARTIAL
2656,100,REVIEWED_TEXT,DV09-019,PARTIAL
2657,100,REVIEWED_TEXT,DV09-019,PARTIAL
2658,100,REVIEWED_TEXT,DV09-019,PARTIAL
2659,100,REVIEWED_TEXT,DV09-019,PARTIAL
2660,100,REVIEWED_TEXT,DV09-019,PARTIAL
2661,100,BLANK,DV09-019,PARTIAL
2662,101,PAGE_MARKER,DV09-019,PARTIAL
2663,101,BOILERPLATE,DV09-019,PARTIAL
2664,101,BOILERPLATE,DV09-019,PARTIAL
2665,101,BLANK,DV09-019,PARTIAL
2666,101,BOILERPLATE,DV09-019,PARTIAL
2667,101,BOILERPLATE,DV09-019,PARTIAL
2668,101,REVIEWED_TEXT,DV09-019,PARTIAL
2669,101,BLANK,DV09-019,PARTIAL
2670,102,PAGE_MARKER,DV09-019,PARTIAL
2671,102,BOILERPLATE,DV09-019,PARTIAL
2672,102,BOILERPLATE,DV09-019,PARTIAL
2673,102,BLANK,DV09-019,PARTIAL
2674,102,BOILERPLATE,DV09-019,PARTIAL
2675,102,BOILERPLATE,DV09-019,PARTIAL
2676,102,REVIEWED_TEXT,DV09-019,PARTIAL
2677,102,REVIEWED_TEXT,DV09-019,PARTIAL
2678,102,REVIEWED_TEXT,DV09-019,PARTIAL
2679,102,REVIEWED_TEXT,DV09-019,PARTIAL
2680,102,REVIEWED_TEXT,DV09-019,PARTIAL
2681,102,BOILERPLATE,DV09-019,PARTIAL
2682,102,REVIEWED_TEXT,DV09-019,PARTIAL
2683,102,REVIEWED_TEXT,DV09-019,PARTIAL
2684,102,BOILERPLATE,DV09-019,PARTIAL
2685,102,REVIEWED_TEXT,DV09-019,PARTIAL
2686,102,BOILERPLATE,DV09-019,PARTIAL
2687,102,REVIEWED_TEXT,DV09-019,PARTIAL
2688,102,REVIEWED_TEXT,DV09-019,PARTIAL
2689,102,BOILERPLATE,DV09-019,PARTIAL
2690,102,REVIEWED_TEXT,DV09-019,PARTIAL
2691,102,REVIEWED_TEXT,DV09-019,PARTIAL
2692,102,REVIEWED_TEXT,DV09-019,PARTIAL
2693,102,BLANK,DV09-019,PARTIAL
2694,103,PAGE_MARKER,DV09-019,PARTIAL
2695,103,BOILERPLATE,DV09-019,PARTIAL
2696,103,BOILERPLATE,DV09-019,PARTIAL
2697,103,BLANK,DV09-019,PARTIAL
2698,103,BOILERPLATE,DV09-019,PARTIAL
2699,103,BOILERPLATE,DV09-019,PARTIAL
2700,103,REVIEWED_TEXT,DV09-019,PARTIAL
2701,103,REVIEWED_TEXT,DV09-019,PARTIAL
2702,103,BLANK,DV09-019,PARTIAL
2703,104,PAGE_MARKER,DV09-019,PARTIAL
2704,104,BOILERPLATE,DV09-019,PARTIAL
2705,104,BOILERPLATE,DV09-019,PARTIAL
2706,104,BLANK,DV09-019,PARTIAL
2707,104,BOILERPLATE,DV09-019,PARTIAL
2708,104,BOILERPLATE,DV09-019,PARTIAL
2709,104,REVIEWED_TEXT,DV09-019,PARTIAL
2710,104,REVIEWED_TEXT,DV09-019,PARTIAL
2711,104,REVIEWED_TEXT,DV09-019,PARTIAL
2712,104,REVIEWED_TEXT,DV09-019,PARTIAL
2713,104,REVIEWED_TEXT,DV09-019,PARTIAL
2714,104,BLANK,DV09-019,PARTIAL
2715,105,PAGE_MARKER,DV09-020,CONTEXT
2716,105,BOILERPLATE,DV09-020,CONTEXT
2717,105,BOILERPLATE,DV09-020,CONTEXT
2718,105,BLANK,DV09-020,CONTEXT
2719,105,BOILERPLATE,DV09-020,CONTEXT
2720,105,BOILERPLATE,DV09-020,CONTEXT
2721,105,REVIEWED_TEXT,DV09-020,CONTEXT
2722,105,REVIEWED_TEXT,DV09-020,CONTEXT
2723,105,BOILERPLATE,DV09-020,CONTEXT
2724,105,REVIEWED_TEXT,DV09-020,CONTEXT
2725,105,BOILERPLATE,DV09-020,CONTEXT
2726,105,REVIEWED_TEXT,DV09-020,CONTEXT
2727,105,BOILERPLATE,DV09-020,CONTEXT
2728,105,REVIEWED_TEXT,DV09-020,CONTEXT
2729,105,BOILERPLATE,DV09-020,CONTEXT
2730,105,REVIEWED_TEXT,DV09-020,CONTEXT
2731,105,BOILERPLATE,DV09-020,CONTEXT
2732,105,REVIEWED_TEXT,DV09-020,CONTEXT
2733,105,BLANK,DV09-020,CONTEXT
2734,106,PAGE_MARKER,DV09-020,CONTEXT
2735,106,BLANK,DV09-020,CONTEXT
2736,106,BLANK,DV09-020,CONTEXT
2737,106,BLANK,DV09-020,CONTEXT
2738,106,BLANK,DV09-020,CONTEXT
2739,106,BLANK,DV09-020,CONTEXT
2740,106,BOILERPLATE,DV09-020,CONTEXT
2741,106,BOILERPLATE,DV09-020,CONTEXT
2742,106,REVIEWED_TEXT,DV09-020,CONTEXT
2743,106,BLANK,DV09-020,CONTEXT
2744,107,PAGE_MARKER,DV09-020,CONTEXT
2745,107,BOILERPLATE,DV09-020,CONTEXT
2746,107,BOILERPLATE,DV09-020,CONTEXT
2747,107,BLANK,DV09-020,CONTEXT
2748,107,BOILERPLATE,DV09-020,CONTEXT
2749,107,BOILERPLATE,DV09-020,CONTEXT
2750,107,BLANK,DV09-020,CONTEXT
2751,108,PAGE_MARKER,DV09-020,CONTEXT
2752,108,BOILERPLATE,DV09-020,CONTEXT
2753,108,BOILERPLATE,DV09-020,CONTEXT
2754,108,BLANK,DV09-020,CONTEXT
2755,108,BOILERPLATE,DV09-020,CONTEXT
2756,108,BOILERPLATE,DV09-020,CONTEXT
2757,108,REVIEWED_TEXT,DV09-020,CONTEXT
2758,108,REVIEWED_TEXT,DV09-020,CONTEXT
2759,108,BOILERPLATE,DV09-020,CONTEXT
2760,108,REVIEWED_TEXT,DV09-020,CONTEXT
2761,108,BOILERPLATE,DV09-020,CONTEXT
2762,108,REVIEWED_TEXT,DV09-020,CONTEXT
2763,108,BOILERPLATE,DV09-020,CONTEXT
2764,108,REVIEWED_TEXT,DV09-020,CONTEXT
2765,108,BOILERPLATE,DV09-020,CONTEXT
2766,108,REVIEWED_TEXT,DV09-020,CONTEXT
2767,108,BOILERPLATE,DV09-020,CONTEXT
2768,108,REVIEWED_TEXT,DV09-020,CONTEXT
2769,108,BOILERPLATE,DV09-020,CONTEXT
2770,108,REVIEWED_TEXT,DV09-020,CONTEXT
2771,108,BOILERPLATE,DV09-020,CONTEXT
2772,108,REVIEWED_TEXT,DV09-020,CONTEXT
2773,108,BOILERPLATE,DV09-020,CONTEXT
2774,108,REVIEWED_TEXT,DV09-020,CONTEXT
2775,108,BLANK,DV09-020,CONTEXT
2776,109,PAGE_MARKER,DV09-021,PARTIAL
2777,109,BOILERPLATE,DV09-021,PARTIAL
2778,109,BOILERPLATE,DV09-021,PARTIAL
2779,109,BLANK,DV09-021,PARTIAL
2780,109,BOILERPLATE,DV09-021,PARTIAL
2781,109,BOILERPLATE,DV09-021,PARTIAL
2782,109,REVIEWED_TEXT,DV09-021,PARTIAL
2783,109,BLANK,DV09-021,PARTIAL
2784,109,REVIEWED_TEXT,DV09-021,PARTIAL
2785,109,REVIEWED_TEXT,DV09-021,PARTIAL
2786,109,REVIEWED_TEXT,DV09-021,PARTIAL
2787,109,REVIEWED_TEXT,DV09-021,PARTIAL
2788,109,REVIEWED_TEXT,DV09-021,PARTIAL
2789,109,REVIEWED_TEXT,DV09-021,PARTIAL
2790,109,REVIEWED_TEXT,DV09-021,PARTIAL
2791,109,REVIEWED_TEXT,DV09-021,PARTIAL
2792,109,REVIEWED_TEXT,DV09-021,PARTIAL
2793,109,REVIEWED_TEXT,DV09-021,PARTIAL
2794,109,BLANK,DV09-021,PARTIAL
2795,109,REVIEWED_TEXT,DV09-021,PARTIAL
2796,109,BLANK,DV09-021,PARTIAL
2797,109,REVIEWED_TEXT,DV09-021,PARTIAL
2798,109,BLANK,DV09-021,PARTIAL
2799,109,REVIEWED_TEXT,DV09-021,PARTIAL
2800,109,BLANK,DV09-021,PARTIAL
2801,109,REVIEWED_TEXT,DV09-021,PARTIAL
2802,109,BLANK,DV09-021,PARTIAL
2803,109,REVIEWED_TEXT,DV09-021,PARTIAL
2804,109,REVIEWED_TEXT,DV09-021,PARTIAL
2805,109,BLANK,DV09-021,PARTIAL
2806,109,REVIEWED_TEXT,DV09-021,PARTIAL
2807,109,BLANK,DV09-021,PARTIAL
2808,110,PAGE_MARKER,DV09-021,PARTIAL
2809,110,BOILERPLATE,DV09-021,PARTIAL
2810,110,BOILERPLATE,DV09-021,PARTIAL
2811,110,BLANK,DV09-021,PARTIAL
2812,110,BOILERPLATE,DV09-021,PARTIAL
2813,110,BOILERPLATE,DV09-021,PARTIAL
2814,110,REVIEWED_TEXT,DV09-021,PARTIAL
2815,110,REVIEWED_TEXT,DV09-021,PARTIAL
2816,110,BOILERPLATE,DV09-021,PARTIAL
2817,110,REVIEWED_TEXT,DV09-021,PARTIAL
2818,110,BOILERPLATE,DV09-021,PARTIAL
2819,110,REVIEWED_TEXT,DV09-021,PARTIAL
2820,110,BOILERPLATE,DV09-021,PARTIAL
2821,110,REVIEWED_TEXT,DV09-021,PARTIAL
2822,110,BOILERPLATE,DV09-021,PARTIAL
2823,110,REVIEWED_TEXT,DV09-021,PARTIAL
2824,110,BOILERPLATE,DV09-021,PARTIAL
2825,110,REVIEWED_TEXT,DV09-021,PARTIAL
2826,110,BOILERPLATE,DV09-021,PARTIAL
2827,110,REVIEWED_TEXT,DV09-021,PARTIAL
2828,110,BOILERPLATE,DV09-021,PARTIAL
2829,110,REVIEWED_TEXT,DV09-021,PARTIAL
2830,110,BOILERPLATE,DV09-021,PARTIAL
2831,110,REVIEWED_TEXT,DV09-021,PARTIAL
2832,110,BOILERPLATE,DV09-021,PARTIAL
2833,110,REVIEWED_TEXT,DV09-021,PARTIAL
2834,110,BLANK,DV09-021,PARTIAL
2835,111,PAGE_MARKER,DV09-022,PARTIAL
2836,111,BOILERPLATE,DV09-022,PARTIAL
2837,111,BOILERPLATE,DV09-022,PARTIAL
2838,111,BLANK,DV09-022,PARTIAL
2839,111,BOILERPLATE,DV09-022,PARTIAL
2840,111,BOILERPLATE,DV09-022,PARTIAL
2841,111,REVIEWED_TEXT,DV09-022,PARTIAL
2842,111,REVIEWED_TEXT,DV09-022,PARTIAL
2843,111,BLANK,DV09-022,PARTIAL
2844,111,REVIEWED_TEXT,DV09-022,PARTIAL
2845,111,BLANK,DV09-022,PARTIAL
2846,111,BLANK,DV09-022,PARTIAL
2847,111,REVIEWED_TEXT,DV09-022,PARTIAL
2848,111,BLANK,DV09-022,PARTIAL
2849,112,PAGE_MARKER,DV09-022,PARTIAL
2850,112,BOILERPLATE,DV09-022,PARTIAL
2851,112,BOILERPLATE,DV09-022,PARTIAL
2852,112,BLANK,DV09-022,PARTIAL
2853,112,BOILERPLATE,DV09-022,PARTIAL
2854,112,BOILERPLATE,DV09-022,PARTIAL
2855,112,REVIEWED_TEXT,DV09-022,PARTIAL
2856,112,REVIEWED_TEXT,DV09-022,PARTIAL
2857,112,REVIEWED_TEXT,DV09-022,PARTIAL
2858,112,REVIEWED_TEXT,DV09-022,PARTIAL
2859,112,BOILERPLATE,DV09-022,PARTIAL
2860,112,REVIEWED_TEXT,DV09-022,PARTIAL
2861,112,REVIEWED_TEXT,DV09-022,PARTIAL
2862,112,BOILERPLATE,DV09-022,PARTIAL
2863,112,REVIEWED_TEXT,DV09-022,PARTIAL
2864,112,REVIEWED_TEXT,DV09-022,PARTIAL
2865,112,BOILERPLATE,DV09-022,PARTIAL
2866,112,REVIEWED_TEXT,DV09-022,PARTIAL
2867,112,REVIEWED_TEXT,DV09-022,PARTIAL
2868,112,REVIEWED_TEXT,DV09-022,PARTIAL
2869,112,BOILERPLATE,DV09-022,PARTIAL
2870,112,REVIEWED_TEXT,DV09-022,PARTIAL
2871,112,REVIEWED_TEXT,DV09-022,PARTIAL
2872,112,BOILERPLATE,DV09-022,PARTIAL
2873,112,REVIEWED_TEXT,DV09-022,PARTIAL
2874,112,REVIEWED_TEXT,DV09-022,PARTIAL
2875,112,BOILERPLATE,DV09-022,PARTIAL
2876,112,REVIEWED_TEXT,DV09-022,PARTIAL
2877,112,BLANK,DV09-022,PARTIAL
2878,113,PAGE_MARKER,DV09-022,PARTIAL
2879,113,BOILERPLATE,DV09-022,PARTIAL
2880,113,BOILERPLATE,DV09-022,PARTIAL
2881,113,BLANK,DV09-022,PARTIAL
2882,113,BOILERPLATE,DV09-022,PARTIAL
2883,113,BOILERPLATE,DV09-022,PARTIAL
2884,113,REVIEWED_TEXT,DV09-022,PARTIAL
2885,113,REVIEWED_TEXT,DV09-022,PARTIAL
2886,113,REVIEWED_TEXT,DV09-022,PARTIAL
2887,113,REVIEWED_TEXT,DV09-022,PARTIAL
2888,113,REVIEWED_TEXT,DV09-022,PARTIAL
2889,113,REVIEWED_TEXT,DV09-022,PARTIAL
2890,113,BLANK,DV09-022,PARTIAL
2891,114,PAGE_MARKER,DV09-022,PARTIAL
2892,114,BOILERPLATE,DV09-022,PARTIAL
2893,114,BOILERPLATE,DV09-022,PARTIAL
2894,114,BLANK,DV09-022,PARTIAL
2895,114,BOILERPLATE,DV09-022,PARTIAL
2896,114,BOILERPLATE,DV09-022,PARTIAL
2897,114,REVIEWED_TEXT,DV09-022,PARTIAL
2898,114,REVIEWED_TEXT,DV09-022,PARTIAL
2899,114,REVIEWED_TEXT,DV09-022,PARTIAL
2900,114,REVIEWED_TEXT,DV09-022,PARTIAL
2901,114,REVIEWED_TEXT,DV09-022,PARTIAL
2902,114,BLANK,DV09-022,PARTIAL
2903,115,PAGE_MARKER,DV09-023,PARTIAL
2904,115,BOILERPLATE,DV09-023,PARTIAL
2905,115,BOILERPLATE,DV09-023,PARTIAL
2906,115,BLANK,DV09-023,PARTIAL
2907,115,BOILERPLATE,DV09-023,PARTIAL
2908,115,BOILERPLATE,DV09-023,PARTIAL
2909,115,REVIEWED_TEXT,DV09-023,PARTIAL
2910,115,REVIEWED_TEXT,DV09-023,PARTIAL
2911,115,REVIEWED_TEXT,DV09-023,PARTIAL
2912,115,REVIEWED_TEXT,DV09-023,PARTIAL
2913,115,REVIEWED_TEXT,DV09-023,PARTIAL
2914,115,REVIEWED_TEXT,DV09-023,PARTIAL
2915,115,BLANK,DV09-023,PARTIAL
2916,116,PAGE_MARKER,DV09-023,PARTIAL
2917,116,BOILERPLATE,DV09-023,PARTIAL
2918,116,BOILERPLATE,DV09-023,PARTIAL
2919,116,BLANK,DV09-023,PARTIAL
2920,116,BOILERPLATE,DV09-023,PARTIAL
2921,116,BOILERPLATE,DV09-023,PARTIAL
2922,116,REVIEWED_TEXT,DV09-023,PARTIAL
2923,116,REVIEWED_TEXT,DV09-023,PARTIAL
2924,116,REVIEWED_TEXT,DV09-023,PARTIAL
2925,116,REVIEWED_TEXT,DV09-023,PARTIAL
2926,116,REVIEWED_TEXT,DV09-023,PARTIAL
2927,116,REVIEWED_TEXT,DV09-023,PARTIAL
2928,116,REVIEWED_TEXT,DV09-023,PARTIAL
2929,116,REVIEWED_TEXT,DV09-023,PARTIAL
2930,116,REVIEWED_TEXT,DV09-023,PARTIAL
2931,116,REVIEWED_TEXT,DV09-023,PARTIAL
2932,116,REVIEWED_TEXT,DV09-023,PARTIAL
2933,116,REVIEWED_TEXT,DV09-023,PARTIAL
2934,116,REVIEWED_TEXT,DV09-023,PARTIAL
2935,116,REVIEWED_TEXT,DV09-023,PARTIAL
2936,116,REVIEWED_TEXT,DV09-023,PARTIAL
2937,116,REVIEWED_TEXT,DV09-023,PARTIAL
2938,116,REVIEWED_TEXT,DV09-023,PARTIAL
2939,116,BLANK,DV09-023,PARTIAL
2940,117,PAGE_MARKER,DV09-024,PARTIAL
2941,117,BOILERPLATE,DV09-024,PARTIAL
2942,117,BOILERPLATE,DV09-024,PARTIAL
2943,117,BLANK,DV09-024,PARTIAL
2944,117,BOILERPLATE,DV09-024,PARTIAL
2945,117,BOILERPLATE,DV09-024,PARTIAL
2946,117,REVIEWED_TEXT,DV09-024,PARTIAL
2947,117,BLANK,DV09-024,PARTIAL
2948,117,BLANK,DV09-024,PARTIAL
2949,117,BLANK,DV09-024,PARTIAL
2950,117,BLANK,DV09-024,PARTIAL
2951,117,BLANK,DV09-024,PARTIAL
2952,117,BLANK,DV09-024,PARTIAL
2953,117,BLANK,DV09-024,PARTIAL
2954,117,BLANK,DV09-024,PARTIAL
2955,117,BLANK,DV09-024,PARTIAL
2956,117,BLANK,DV09-024,PARTIAL
2957,117,BLANK,DV09-024,PARTIAL
2958,117,REVIEWED_TEXT,DV09-024,PARTIAL
2959,117,BLANK,DV09-024,PARTIAL
2960,117,BLANK,DV09-024,PARTIAL
2961,117,REVIEWED_TEXT,DV09-024,PARTIAL
2962,117,REVIEWED_TEXT,DV09-024,PARTIAL
2963,117,BLANK,DV09-024,PARTIAL
2964,117,BLANK,DV09-024,PARTIAL
2965,117,BLANK,DV09-024,PARTIAL
2966,117,BLANK,DV09-024,PARTIAL
2967,117,BLANK,DV09-024,PARTIAL
2968,117,REVIEWED_TEXT,DV09-024,PARTIAL
2969,117,REVIEWED_TEXT,DV09-024,PARTIAL
2970,117,REVIEWED_TEXT,DV09-024,PARTIAL
2971,117,BLANK,DV09-024,PARTIAL
2972,118,PAGE_MARKER,DV09-024,PARTIAL
2973,118,BOILERPLATE,DV09-024,PARTIAL
2974,118,BOILERPLATE,DV09-024,PARTIAL
2975,118,BLANK,DV09-024,PARTIAL
2976,118,BOILERPLATE,DV09-024,PARTIAL
2977,118,BOILERPLATE,DV09-024,PARTIAL
2978,118,REVIEWED_TEXT,DV09-024,PARTIAL
2979,118,REVIEWED_TEXT,DV09-024,PARTIAL
2980,118,REVIEWED_TEXT,DV09-024,PARTIAL
2981,118,REVIEWED_TEXT,DV09-024,PARTIAL
2982,118,REVIEWED_TEXT,DV09-024,PARTIAL
2983,118,REVIEWED_TEXT,DV09-024,PARTIAL
2984,118,BLANK,DV09-024,PARTIAL
2985,119,PAGE_MARKER,DV09-024,PARTIAL
2986,119,BOILERPLATE,DV09-024,PARTIAL
2987,119,BOILERPLATE,DV09-024,PARTIAL
2988,119,BLANK,DV09-024,PARTIAL
2989,119,BOILERPLATE,DV09-024,PARTIAL
2990,119,BOILERPLATE,DV09-024,PARTIAL
2991,119,REVIEWED_TEXT,DV09-024,PARTIAL
2992,119,REVIEWED_TEXT,DV09-024,PARTIAL
2993,119,BLANK,DV09-024,PARTIAL
2994,119,BLANK,DV09-024,PARTIAL
2995,119,BLANK,DV09-024,PARTIAL
2996,119,BLANK,DV09-024,PARTIAL
2997,119,REVIEWED_TEXT,DV09-024,PARTIAL
2998,119,BLANK,DV09-024,PARTIAL
2999,119,REVIEWED_TEXT,DV09-024,PARTIAL
3000,119,REVIEWED_TEXT,DV09-024,PARTIAL
3001,119,REVIEWED_TEXT,DV09-024,PARTIAL
3002,119,REVIEWED_TEXT,DV09-024,PARTIAL
3003,119,REVIEWED_TEXT,DV09-024,PARTIAL
3004,119,BLANK,DV09-024,PARTIAL
3005,120,PAGE_MARKER,DV09-024,PARTIAL
3006,120,BOILERPLATE,DV09-024,PARTIAL
3007,120,BOILERPLATE,DV09-024,PARTIAL
3008,120,BLANK,DV09-024,PARTIAL
3009,120,BOILERPLATE,DV09-024,PARTIAL
3010,120,BOILERPLATE,DV09-024,PARTIAL
3011,120,REVIEWED_TEXT,DV09-024,PARTIAL
3012,120,REVIEWED_TEXT,DV09-024,PARTIAL
3013,120,REVIEWED_TEXT,DV09-024,PARTIAL
3014,120,REVIEWED_TEXT,DV09-024,PARTIAL
3015,120,REVIEWED_TEXT,DV09-024,PARTIAL
3016,120,REVIEWED_TEXT,DV09-024,PARTIAL
3017,120,REVIEWED_TEXT,DV09-024,PARTIAL
3018,120,BLANK,DV09-024,PARTIAL
3019,120,REVIEWED_TEXT,DV09-024,PARTIAL
3020,120,REVIEWED_TEXT,DV09-024,PARTIAL
3021,120,REVIEWED_TEXT,DV09-024,PARTIAL
3022,120,BLANK,DV09-024,PARTIAL
3023,120,REVIEWED_TEXT,DV09-024,PARTIAL
3024,120,REVIEWED_TEXT,DV09-024,PARTIAL
3025,120,REVIEWED_TEXT,DV09-024,PARTIAL
3026,120,REVIEWED_TEXT,DV09-024,PARTIAL
3027,120,REVIEWED_TEXT,DV09-024,PARTIAL
3028,120,REVIEWED_TEXT,DV09-024,PARTIAL
3029,120,BLANK,DV09-024,PARTIAL
3030,121,PAGE_MARKER,DV09-025,PARTIAL
3031,121,BOILERPLATE,DV09-025,PARTIAL
3032,121,BOILERPLATE,DV09-025,PARTIAL
3033,121,BLANK,DV09-025,PARTIAL
3034,121,BOILERPLATE,DV09-025,PARTIAL
3035,121,BOILERPLATE,DV09-025,PARTIAL
3036,121,REVIEWED_TEXT,DV09-025,PARTIAL
3037,121,BLANK,DV09-025,PARTIAL
3038,121,BLANK,DV09-025,PARTIAL
3039,121,BLANK,DV09-025,PARTIAL
3040,121,BLANK,DV09-025,PARTIAL
3041,121,BLANK,DV09-025,PARTIAL
3042,121,BLANK,DV09-025,PARTIAL
3043,121,BLANK,DV09-025,PARTIAL
3044,121,BLANK,DV09-025,PARTIAL
3045,121,BLANK,DV09-025,PARTIAL
3046,121,BLANK,DV09-025,PARTIAL
3047,121,BLANK,DV09-025,PARTIAL
3048,121,REVIEWED_TEXT,DV09-025,PARTIAL
3049,121,BLANK,DV09-025,PARTIAL
3050,121,BLANK,DV09-025,PARTIAL
3051,121,REVIEWED_TEXT,DV09-025,PARTIAL
3052,121,BLANK,DV09-025,PARTIAL
3053,121,BLANK,DV09-025,PARTIAL
3054,121,BLANK,DV09-025,PARTIAL
3055,121,BLANK,DV09-025,PARTIAL
3056,121,BLANK,DV09-025,PARTIAL
3057,121,REVIEWED_TEXT,DV09-025,PARTIAL
3058,121,REVIEWED_TEXT,DV09-025,PARTIAL
3059,121,REVIEWED_TEXT,DV09-025,PARTIAL
3060,121,BLANK,DV09-025,PARTIAL
3061,122,PAGE_MARKER,DV09-025,PARTIAL
3062,122,BOILERPLATE,DV09-025,PARTIAL
3063,122,BOILERPLATE,DV09-025,PARTIAL
3064,122,BLANK,DV09-025,PARTIAL
3065,122,BOILERPLATE,DV09-025,PARTIAL
3066,122,BOILERPLATE,DV09-025,PARTIAL
3067,122,REVIEWED_TEXT,DV09-025,PARTIAL
3068,122,REVIEWED_TEXT,DV09-025,PARTIAL
3069,122,REVIEWED_TEXT,DV09-025,PARTIAL
3070,122,REVIEWED_TEXT,DV09-025,PARTIAL
3071,122,REVIEWED_TEXT,DV09-025,PARTIAL
3072,122,REVIEWED_TEXT,DV09-025,PARTIAL
3073,122,BLANK,DV09-025,PARTIAL
3074,123,PAGE_MARKER,DV09-025,PARTIAL
3075,123,BOILERPLATE,DV09-025,PARTIAL
3076,123,BOILERPLATE,DV09-025,PARTIAL
3077,123,BLANK,DV09-025,PARTIAL
3078,123,BOILERPLATE,DV09-025,PARTIAL
3079,123,BOILERPLATE,DV09-025,PARTIAL
3080,123,REVIEWED_TEXT,DV09-025,PARTIAL
3081,123,REVIEWED_TEXT,DV09-025,PARTIAL
3082,123,REVIEWED_TEXT,DV09-025,PARTIAL
3083,123,REVIEWED_TEXT,DV09-025,PARTIAL
3084,123,REVIEWED_TEXT,DV09-025,PARTIAL
3085,123,REVIEWED_TEXT,DV09-025,PARTIAL
3086,123,BLANK,DV09-025,PARTIAL
3087,123,REVIEWED_TEXT,DV09-025,PARTIAL
3088,123,REVIEWED_TEXT,DV09-025,PARTIAL
3089,123,REVIEWED_TEXT,DV09-025,PARTIAL
3090,123,REVIEWED_TEXT,DV09-025,PARTIAL
3091,123,REVIEWED_TEXT,DV09-025,PARTIAL
3092,123,REVIEWED_TEXT,DV09-025,PARTIAL
3093,123,BLANK,DV09-025,PARTIAL
3094,124,PAGE_MARKER,DV09-025,PARTIAL
3095,124,BOILERPLATE,DV09-025,PARTIAL
3096,124,BOILERPLATE,DV09-025,PARTIAL
3097,124,BLANK,DV09-025,PARTIAL
3098,124,BOILERPLATE,DV09-025,PARTIAL
3099,124,BOILERPLATE,DV09-025,PARTIAL
3100,124,REVIEWED_TEXT,DV09-025,PARTIAL
3101,124,REVIEWED_TEXT,DV09-025,PARTIAL
3102,124,REVIEWED_TEXT,DV09-025,PARTIAL
3103,124,BLANK,DV09-025,PARTIAL
3104,124,REVIEWED_TEXT,DV09-025,PARTIAL
3105,124,REVIEWED_TEXT,DV09-025,PARTIAL
3106,124,BLANK,DV09-025,PARTIAL
3107,124,REVIEWED_TEXT,DV09-025,PARTIAL
3108,124,REVIEWED_TEXT,DV09-025,PARTIAL
3109,124,BLANK,DV09-025,PARTIAL
3110,124,REVIEWED_TEXT,DV09-025,PARTIAL
3111,124,REVIEWED_TEXT,DV09-025,PARTIAL
3112,124,BLANK,DV09-025,PARTIAL
3113,124,REVIEWED_TEXT,DV09-025,PARTIAL
3114,124,REVIEWED_TEXT,DV09-025,PARTIAL
3115,124,BLANK,DV09-025,PARTIAL
3116,124,BLANK,DV09-025,PARTIAL
3117,124,REVIEWED_TEXT,DV09-025,PARTIAL
3118,124,BLANK,DV09-025,PARTIAL
3119,124,REVIEWED_TEXT,DV09-025,PARTIAL
3120,124,REVIEWED_TEXT,DV09-025,PARTIAL
3121,124,BLANK,DV09-025,PARTIAL
3122,124,REVIEWED_TEXT,DV09-025,PARTIAL
3123,124,REVIEWED_TEXT,DV09-025,PARTIAL
3124,124,BLANK,DV09-025,PARTIAL
3125,124,REVIEWED_TEXT,DV09-025,PARTIAL
3126,124,REVIEWED_TEXT,DV09-025,PARTIAL
3127,124,BLANK,DV09-025,PARTIAL
3128,125,PAGE_MARKER,DV09-026,PARTIAL
3129,125,BOILERPLATE,DV09-026,PARTIAL
3130,125,BOILERPLATE,DV09-026,PARTIAL
3131,125,BLANK,DV09-026,PARTIAL
3132,125,BOILERPLATE,DV09-026,PARTIAL
3133,125,BOILERPLATE,DV09-026,PARTIAL
3134,125,REVIEWED_TEXT,DV09-026,PARTIAL
3135,125,REVIEWED_TEXT,DV09-026,PARTIAL
3136,125,BLANK,DV09-026,PARTIAL
3137,125,BLANK,DV09-026,PARTIAL
3138,126,PAGE_MARKER,DV09-026,PARTIAL
3139,126,BOILERPLATE,DV09-026,PARTIAL
3140,126,BOILERPLATE,DV09-026,PARTIAL
3141,126,BLANK,DV09-026,PARTIAL
3142,126,BOILERPLATE,DV09-026,PARTIAL
3143,126,BOILERPLATE,DV09-026,PARTIAL
3144,126,REVIEWED_TEXT,DV09-026,PARTIAL
3145,126,REVIEWED_TEXT,DV09-026,PARTIAL
3146,126,REVIEWED_TEXT,DV09-026,PARTIAL
3147,126,REVIEWED_TEXT,DV09-026,PARTIAL
3148,126,BLANK,DV09-026,PARTIAL
3149,126,REVIEWED_TEXT,DV09-026,PARTIAL
3150,126,BLANK,DV09-026,PARTIAL
3151,127,PAGE_MARKER,DV09-026,PARTIAL
3152,127,BOILERPLATE,DV09-026,PARTIAL
3153,127,BOILERPLATE,DV09-026,PARTIAL
3154,127,BLANK,DV09-026,PARTIAL
3155,127,BOILERPLATE,DV09-026,PARTIAL
3156,127,BOILERPLATE,DV09-026,PARTIAL
3157,127,REVIEWED_TEXT,DV09-026,PARTIAL
3158,127,REVIEWED_TEXT,DV09-026,PARTIAL
3159,127,REVIEWED_TEXT,DV09-026,PARTIAL
3160,127,REVIEWED_TEXT,DV09-026,PARTIAL
3161,127,REVIEWED_TEXT,DV09-026,PARTIAL
3162,127,REVIEWED_TEXT,DV09-026,PARTIAL
3163,127,REVIEWED_TEXT,DV09-026,PARTIAL
3164,127,REVIEWED_TEXT,DV09-026,PARTIAL
3165,127,REVIEWED_TEXT,DV09-026,PARTIAL
3166,127,BLANK,DV09-026,PARTIAL
3167,128,PAGE_MARKER,DV09-026,PARTIAL
3168,128,BOILERPLATE,DV09-026,PARTIAL
3169,128,BOILERPLATE,DV09-026,PARTIAL
3170,128,BLANK,DV09-026,PARTIAL
3171,128,BOILERPLATE,DV09-026,PARTIAL
3172,128,BOILERPLATE,DV09-026,PARTIAL
3173,128,REVIEWED_TEXT,DV09-026,PARTIAL
3174,128,REVIEWED_TEXT,DV09-026,PARTIAL
3175,128,BOILERPLATE,DV09-026,PARTIAL
3176,128,REVIEWED_TEXT,DV09-026,PARTIAL
3177,128,BOILERPLATE,DV09-026,PARTIAL
3178,128,REVIEWED_TEXT,DV09-026,PARTIAL
3179,128,REVIEWED_TEXT,DV09-026,PARTIAL
3180,128,BOILERPLATE,DV09-026,PARTIAL
3181,128,REVIEWED_TEXT,DV09-026,PARTIAL
3182,128,BOILERPLATE,DV09-026,PARTIAL
3183,128,REVIEWED_TEXT,DV09-026,PARTIAL
3184,128,BOILERPLATE,DV09-026,PARTIAL
3185,128,REVIEWED_TEXT,DV09-026,PARTIAL
3186,128,REVIEWED_TEXT,DV09-026,PARTIAL
3187,128,BOILERPLATE,DV09-026,PARTIAL
3188,128,REVIEWED_TEXT,DV09-026,PARTIAL
3189,128,REVIEWED_TEXT,DV09-026,PARTIAL
3190,128,BOILERPLATE,DV09-026,PARTIAL
3191,128,REVIEWED_TEXT,DV09-026,PARTIAL
3192,128,REVIEWED_TEXT,DV09-026,PARTIAL
3193,128,BLANK,DV09-026,PARTIAL
3194,129,PAGE_MARKER,DV09-027,PARTIAL
3195,129,BOILERPLATE,DV09-027,PARTIAL
3196,129,BOILERPLATE,DV09-027,PARTIAL
3197,129,BLANK,DV09-027,PARTIAL
3198,129,BOILERPLATE,DV09-027,PARTIAL
3199,129,BOILERPLATE,DV09-027,PARTIAL
3200,129,REVIEWED_TEXT,DV09-027,PARTIAL
3201,129,REVIEWED_TEXT,DV09-027,PARTIAL
3202,129,BLANK,DV09-027,PARTIAL
3203,130,PAGE_MARKER,DV09-027,PARTIAL
3204,130,BOILERPLATE,DV09-027,PARTIAL
3205,130,BOILERPLATE,DV09-027,PARTIAL
3206,130,BLANK,DV09-027,PARTIAL
3207,130,BOILERPLATE,DV09-027,PARTIAL
3208,130,BOILERPLATE,DV09-027,PARTIAL
3209,130,REVIEWED_TEXT,DV09-027,PARTIAL
3210,130,REVIEWED_TEXT,DV09-027,PARTIAL
3211,130,REVIEWED_TEXT,DV09-027,PARTIAL
3212,130,REVIEWED_TEXT,DV09-027,PARTIAL
3213,130,BLANK,DV09-027,PARTIAL
3214,130,BLANK,DV09-027,PARTIAL
3215,131,PAGE_MARKER,DV09-027,PARTIAL
3216,131,BOILERPLATE,DV09-027,PARTIAL
3217,131,BOILERPLATE,DV09-027,PARTIAL
3218,131,BLANK,DV09-027,PARTIAL
3219,131,BOILERPLATE,DV09-027,PARTIAL
3220,131,BOILERPLATE,DV09-027,PARTIAL
3221,131,REVIEWED_TEXT,DV09-027,PARTIAL
3222,131,REVIEWED_TEXT,DV09-027,PARTIAL
3223,131,REVIEWED_TEXT,DV09-027,PARTIAL
3224,131,REVIEWED_TEXT,DV09-027,PARTIAL
3225,131,BLANK,DV09-027,PARTIAL
3226,132,PAGE_MARKER,DV09-027,PARTIAL
3227,132,BOILERPLATE,DV09-027,PARTIAL
3228,132,BOILERPLATE,DV09-027,PARTIAL
3229,132,BLANK,DV09-027,PARTIAL
3230,132,BOILERPLATE,DV09-027,PARTIAL
3231,132,BOILERPLATE,DV09-027,PARTIAL
3232,132,REVIEWED_TEXT,DV09-027,PARTIAL
3233,132,BLANK,DV09-027,PARTIAL
3234,133,PAGE_MARKER,DV09-027,PARTIAL
3235,133,BOILERPLATE,DV09-027,PARTIAL
3236,133,BOILERPLATE,DV09-027,PARTIAL
3237,133,BLANK,DV09-027,PARTIAL
3238,133,BOILERPLATE,DV09-027,PARTIAL
3239,133,BOILERPLATE,DV09-027,PARTIAL
3240,133,REVIEWED_TEXT,DV09-027,PARTIAL
3241,133,BOILERPLATE,DV09-027,PARTIAL
3242,133,REVIEWED_TEXT,DV09-027,PARTIAL
3243,133,REVIEWED_TEXT,DV09-027,PARTIAL
3244,133,BOILERPLATE,DV09-027,PARTIAL
3245,133,REVIEWED_TEXT,DV09-027,PARTIAL
3246,133,REVIEWED_TEXT,DV09-027,PARTIAL
3247,133,REVIEWED_TEXT,DV09-027,PARTIAL
3248,133,REVIEWED_TEXT,DV09-027,PARTIAL
3249,133,BOILERPLATE,DV09-027,PARTIAL
3250,133,REVIEWED_TEXT,DV09-027,PARTIAL
3251,133,REVIEWED_TEXT,DV09-027,PARTIAL
3252,133,REVIEWED_TEXT,DV09-027,PARTIAL
3253,133,BOILERPLATE,DV09-027,PARTIAL
3254,133,REVIEWED_TEXT,DV09-027,PARTIAL
3255,133,REVIEWED_TEXT,DV09-027,PARTIAL
3256,133,REVIEWED_TEXT,DV09-027,PARTIAL
3257,133,REVIEWED_TEXT,DV09-027,PARTIAL
3258,133,REVIEWED_TEXT,DV09-027,PARTIAL
3259,133,BLANK,DV09-027,PARTIAL
3260,134,PAGE_MARKER,DV09-028,VERIFIED_SUBSET
3261,134,BOILERPLATE,DV09-028,VERIFIED_SUBSET
3262,134,BOILERPLATE,DV09-028,VERIFIED_SUBSET
3263,134,BLANK,DV09-028,VERIFIED_SUBSET
3264,134,BOILERPLATE,DV09-028,VERIFIED_SUBSET
3265,134,BOILERPLATE,DV09-028,VERIFIED_SUBSET
3266,134,REVIEWED_TEXT,DV09-028,VERIFIED_SUBSET
3267,134,REVIEWED_TEXT,DV09-028,VERIFIED_SUBSET
3268,134,BLANK,DV09-028,VERIFIED_SUBSET
3269,135,PAGE_MARKER,DV09-028,VERIFIED_SUBSET
3270,135,BOILERPLATE,DV09-028,VERIFIED_SUBSET
3271,135,BOILERPLATE,DV09-028,VERIFIED_SUBSET
3272,135,BLANK,DV09-028,VERIFIED_SUBSET
3273,135,BOILERPLATE,DV09-028,VERIFIED_SUBSET
3274,135,BOILERPLATE,DV09-028,VERIFIED_SUBSET
3275,135,REVIEWED_TEXT,DV09-028,VERIFIED_SUBSET
3276,135,REVIEWED_TEXT,DV09-028,VERIFIED_SUBSET
3277,135,REVIEWED_TEXT,DV09-028,VERIFIED_SUBSET
3278,135,REVIEWED_TEXT,DV09-028,VERIFIED_SUBSET
3279,135,BLANK,DV09-028,VERIFIED_SUBSET
3280,135,REVIEWED_TEXT,DV09-028,VERIFIED_SUBSET
3281,135,REVIEWED_TEXT,DV09-028,VERIFIED_SUBSET
3282,135,REVIEWED_TEXT,DV09-028,VERIFIED_SUBSET
3283,135,REVIEWED_TEXT,DV09-028,VERIFIED_SUBSET
3284,135,REVIEWED_TEXT,DV09-028,VERIFIED_SUBSET
3285,135,BLANK,DV09-028,VERIFIED_SUBSET
3286,135,REVIEWED_TEXT,DV09-028,VERIFIED_SUBSET
3287,135,REVIEWED_TEXT,DV09-028,VERIFIED_SUBSET
3288,135,REVIEWED_TEXT,DV09-028,VERIFIED_SUBSET
3289,135,BLANK,DV09-028,VERIFIED_SUBSET
3290,135,REVIEWED_TEXT,DV09-028,VERIFIED_SUBSET
3291,135,BLANK,DV09-028,VERIFIED_SUBSET
3292,135,BLANK,DV09-028,VERIFIED_SUBSET
3293,135,REVIEWED_TEXT,DV09-028,VERIFIED_SUBSET
3294,135,REVIEWED_TEXT,DV09-028,VERIFIED_SUBSET
3295,135,REVIEWED_TEXT,DV09-028,VERIFIED_SUBSET
3296,135,BLANK,DV09-028,VERIFIED_SUBSET
3297,136,PAGE_MARKER,DV09-028,VERIFIED_SUBSET
3298,136,BOILERPLATE,DV09-028,VERIFIED_SUBSET
3299,136,BOILERPLATE,DV09-028,VERIFIED_SUBSET
3300,136,BLANK,DV09-028,VERIFIED_SUBSET
3301,136,BOILERPLATE,DV09-028,VERIFIED_SUBSET
3302,136,BOILERPLATE,DV09-028,VERIFIED_SUBSET
3303,136,REVIEWED_TEXT,DV09-028,VERIFIED_SUBSET
3304,136,REVIEWED_TEXT,DV09-028,VERIFIED_SUBSET
3305,136,REVIEWED_TEXT,DV09-028,VERIFIED_SUBSET
3306,136,BLANK,DV09-028,VERIFIED_SUBSET
3307,136,REVIEWED_TEXT,DV09-028,VERIFIED_SUBSET
3308,136,BLANK,DV09-028,VERIFIED_SUBSET
3309,136,REVIEWED_TEXT,DV09-028,VERIFIED_SUBSET
3310,136,BLANK,DV09-028,VERIFIED_SUBSET
3311,136,REVIEWED_TEXT,DV09-028,VERIFIED_SUBSET
3312,136,REVIEWED_TEXT,DV09-028,VERIFIED_SUBSET
3313,136,BLANK,DV09-028,VERIFIED_SUBSET
3314,136,REVIEWED_TEXT,DV09-028,VERIFIED_SUBSET
3315,136,REVIEWED_TEXT,DV09-028,VERIFIED_SUBSET
3316,136,BLANK,DV09-028,VERIFIED_SUBSET
3317,136,REVIEWED_TEXT,DV09-028,VERIFIED_SUBSET
3318,136,REVIEWED_TEXT,DV09-028,VERIFIED_SUBSET
3319,136,REVIEWED_TEXT,DV09-028,VERIFIED_SUBSET
3320,136,BLANK,DV09-028,VERIFIED_SUBSET
3321,137,PAGE_MARKER,DV09-029,PARTIAL
3322,137,BOILERPLATE,DV09-029,PARTIAL
3323,137,BOILERPLATE,DV09-029,PARTIAL
3324,137,BLANK,DV09-029,PARTIAL
3325,137,BOILERPLATE,DV09-029,PARTIAL
3326,137,BOILERPLATE,DV09-029,PARTIAL
3327,137,REVIEWED_TEXT,DV09-029,PARTIAL
3328,137,REVIEWED_TEXT,DV09-029,PARTIAL
3329,137,REVIEWED_TEXT,DV09-029,PARTIAL
3330,137,BLANK,DV09-029,PARTIAL
3331,137,BLANK,DV09-029,PARTIAL
3332,137,BLANK,DV09-029,PARTIAL
3333,137,BLANK,DV09-029,PARTIAL
3334,137,BLANK,DV09-029,PARTIAL
3335,137,BLANK,DV09-029,PARTIAL
3336,137,BLANK,DV09-029,PARTIAL
3337,137,BLANK,DV09-029,PARTIAL
3338,137,BLANK,DV09-029,PARTIAL
3339,137,REVIEWED_TEXT,DV09-029,PARTIAL
3340,137,REVIEWED_TEXT,DV09-029,PARTIAL
3341,137,BLANK,DV09-029,PARTIAL
3342,137,BLANK,DV09-029,PARTIAL
3343,138,PAGE_MARKER,DV09-029,PARTIAL
3344,138,BOILERPLATE,DV09-029,PARTIAL
3345,138,BOILERPLATE,DV09-029,PARTIAL
3346,138,BLANK,DV09-029,PARTIAL
3347,138,BOILERPLATE,DV09-029,PARTIAL
3348,138,BOILERPLATE,DV09-029,PARTIAL
3349,138,REVIEWED_TEXT,DV09-029,PARTIAL
3350,138,BOILERPLATE,DV09-029,PARTIAL
3351,138,REVIEWED_TEXT,DV09-029,PARTIAL
3352,138,REVIEWED_TEXT,DV09-029,PARTIAL
3353,138,REVIEWED_TEXT,DV09-029,PARTIAL
3354,138,BOILERPLATE,DV09-029,PARTIAL
3355,138,REVIEWED_TEXT,DV09-029,PARTIAL
3356,138,REVIEWED_TEXT,DV09-029,PARTIAL
3357,138,REVIEWED_TEXT,DV09-029,PARTIAL
3358,138,BOILERPLATE,DV09-029,PARTIAL
3359,138,REVIEWED_TEXT,DV09-029,PARTIAL
3360,138,REVIEWED_TEXT,DV09-029,PARTIAL
3361,138,REVIEWED_TEXT,DV09-029,PARTIAL
3362,138,BOILERPLATE,DV09-029,PARTIAL
3363,138,REVIEWED_TEXT,DV09-029,PARTIAL
3364,138,REVIEWED_TEXT,DV09-029,PARTIAL
3365,138,REVIEWED_TEXT,DV09-029,PARTIAL
3366,138,REVIEWED_TEXT,DV09-029,PARTIAL
3367,138,BLANK,DV09-029,PARTIAL
3368,139,PAGE_MARKER,DV09-029,PARTIAL
3369,139,BOILERPLATE,DV09-029,PARTIAL
3370,139,BOILERPLATE,DV09-029,PARTIAL
3371,139,BLANK,DV09-029,PARTIAL
3372,139,BOILERPLATE,DV09-029,PARTIAL
3373,139,BOILERPLATE,DV09-029,PARTIAL
3374,139,REVIEWED_TEXT,DV09-029,PARTIAL
3375,139,BLANK,DV09-029,PARTIAL
3376,140,PAGE_MARKER,DV09-029,PARTIAL
3377,140,BOILERPLATE,DV09-029,PARTIAL
3378,140,BOILERPLATE,DV09-029,PARTIAL
3379,140,BLANK,DV09-029,PARTIAL
3380,140,BOILERPLATE,DV09-029,PARTIAL
3381,140,BOILERPLATE,DV09-029,PARTIAL
3382,140,REVIEWED_TEXT,DV09-029,PARTIAL
3383,140,REVIEWED_TEXT,DV09-029,PARTIAL
3384,140,REVIEWED_TEXT,DV09-029,PARTIAL
3385,140,REVIEWED_TEXT,DV09-029,PARTIAL
3386,140,REVIEWED_TEXT,DV09-029,PARTIAL
3387,140,REVIEWED_TEXT,DV09-029,PARTIAL
3388,140,BLANK,DV09-029,PARTIAL
3389,140,REVIEWED_TEXT,DV09-029,PARTIAL
3390,140,REVIEWED_TEXT,DV09-029,PARTIAL
3391,140,REVIEWED_TEXT,DV09-029,PARTIAL
3392,140,REVIEWED_TEXT,DV09-029,PARTIAL
3393,140,REVIEWED_TEXT,DV09-029,PARTIAL
3394,140,REVIEWED_TEXT,DV09-029,PARTIAL
3395,140,BLANK,DV09-029,PARTIAL
3396,141,PAGE_MARKER,DV09-029,PARTIAL
3397,141,BOILERPLATE,DV09-029,PARTIAL
3398,141,BOILERPLATE,DV09-029,PARTIAL
3399,141,BLANK,DV09-029,PARTIAL
3400,141,BOILERPLATE,DV09-029,PARTIAL
3401,141,BOILERPLATE,DV09-029,PARTIAL
3402,141,REVIEWED_TEXT,DV09-029,PARTIAL
3403,141,REVIEWED_TEXT,DV09-029,PARTIAL
3404,141,REVIEWED_TEXT,DV09-029,PARTIAL
3405,141,REVIEWED_TEXT,DV09-029,PARTIAL
3406,141,REVIEWED_TEXT,DV09-029,PARTIAL
3407,141,BLANK,DV09-029,PARTIAL
3408,142,PAGE_MARKER,DV09-029,PARTIAL
3409,142,BOILERPLATE,DV09-029,PARTIAL
3410,142,BOILERPLATE,DV09-029,PARTIAL
3411,142,BLANK,DV09-029,PARTIAL
3412,142,BOILERPLATE,DV09-029,PARTIAL
3413,142,BOILERPLATE,DV09-029,PARTIAL
3414,142,REVIEWED_TEXT,DV09-029,PARTIAL
3415,142,REVIEWED_TEXT,DV09-029,PARTIAL
3416,142,REVIEWED_TEXT,DV09-029,PARTIAL
3417,142,REVIEWED_TEXT,DV09-029,PARTIAL
3418,142,REVIEWED_TEXT,DV09-029,PARTIAL
3419,142,REVIEWED_TEXT,DV09-029,PARTIAL
3420,142,REVIEWED_TEXT,DV09-029,PARTIAL
3421,142,REVIEWED_TEXT,DV09-029,PARTIAL
3422,142,REVIEWED_TEXT,DV09-029,PARTIAL
3423,142,REVIEWED_TEXT,DV09-029,PARTIAL
3424,142,REVIEWED_TEXT,DV09-029,PARTIAL
3425,142,REVIEWED_TEXT,DV09-029,PARTIAL
3426,142,REVIEWED_TEXT,DV09-029,PARTIAL
3427,142,REVIEWED_TEXT,DV09-029,PARTIAL
3428,142,REVIEWED_TEXT,DV09-029,PARTIAL
3429,142,REVIEWED_TEXT,DV09-029,PARTIAL
3430,142,REVIEWED_TEXT,DV09-029,PARTIAL
3431,142,BLANK,DV09-029,PARTIAL
3432,143,PAGE_MARKER,DV09-029,PARTIAL
3433,143,BOILERPLATE,DV09-029,PARTIAL
3434,143,BOILERPLATE,DV09-029,PARTIAL
3435,143,BLANK,DV09-029,PARTIAL
3436,143,BOILERPLATE,DV09-029,PARTIAL
3437,143,BOILERPLATE,DV09-029,PARTIAL
3438,143,REVIEWED_TEXT,DV09-029,PARTIAL
3439,143,REVIEWED_TEXT,DV09-029,PARTIAL
3440,143,BLANK,DV09-029,PARTIAL
3441,143,REVIEWED_TEXT,DV09-029,PARTIAL
3442,143,REVIEWED_TEXT,DV09-029,PARTIAL
3443,143,BLANK,DV09-029,PARTIAL
3444,143,REVIEWED_TEXT,DV09-029,PARTIAL
3445,143,REVIEWED_TEXT,DV09-029,PARTIAL
3446,143,BLANK,DV09-029,PARTIAL
3447,143,REVIEWED_TEXT,DV09-029,PARTIAL
3448,143,REVIEWED_TEXT,DV09-029,PARTIAL
3449,143,BLANK,DV09-029,PARTIAL
3450,143,REVIEWED_TEXT,DV09-029,PARTIAL
3451,143,REVIEWED_TEXT,DV09-029,PARTIAL
3452,143,BLANK,DV09-029,PARTIAL
3453,144,PAGE_MARKER,DV09-029,PARTIAL
3454,144,BOILERPLATE,DV09-029,PARTIAL
3455,144,BOILERPLATE,DV09-029,PARTIAL
3456,144,BLANK,DV09-029,PARTIAL
3457,144,BOILERPLATE,DV09-029,PARTIAL
3458,144,BOILERPLATE,DV09-029,PARTIAL
3459,144,REVIEWED_TEXT,DV09-029,PARTIAL
3460,144,REVIEWED_TEXT,DV09-029,PARTIAL
3461,144,BLANK,DV09-029,PARTIAL
3462,144,REVIEWED_TEXT,DV09-029,PARTIAL
3463,144,REVIEWED_TEXT,DV09-029,PARTIAL
3464,144,BLANK,DV09-029,PARTIAL
3465,144,REVIEWED_TEXT,DV09-029,PARTIAL
3466,144,REVIEWED_TEXT,DV09-029,PARTIAL
3467,144,REVIEWED_TEXT,DV09-029,PARTIAL
3468,144,REVIEWED_TEXT,DV09-029,PARTIAL
3469,144,BLANK,DV09-029,PARTIAL
3470,144,REVIEWED_TEXT,DV09-029,PARTIAL
3471,144,BLANK,DV09-029,PARTIAL
3472,145,PAGE_MARKER,DV09-030,PARTIAL
3473,145,BOILERPLATE,DV09-030,PARTIAL
3474,145,BOILERPLATE,DV09-030,PARTIAL
3475,145,BLANK,DV09-030,PARTIAL
3476,145,BOILERPLATE,DV09-030,PARTIAL
3477,145,BOILERPLATE,DV09-030,PARTIAL
3478,145,REVIEWED_TEXT,DV09-030,PARTIAL
3479,145,REVIEWED_TEXT,DV09-030,PARTIAL
3480,145,REVIEWED_TEXT,DV09-030,PARTIAL
3481,145,REVIEWED_TEXT,DV09-030,PARTIAL
3482,145,BLANK,DV09-030,PARTIAL
3483,145,REVIEWED_TEXT,DV09-030,PARTIAL
3484,145,BLANK,DV09-030,PARTIAL
3485,145,REVIEWED_TEXT,DV09-030,PARTIAL
3486,145,REVIEWED_TEXT,DV09-030,PARTIAL
3487,145,REVIEWED_TEXT,DV09-030,PARTIAL
3488,145,REVIEWED_TEXT,DV09-030,PARTIAL
3489,145,BLANK,DV09-030,PARTIAL
3490,145,REVIEWED_TEXT,DV09-030,PARTIAL
3491,145,REVIEWED_TEXT,DV09-030,PARTIAL
3492,145,REVIEWED_TEXT,DV09-030,PARTIAL
3493,145,BLANK,DV09-030,PARTIAL
3494,145,REVIEWED_TEXT,DV09-030,PARTIAL
3495,145,REVIEWED_TEXT,DV09-030,PARTIAL
3496,145,BLANK,DV09-030,PARTIAL
3497,145,REVIEWED_TEXT,DV09-030,PARTIAL
3498,145,BLANK,DV09-030,PARTIAL
3499,146,PAGE_MARKER,DV09-030,PARTIAL
3500,146,BOILERPLATE,DV09-030,PARTIAL
3501,146,BOILERPLATE,DV09-030,PARTIAL
3502,146,BLANK,DV09-030,PARTIAL
3503,146,BOILERPLATE,DV09-030,PARTIAL
3504,146,BOILERPLATE,DV09-030,PARTIAL
3505,146,REVIEWED_TEXT,DV09-030,PARTIAL
3506,146,BLANK,DV09-030,PARTIAL
3507,146,BLANK,DV09-030,PARTIAL
3508,147,PAGE_MARKER,DV09-030,PARTIAL
3509,147,BOILERPLATE,DV09-030,PARTIAL
3510,147,BOILERPLATE,DV09-030,PARTIAL
3511,147,BLANK,DV09-030,PARTIAL
3512,147,BOILERPLATE,DV09-030,PARTIAL
3513,147,BOILERPLATE,DV09-030,PARTIAL
3514,147,REVIEWED_TEXT,DV09-030,PARTIAL
3515,147,REVIEWED_TEXT,DV09-030,PARTIAL
3516,147,REVIEWED_TEXT,DV09-030,PARTIAL
3517,147,BLANK,DV09-030,PARTIAL
3518,147,REVIEWED_TEXT,DV09-030,PARTIAL
3519,147,BLANK,DV09-030,PARTIAL
3520,147,BLANK,DV09-030,PARTIAL
3521,147,BLANK,DV09-030,PARTIAL
3522,147,BLANK,DV09-030,PARTIAL
3523,147,BLANK,DV09-030,PARTIAL
3524,147,BLANK,DV09-030,PARTIAL
3525,147,BLANK,DV09-030,PARTIAL
3526,147,REVIEWED_TEXT,DV09-030,PARTIAL
3527,147,REVIEWED_TEXT,DV09-030,PARTIAL
3528,147,BLANK,DV09-030,PARTIAL
3529,147,REVIEWED_TEXT,DV09-030,PARTIAL
3530,147,BLANK,DV09-030,PARTIAL
3531,147,REVIEWED_TEXT,DV09-030,PARTIAL
3532,147,BLANK,DV09-030,PARTIAL
3533,147,REVIEWED_TEXT,DV09-030,PARTIAL
3534,147,BLANK,DV09-030,PARTIAL
3535,147,BLANK,DV09-030,PARTIAL
3536,148,PAGE_MARKER,DV09-030,PARTIAL
3537,148,BOILERPLATE,DV09-030,PARTIAL
3538,148,BOILERPLATE,DV09-030,PARTIAL
3539,148,BLANK,DV09-030,PARTIAL
3540,148,BOILERPLATE,DV09-030,PARTIAL
3541,148,BOILERPLATE,DV09-030,PARTIAL
3542,148,REVIEWED_TEXT,DV09-030,PARTIAL
3543,148,REVIEWED_TEXT,DV09-030,PARTIAL
3544,148,REVIEWED_TEXT,DV09-030,PARTIAL
3545,148,BLANK,DV09-030,PARTIAL
3546,148,REVIEWED_TEXT,DV09-030,PARTIAL
3547,148,BLANK,DV09-030,PARTIAL
3548,148,BLANK,DV09-030,PARTIAL
3549,149,PAGE_MARKER,DV09-030,PARTIAL
3550,149,BOILERPLATE,DV09-030,PARTIAL
3551,149,BOILERPLATE,DV09-030,PARTIAL
3552,149,BLANK,DV09-030,PARTIAL
3553,149,BOILERPLATE,DV09-030,PARTIAL
3554,149,BOILERPLATE,DV09-030,PARTIAL
3555,149,REVIEWED_TEXT,DV09-030,PARTIAL
3556,149,REVIEWED_TEXT,DV09-030,PARTIAL
3557,149,REVIEWED_TEXT,DV09-030,PARTIAL
3558,149,BLANK,DV09-030,PARTIAL
3559,149,REVIEWED_TEXT,DV09-030,PARTIAL
3560,149,BLANK,DV09-030,PARTIAL
3561,149,REVIEWED_TEXT,DV09-030,PARTIAL
3562,149,BLANK,DV09-030,PARTIAL
3563,149,BLANK,DV09-030,PARTIAL
3564,150,PAGE_MARKER,DV09-030,PARTIAL
3565,150,BOILERPLATE,DV09-030,PARTIAL
3566,150,BOILERPLATE,DV09-030,PARTIAL
3567,150,BLANK,DV09-030,PARTIAL
3568,150,BOILERPLATE,DV09-030,PARTIAL
3569,150,BOILERPLATE,DV09-030,PARTIAL
3570,150,BLANK,DV09-030,PARTIAL
3571,151,PAGE_MARKER,DV09-031,PARTIAL
3572,151,BOILERPLATE,DV09-031,PARTIAL
3573,151,BOILERPLATE,DV09-031,PARTIAL
3574,151,BLANK,DV09-031,PARTIAL
3575,151,BOILERPLATE,DV09-031,PARTIAL
3576,151,BOILERPLATE,DV09-031,PARTIAL
3577,151,REVIEWED_TEXT,DV09-031,PARTIAL
3578,151,REVIEWED_TEXT,DV09-031,PARTIAL
3579,151,REVIEWED_TEXT,DV09-031,PARTIAL
3580,151,REVIEWED_TEXT,DV09-031,PARTIAL
3581,151,REVIEWED_TEXT,DV09-031,PARTIAL
3582,151,REVIEWED_TEXT,DV09-031,PARTIAL
3583,151,BLANK,DV09-031,PARTIAL
3584,151,BLANK,DV09-031,PARTIAL
3585,152,PAGE_MARKER,DV09-031,PARTIAL
3586,152,BOILERPLATE,DV09-031,PARTIAL
3587,152,BOILERPLATE,DV09-031,PARTIAL
3588,152,BLANK,DV09-031,PARTIAL
3589,152,BOILERPLATE,DV09-031,PARTIAL
3590,152,BOILERPLATE,DV09-031,PARTIAL
3591,152,REVIEWED_TEXT,DV09-031,PARTIAL
3592,152,REVIEWED_TEXT,DV09-031,PARTIAL
3593,152,REVIEWED_TEXT,DV09-031,PARTIAL
3594,152,REVIEWED_TEXT,DV09-031,PARTIAL
3595,152,BOILERPLATE,DV09-031,PARTIAL
3596,152,REVIEWED_TEXT,DV09-031,PARTIAL
3597,152,BOILERPLATE,DV09-031,PARTIAL
3598,152,REVIEWED_TEXT,DV09-031,PARTIAL
3599,152,BOILERPLATE,DV09-031,PARTIAL
3600,152,REVIEWED_TEXT,DV09-031,PARTIAL
3601,152,BOILERPLATE,DV09-031,PARTIAL
3602,152,REVIEWED_TEXT,DV09-031,PARTIAL
3603,152,BOILERPLATE,DV09-031,PARTIAL
3604,152,REVIEWED_TEXT,DV09-031,PARTIAL
3605,152,BOILERPLATE,DV09-031,PARTIAL
3606,152,REVIEWED_TEXT,DV09-031,PARTIAL
3607,152,BOILERPLATE,DV09-031,PARTIAL
3608,152,REVIEWED_TEXT,DV09-031,PARTIAL
3609,152,BLANK,DV09-031,PARTIAL
3610,153,PAGE_MARKER,DV09-031,PARTIAL
3611,153,BOILERPLATE,DV09-031,PARTIAL
3612,153,BOILERPLATE,DV09-031,PARTIAL
3613,153,BLANK,DV09-031,PARTIAL
3614,153,BOILERPLATE,DV09-031,PARTIAL
3615,153,BOILERPLATE,DV09-031,PARTIAL
3616,153,REVIEWED_TEXT,DV09-031,PARTIAL
3617,153,REVIEWED_TEXT,DV09-031,PARTIAL
3618,153,REVIEWED_TEXT,DV09-031,PARTIAL
3619,153,REVIEWED_TEXT,DV09-031,PARTIAL
3620,153,BLANK,DV09-031,PARTIAL
3621,153,REVIEWED_TEXT,DV09-031,PARTIAL
3622,153,REVIEWED_TEXT,DV09-031,PARTIAL
3623,153,REVIEWED_TEXT,DV09-031,PARTIAL
3624,153,BLANK,DV09-031,PARTIAL
3625,153,REVIEWED_TEXT,DV09-031,PARTIAL
3626,153,BLANK,DV09-031,PARTIAL
3627,153,BLANK,DV09-031,PARTIAL
3628,154,PAGE_MARKER,DV09-031,PARTIAL
3629,154,BOILERPLATE,DV09-031,PARTIAL
3630,154,BOILERPLATE,DV09-031,PARTIAL
3631,154,BLANK,DV09-031,PARTIAL
3632,154,BOILERPLATE,DV09-031,PARTIAL
3633,154,BOILERPLATE,DV09-031,PARTIAL
3634,154,REVIEWED_TEXT,DV09-031,PARTIAL
3635,154,REVIEWED_TEXT,DV09-031,PARTIAL
3636,154,REVIEWED_TEXT,DV09-031,PARTIAL
3637,154,REVIEWED_TEXT,DV09-031,PARTIAL
3638,154,REVIEWED_TEXT,DV09-031,PARTIAL
3639,154,REVIEWED_TEXT,DV09-031,PARTIAL
3640,154,BLANK,DV09-031,PARTIAL
3641,155,PAGE_MARKER,DV09-032,PARTIAL
3642,155,BOILERPLATE,DV09-032,PARTIAL
3643,155,BOILERPLATE,DV09-032,PARTIAL
3644,155,BLANK,DV09-032,PARTIAL
3645,155,BOILERPLATE,DV09-032,PARTIAL
3646,155,BOILERPLATE,DV09-032,PARTIAL
3647,155,REVIEWED_TEXT,DV09-032,PARTIAL
3648,155,REVIEWED_TEXT,DV09-032,PARTIAL
3649,155,REVIEWED_TEXT,DV09-032,PARTIAL
3650,155,REVIEWED_TEXT,DV09-032,PARTIAL
3651,155,REVIEWED_TEXT,DV09-032,PARTIAL
3652,155,REVIEWED_TEXT,DV09-032,PARTIAL
3653,155,REVIEWED_TEXT,DV09-032,PARTIAL
3654,155,REVIEWED_TEXT,DV09-032,PARTIAL
3655,155,REVIEWED_TEXT,DV09-032,PARTIAL
3656,155,REVIEWED_TEXT,DV09-032,PARTIAL
3657,155,REVIEWED_TEXT,DV09-032,PARTIAL
3658,155,BLANK,DV09-032,PARTIAL
3659,155,REVIEWED_TEXT,DV09-032,PARTIAL
3660,155,REVIEWED_TEXT,DV09-032,PARTIAL
3661,155,REVIEWED_TEXT,DV09-032,PARTIAL
3662,155,REVIEWED_TEXT,DV09-032,PARTIAL
3663,155,REVIEWED_TEXT,DV09-032,PARTIAL
3664,155,REVIEWED_TEXT,DV09-032,PARTIAL
3665,155,REVIEWED_TEXT,DV09-032,PARTIAL
3666,155,BLANK,DV09-032,PARTIAL
3667,156,PAGE_MARKER,DV09-032,PARTIAL
3668,156,BOILERPLATE,DV09-032,PARTIAL
3669,156,BOILERPLATE,DV09-032,PARTIAL
3670,156,BLANK,DV09-032,PARTIAL
3671,156,BOILERPLATE,DV09-032,PARTIAL
3672,156,BOILERPLATE,DV09-032,PARTIAL
3673,156,REVIEWED_TEXT,DV09-032,PARTIAL
3674,156,REVIEWED_TEXT,DV09-032,PARTIAL
3675,156,BOILERPLATE,DV09-032,PARTIAL
3676,156,REVIEWED_TEXT,DV09-032,PARTIAL
3677,156,BOILERPLATE,DV09-032,PARTIAL
3678,156,REVIEWED_TEXT,DV09-032,PARTIAL
3679,156,BOILERPLATE,DV09-032,PARTIAL
3680,156,REVIEWED_TEXT,DV09-032,PARTIAL
3681,156,BOILERPLATE,DV09-032,PARTIAL
3682,156,REVIEWED_TEXT,DV09-032,PARTIAL
3683,156,BOILERPLATE,DV09-032,PARTIAL
3684,156,REVIEWED_TEXT,DV09-032,PARTIAL
3685,156,BOILERPLATE,DV09-032,PARTIAL
3686,156,REVIEWED_TEXT,DV09-032,PARTIAL
3687,156,BOILERPLATE,DV09-032,PARTIAL
3688,156,REVIEWED_TEXT,DV09-032,PARTIAL
3689,156,BOILERPLATE,DV09-032,PARTIAL
3690,156,REVIEWED_TEXT,DV09-032,PARTIAL
3691,156,BLANK,DV09-032,PARTIAL
3692,157,PAGE_MARKER,DV09-032,PARTIAL
3693,157,BOILERPLATE,DV09-032,PARTIAL
3694,157,BOILERPLATE,DV09-032,PARTIAL
3695,157,BLANK,DV09-032,PARTIAL
3696,157,BOILERPLATE,DV09-032,PARTIAL
3697,157,BOILERPLATE,DV09-032,PARTIAL
3698,157,BLANK,DV09-032,PARTIAL
3699,158,PAGE_MARKER,DV09-033,PARTIAL
3700,158,BLANK,DV09-033,PARTIAL
3701,158,BLANK,DV09-033,PARTIAL
3702,158,BLANK,DV09-033,PARTIAL
3703,158,BLANK,DV09-033,PARTIAL
3704,158,BLANK,DV09-033,PARTIAL
3705,158,BOILERPLATE,DV09-033,PARTIAL
3706,158,BOILERPLATE,DV09-033,PARTIAL
3707,158,REVIEWED_TEXT,DV09-033,PARTIAL
3708,158,BLANK,DV09-033,PARTIAL
3709,159,PAGE_MARKER,DV09-033,PARTIAL
3710,159,BOILERPLATE,DV09-033,PARTIAL
3711,159,BOILERPLATE,DV09-033,PARTIAL
3712,159,BLANK,DV09-033,PARTIAL
3713,159,BOILERPLATE,DV09-033,PARTIAL
3714,159,BOILERPLATE,DV09-033,PARTIAL
3715,159,BLANK,DV09-033,PARTIAL
3716,160,PAGE_MARKER,DV09-033,PARTIAL
3717,160,BOILERPLATE,DV09-033,PARTIAL
3718,160,BOILERPLATE,DV09-033,PARTIAL
3719,160,BLANK,DV09-033,PARTIAL
3720,160,BOILERPLATE,DV09-033,PARTIAL
3721,160,BOILERPLATE,DV09-033,PARTIAL
3722,160,REVIEWED_TEXT,DV09-033,PARTIAL
3723,160,REVIEWED_TEXT,DV09-033,PARTIAL
3724,160,BOILERPLATE,DV09-033,PARTIAL
3725,160,REVIEWED_TEXT,DV09-033,PARTIAL
3726,160,BOILERPLATE,DV09-033,PARTIAL
3727,160,REVIEWED_TEXT,DV09-033,PARTIAL
3728,160,BOILERPLATE,DV09-033,PARTIAL
3729,160,REVIEWED_TEXT,DV09-033,PARTIAL
3730,160,BOILERPLATE,DV09-033,PARTIAL
3731,160,REVIEWED_TEXT,DV09-033,PARTIAL
3732,160,BOILERPLATE,DV09-033,PARTIAL
3733,160,REVIEWED_TEXT,DV09-033,PARTIAL
3734,160,BOILERPLATE,DV09-033,PARTIAL
3735,160,REVIEWED_TEXT,DV09-033,PARTIAL
3736,160,BOILERPLATE,DV09-033,PARTIAL
3737,160,REVIEWED_TEXT,DV09-033,PARTIAL
3738,160,BOILERPLATE,DV09-033,PARTIAL
3739,160,REVIEWED_TEXT,DV09-033,PARTIAL
3740,160,BOILERPLATE,DV09-033,PARTIAL
3741,160,REVIEWED_TEXT,DV09-033,PARTIAL
3742,160,BLANK,DV09-033,PARTIAL
3743,161,PAGE_MARKER,DV09-033,PARTIAL
3744,161,BOILERPLATE,DV09-033,PARTIAL
3745,161,BOILERPLATE,DV09-033,PARTIAL
3746,161,BLANK,DV09-033,PARTIAL
3747,161,BOILERPLATE,DV09-033,PARTIAL
3748,161,BOILERPLATE,DV09-033,PARTIAL
3749,161,REVIEWED_TEXT,DV09-033,PARTIAL
3750,161,REVIEWED_TEXT,DV09-033,PARTIAL
3751,161,REVIEWED_TEXT,DV09-033,PARTIAL
3752,161,BLANK,DV09-033,PARTIAL
3753,162,PAGE_MARKER,DV09-033,PARTIAL
3754,162,BOILERPLATE,DV09-033,PARTIAL
3755,162,BOILERPLATE,DV09-033,PARTIAL
3756,162,BLANK,DV09-033,PARTIAL
3757,162,BOILERPLATE,DV09-033,PARTIAL
3758,162,BOILERPLATE,DV09-033,PARTIAL
3759,162,REVIEWED_TEXT,DV09-033,PARTIAL
3760,162,REVIEWED_TEXT,DV09-033,PARTIAL
3761,162,BLANK,DV09-033,PARTIAL
3762,162,BLANK,DV09-033,PARTIAL
3763,162,BLANK,DV09-033,PARTIAL
3764,163,PAGE_MARKER,DV09-033,PARTIAL
3765,163,BOILERPLATE,DV09-033,PARTIAL
3766,163,BOILERPLATE,DV09-033,PARTIAL
3767,163,BLANK,DV09-033,PARTIAL
3768,163,BOILERPLATE,DV09-033,PARTIAL
3769,163,BOILERPLATE,DV09-033,PARTIAL
3770,163,REVIEWED_TEXT,DV09-033,PARTIAL
3771,163,REVIEWED_TEXT,DV09-033,PARTIAL
3772,163,BOILERPLATE,DV09-033,PARTIAL
3773,163,REVIEWED_TEXT,DV09-033,PARTIAL
3774,163,REVIEWED_TEXT,DV09-033,PARTIAL
3775,163,BOILERPLATE,DV09-033,PARTIAL
3776,163,REVIEWED_TEXT,DV09-033,PARTIAL
3777,163,REVIEWED_TEXT,DV09-033,PARTIAL
3778,163,REVIEWED_TEXT,DV09-033,PARTIAL
3779,163,BLANK,DV09-033,PARTIAL
3780,164,PAGE_MARKER,DV09-034,PARTIAL
3781,164,BOILERPLATE,DV09-034,PARTIAL
3782,164,BOILERPLATE,DV09-034,PARTIAL
3783,164,BLANK,DV09-034,PARTIAL
3784,164,BOILERPLATE,DV09-034,PARTIAL
3785,164,BOILERPLATE,DV09-034,PARTIAL
3786,164,BLANK,DV09-034,PARTIAL
3787,165,PAGE_MARKER,DV09-034,PARTIAL
3788,165,BOILERPLATE,DV09-034,PARTIAL
3789,165,BOILERPLATE,DV09-034,PARTIAL
3790,165,BLANK,DV09-034,PARTIAL
3791,165,BOILERPLATE,DV09-034,PARTIAL
3792,165,BOILERPLATE,DV09-034,PARTIAL
3793,165,REVIEWED_TEXT,DV09-034,PARTIAL
3794,165,REVIEWED_TEXT,DV09-034,PARTIAL
3795,165,REVIEWED_TEXT,DV09-034,PARTIAL
3796,165,REVIEWED_TEXT,DV09-034,PARTIAL
3797,165,REVIEWED_TEXT,DV09-034,PARTIAL
3798,165,REVIEWED_TEXT,DV09-034,PARTIAL
3799,165,REVIEWED_TEXT,DV09-034,PARTIAL
3800,165,REVIEWED_TEXT,DV09-034,PARTIAL
3801,165,REVIEWED_TEXT,DV09-034,PARTIAL
3802,165,REVIEWED_TEXT,DV09-034,PARTIAL
3803,165,REVIEWED_TEXT,DV09-034,PARTIAL
3804,165,BLANK,DV09-034,PARTIAL
3805,166,PAGE_MARKER,DV09-034,PARTIAL
3806,166,BOILERPLATE,DV09-034,PARTIAL
3807,166,BOILERPLATE,DV09-034,PARTIAL
3808,166,BLANK,DV09-034,PARTIAL
3809,166,BOILERPLATE,DV09-034,PARTIAL
3810,166,BOILERPLATE,DV09-034,PARTIAL
3811,166,REVIEWED_TEXT,DV09-034,PARTIAL
3812,166,REVIEWED_TEXT,DV09-034,PARTIAL
3813,166,BLANK,DV09-034,PARTIAL
3814,166,BLANK,DV09-034,PARTIAL
3815,166,BLANK,DV09-034,PARTIAL
3816,166,BLANK,DV09-034,PARTIAL
3817,166,BLANK,DV09-034,PARTIAL
3818,166,BLANK,DV09-034,PARTIAL
3819,166,BLANK,DV09-034,PARTIAL
3820,166,BLANK,DV09-034,PARTIAL
3821,166,BLANK,DV09-034,PARTIAL
3822,166,BLANK,DV09-034,PARTIAL
3823,166,BLANK,DV09-034,PARTIAL
3824,166,REVIEWED_TEXT,DV09-034,PARTIAL
3825,166,BLANK,DV09-034,PARTIAL
3826,166,BLANK,DV09-034,PARTIAL
3827,166,REVIEWED_TEXT,DV09-034,PARTIAL
3828,166,REVIEWED_TEXT,DV09-034,PARTIAL
3829,166,BLANK,DV09-034,PARTIAL
3830,166,BLANK,DV09-034,PARTIAL
3831,166,BLANK,DV09-034,PARTIAL
3832,166,BLANK,DV09-034,PARTIAL
3833,166,BLANK,DV09-034,PARTIAL
3834,166,REVIEWED_TEXT,DV09-034,PARTIAL
3835,166,REVIEWED_TEXT,DV09-034,PARTIAL
3836,166,BLANK,DV09-034,PARTIAL
3837,167,PAGE_MARKER,DV09-034,PARTIAL
3838,167,BOILERPLATE,DV09-034,PARTIAL
3839,167,BOILERPLATE,DV09-034,PARTIAL
3840,167,BLANK,DV09-034,PARTIAL
3841,167,BOILERPLATE,DV09-034,PARTIAL
3842,167,BOILERPLATE,DV09-034,PARTIAL
3843,167,REVIEWED_TEXT,DV09-034,PARTIAL
3844,167,REVIEWED_TEXT,DV09-034,PARTIAL
3845,167,REVIEWED_TEXT,DV09-034,PARTIAL
3846,167,REVIEWED_TEXT,DV09-034,PARTIAL
3847,167,REVIEWED_TEXT,DV09-034,PARTIAL
3848,167,REVIEWED_TEXT,DV09-034,PARTIAL
3849,167,REVIEWED_TEXT,DV09-034,PARTIAL
3850,167,BLANK,DV09-034,PARTIAL
3851,167,REVIEWED_TEXT,DV09-034,PARTIAL
3852,167,BLANK,DV09-034,PARTIAL
3853,167,REVIEWED_TEXT,DV09-034,PARTIAL
3854,167,BLANK,DV09-034,PARTIAL
3855,167,REVIEWED_TEXT,DV09-034,PARTIAL
3856,167,BLANK,DV09-034,PARTIAL
3857,167,REVIEWED_TEXT,DV09-034,PARTIAL
3858,167,REVIEWED_TEXT,DV09-034,PARTIAL
3859,167,REVIEWED_TEXT,DV09-034,PARTIAL
3860,167,BLANK,DV09-034,PARTIAL
3861,167,REVIEWED_TEXT,DV09-034,PARTIAL
3862,167,REVIEWED_TEXT,DV09-034,PARTIAL
3863,167,REVIEWED_TEXT,DV09-034,PARTIAL
3864,167,REVIEWED_TEXT,DV09-034,PARTIAL
3865,167,REVIEWED_TEXT,DV09-034,PARTIAL
3866,167,REVIEWED_TEXT,DV09-034,PARTIAL
3867,167,REVIEWED_TEXT,DV09-034,PARTIAL
3868,167,REVIEWED_TEXT,DV09-034,PARTIAL
3869,167,REVIEWED_TEXT,DV09-034,PARTIAL
3870,167,BLANK,DV09-034,PARTIAL
3871,167,BLANK,DV09-034,PARTIAL
3872,167,BLANK,DV09-034,PARTIAL
3873,167,REVIEWED_TEXT,DV09-034,PARTIAL
3874,167,REVIEWED_TEXT,DV09-034,PARTIAL
3875,167,REVIEWED_TEXT,DV09-034,PARTIAL
3876,167,BLANK,DV09-034,PARTIAL
3877,168,PAGE_MARKER,DV09-034,PARTIAL
3878,168,BOILERPLATE,DV09-034,PARTIAL
3879,168,BOILERPLATE,DV09-034,PARTIAL
3880,168,BLANK,DV09-034,PARTIAL
3881,168,BOILERPLATE,DV09-034,PARTIAL
3882,168,BOILERPLATE,DV09-034,PARTIAL
3883,168,BLANK,DV09-034,PARTIAL
3884,169,PAGE_MARKER,DV09-035,VERIFIED_SUBSET
3885,169,BOILERPLATE,DV09-035,VERIFIED_SUBSET
3886,169,BOILERPLATE,DV09-035,VERIFIED_SUBSET
3887,169,BLANK,DV09-035,VERIFIED_SUBSET
3888,169,BOILERPLATE,DV09-035,VERIFIED_SUBSET
3889,169,BOILERPLATE,DV09-035,VERIFIED_SUBSET
3890,169,REVIEWED_TEXT,DV09-035,VERIFIED_SUBSET
3891,169,REVIEWED_TEXT,DV09-035,VERIFIED_SUBSET
3892,169,REVIEWED_TEXT,DV09-035,VERIFIED_SUBSET
3893,169,REVIEWED_TEXT,DV09-035,VERIFIED_SUBSET
3894,169,REVIEWED_TEXT,DV09-035,VERIFIED_SUBSET
3895,169,REVIEWED_TEXT,DV09-035,VERIFIED_SUBSET
3896,169,BLANK,DV09-035,VERIFIED_SUBSET
3897,169,BLANK,DV09-035,VERIFIED_SUBSET
3898,169,BLANK,DV09-035,VERIFIED_SUBSET
3899,169,BLANK,DV09-035,VERIFIED_SUBSET
3900,170,PAGE_MARKER,DV09-035,VERIFIED_SUBSET
3901,170,BOILERPLATE,DV09-035,VERIFIED_SUBSET
3902,170,BOILERPLATE,DV09-035,VERIFIED_SUBSET
3903,170,BLANK,DV09-035,VERIFIED_SUBSET
3904,170,BOILERPLATE,DV09-035,VERIFIED_SUBSET
3905,170,BOILERPLATE,DV09-035,VERIFIED_SUBSET
3906,170,REVIEWED_TEXT,DV09-035,VERIFIED_SUBSET
3907,170,REVIEWED_TEXT,DV09-035,VERIFIED_SUBSET
3908,170,REVIEWED_TEXT,DV09-035,VERIFIED_SUBSET
3909,170,REVIEWED_TEXT,DV09-035,VERIFIED_SUBSET
3910,170,REVIEWED_TEXT,DV09-035,VERIFIED_SUBSET
3911,170,REVIEWED_TEXT,DV09-035,VERIFIED_SUBSET
3912,170,REVIEWED_TEXT,DV09-035,VERIFIED_SUBSET
3913,170,REVIEWED_TEXT,DV09-035,VERIFIED_SUBSET
3914,170,REVIEWED_TEXT,DV09-035,VERIFIED_SUBSET
3915,170,REVIEWED_TEXT,DV09-035,VERIFIED_SUBSET
3916,170,REVIEWED_TEXT,DV09-035,VERIFIED_SUBSET
3917,170,REVIEWED_TEXT,DV09-035,VERIFIED_SUBSET
3918,170,REVIEWED_TEXT,DV09-035,VERIFIED_SUBSET
3919,170,REVIEWED_TEXT,DV09-035,VERIFIED_SUBSET
3920,170,REVIEWED_TEXT,DV09-035,VERIFIED_SUBSET
3921,170,REVIEWED_TEXT,DV09-035,VERIFIED_SUBSET
3922,170,REVIEWED_TEXT,DV09-035,VERIFIED_SUBSET
3923,170,REVIEWED_TEXT,DV09-035,VERIFIED_SUBSET
3924,170,REVIEWED_TEXT,DV09-035,VERIFIED_SUBSET
3925,170,REVIEWED_TEXT,DV09-035,VERIFIED_SUBSET
3926,170,REVIEWED_TEXT,DV09-035,VERIFIED_SUBSET
3927,170,REVIEWED_TEXT,DV09-035,VERIFIED_SUBSET
3928,170,REVIEWED_TEXT,DV09-035,VERIFIED_SUBSET
3929,170,REVIEWED_TEXT,DV09-035,VERIFIED_SUBSET
3930,170,REVIEWED_TEXT,DV09-035,VERIFIED_SUBSET
3931,170,REVIEWED_TEXT,DV09-035,VERIFIED_SUBSET
3932,170,REVIEWED_TEXT,DV09-035,VERIFIED_SUBSET
3933,170,BLANK,DV09-035,VERIFIED_SUBSET
3934,170,BLANK,DV09-035,VERIFIED_SUBSET
3935,171,PAGE_MARKER,DV09-035,VERIFIED_SUBSET
3936,171,BOILERPLATE,DV09-035,VERIFIED_SUBSET
3937,171,BOILERPLATE,DV09-035,VERIFIED_SUBSET
3938,171,BLANK,DV09-035,VERIFIED_SUBSET
3939,171,BOILERPLATE,DV09-035,VERIFIED_SUBSET
3940,171,BOILERPLATE,DV09-035,VERIFIED_SUBSET
3941,171,REVIEWED_TEXT,DV09-035,VERIFIED_SUBSET
3942,171,BLANK,DV09-035,VERIFIED_SUBSET
3943,171,BLANK,DV09-035,VERIFIED_SUBSET
3944,171,BLANK,DV09-035,VERIFIED_SUBSET
3945,171,BLANK,DV09-035,VERIFIED_SUBSET
3946,171,BLANK,DV09-035,VERIFIED_SUBSET
3947,171,BLANK,DV09-035,VERIFIED_SUBSET
3948,171,BLANK,DV09-035,VERIFIED_SUBSET
3949,171,BLANK,DV09-035,VERIFIED_SUBSET
3950,171,BLANK,DV09-035,VERIFIED_SUBSET
3951,171,BLANK,DV09-035,VERIFIED_SUBSET
3952,171,BLANK,DV09-035,VERIFIED_SUBSET
3953,171,REVIEWED_TEXT,DV09-035,VERIFIED_SUBSET
3954,171,BLANK,DV09-035,VERIFIED_SUBSET
3955,171,BLANK,DV09-035,VERIFIED_SUBSET
3956,171,REVIEWED_TEXT,DV09-035,VERIFIED_SUBSET
3957,171,REVIEWED_TEXT,DV09-035,VERIFIED_SUBSET
3958,171,BLANK,DV09-035,VERIFIED_SUBSET
3959,171,BLANK,DV09-035,VERIFIED_SUBSET
3960,171,BLANK,DV09-035,VERIFIED_SUBSET
3961,171,BLANK,DV09-035,VERIFIED_SUBSET
3962,171,BLANK,DV09-035,VERIFIED_SUBSET
3963,171,REVIEWED_TEXT,DV09-035,VERIFIED_SUBSET
3964,171,REVIEWED_TEXT,DV09-035,VERIFIED_SUBSET
3965,171,REVIEWED_TEXT,DV09-035,VERIFIED_SUBSET
3966,171,BLANK,DV09-035,VERIFIED_SUBSET
3967,172,PAGE_MARKER,DV09-036,PARTIAL
3968,172,BOILERPLATE,DV09-036,PARTIAL
3969,172,BOILERPLATE,DV09-036,PARTIAL
3970,172,BLANK,DV09-036,PARTIAL
3971,172,BOILERPLATE,DV09-036,PARTIAL
3972,172,BOILERPLATE,DV09-036,PARTIAL
3973,172,REVIEWED_TEXT,DV09-036,PARTIAL
3974,172,REVIEWED_TEXT,DV09-036,PARTIAL
3975,172,REVIEWED_TEXT,DV09-036,PARTIAL
3976,172,REVIEWED_TEXT,DV09-036,PARTIAL
3977,172,BLANK,DV09-036,PARTIAL
3978,172,REVIEWED_TEXT,DV09-036,PARTIAL
3979,172,REVIEWED_TEXT,DV09-036,PARTIAL
3980,172,REVIEWED_TEXT,DV09-036,PARTIAL
3981,172,REVIEWED_TEXT,DV09-036,PARTIAL
3982,172,REVIEWED_TEXT,DV09-036,PARTIAL
3983,172,BLANK,DV09-036,PARTIAL
3984,172,REVIEWED_TEXT,DV09-036,PARTIAL
3985,172,REVIEWED_TEXT,DV09-036,PARTIAL
3986,172,BLANK,DV09-036,PARTIAL
3987,172,REVIEWED_TEXT,DV09-036,PARTIAL
3988,172,REVIEWED_TEXT,DV09-036,PARTIAL
3989,172,BLANK,DV09-036,PARTIAL
3990,172,REVIEWED_TEXT,DV09-036,PARTIAL
3991,172,REVIEWED_TEXT,DV09-036,PARTIAL
3992,172,BLANK,DV09-036,PARTIAL
3993,172,REVIEWED_TEXT,DV09-036,PARTIAL
3994,172,REVIEWED_TEXT,DV09-036,PARTIAL
3995,172,BLANK,DV09-036,PARTIAL
3996,172,REVIEWED_TEXT,DV09-036,PARTIAL
3997,172,REVIEWED_TEXT,DV09-036,PARTIAL
3998,172,BLANK,DV09-036,PARTIAL
3999,172,REVIEWED_TEXT,DV09-036,PARTIAL
4000,172,REVIEWED_TEXT,DV09-036,PARTIAL
4001,172,BLANK,DV09-036,PARTIAL
4002,172,REVIEWED_TEXT,DV09-036,PARTIAL
4003,172,REVIEWED_TEXT,DV09-036,PARTIAL
4004,172,BLANK,DV09-036,PARTIAL
4005,173,PAGE_MARKER,DV09-037,PARTIAL
4006,173,BOILERPLATE,DV09-037,PARTIAL
4007,173,BOILERPLATE,DV09-037,PARTIAL
4008,173,BLANK,DV09-037,PARTIAL
4009,173,BOILERPLATE,DV09-037,PARTIAL
4010,173,BOILERPLATE,DV09-037,PARTIAL
4011,173,REVIEWED_TEXT,DV09-037,PARTIAL
4012,173,REVIEWED_TEXT,DV09-037,PARTIAL
4013,173,REVIEWED_TEXT,DV09-037,PARTIAL
4014,173,REVIEWED_TEXT,DV09-037,PARTIAL
4015,173,BLANK,DV09-037,PARTIAL
4016,173,REVIEWED_TEXT,DV09-037,PARTIAL
4017,173,REVIEWED_TEXT,DV09-037,PARTIAL
4018,173,REVIEWED_TEXT,DV09-037,PARTIAL
4019,173,REVIEWED_TEXT,DV09-037,PARTIAL
4020,173,REVIEWED_TEXT,DV09-037,PARTIAL
4021,173,REVIEWED_TEXT,DV09-037,PARTIAL
4022,173,REVIEWED_TEXT,DV09-037,PARTIAL
4023,173,REVIEWED_TEXT,DV09-037,PARTIAL
4024,173,REVIEWED_TEXT,DV09-037,PARTIAL
4025,173,BLANK,DV09-037,PARTIAL
4026,173,REVIEWED_TEXT,DV09-037,PARTIAL
4027,173,BLANK,DV09-037,PARTIAL
4028,174,PAGE_MARKER,DV09-037,PARTIAL
4029,174,BOILERPLATE,DV09-037,PARTIAL
4030,174,BOILERPLATE,DV09-037,PARTIAL
4031,174,BLANK,DV09-037,PARTIAL
4032,174,BOILERPLATE,DV09-037,PARTIAL
4033,174,BOILERPLATE,DV09-037,PARTIAL
4034,174,REVIEWED_TEXT,DV09-037,PARTIAL
4035,174,REVIEWED_TEXT,DV09-037,PARTIAL
4036,174,REVIEWED_TEXT,DV09-037,PARTIAL
4037,174,BLANK,DV09-037,PARTIAL
4038,174,REVIEWED_TEXT,DV09-037,PARTIAL
4039,174,BLANK,DV09-037,PARTIAL
4040,174,REVIEWED_TEXT,DV09-037,PARTIAL
4041,174,BLANK,DV09-037,PARTIAL
4042,174,REVIEWED_TEXT,DV09-037,PARTIAL
4043,174,BLANK,DV09-037,PARTIAL
4044,174,REVIEWED_TEXT,DV09-037,PARTIAL
4045,174,BLANK,DV09-037,PARTIAL
4046,174,REVIEWED_TEXT,DV09-037,PARTIAL
4047,174,BLANK,DV09-037,PARTIAL
4048,174,REVIEWED_TEXT,DV09-037,PARTIAL
4049,174,REVIEWED_TEXT,DV09-037,PARTIAL
4050,174,REVIEWED_TEXT,DV09-037,PARTIAL
4051,174,BLANK,DV09-037,PARTIAL
4052,174,REVIEWED_TEXT,DV09-037,PARTIAL
4053,174,BLANK,DV09-037,PARTIAL
4054,174,BLANK,DV09-037,PARTIAL
4055,174,BLANK,DV09-037,PARTIAL
4056,174,BLANK,DV09-037,PARTIAL
4057,175,PAGE_MARKER,DV09-037,PARTIAL
4058,175,BOILERPLATE,DV09-037,PARTIAL
4059,175,BOILERPLATE,DV09-037,PARTIAL
4060,175,BLANK,DV09-037,PARTIAL
4061,175,BOILERPLATE,DV09-037,PARTIAL
4062,175,BOILERPLATE,DV09-037,PARTIAL
4063,175,REVIEWED_TEXT,DV09-037,PARTIAL
4064,175,REVIEWED_TEXT,DV09-037,PARTIAL
4065,175,REVIEWED_TEXT,DV09-037,PARTIAL
4066,175,REVIEWED_TEXT,DV09-037,PARTIAL
4067,175,REVIEWED_TEXT,DV09-037,PARTIAL
4068,175,BLANK,DV09-037,PARTIAL
4069,175,REVIEWED_TEXT,DV09-037,PARTIAL
4070,175,REVIEWED_TEXT,DV09-037,PARTIAL
4071,175,BLANK,DV09-037,PARTIAL
4072,175,REVIEWED_TEXT,DV09-037,PARTIAL
4073,175,REVIEWED_TEXT,DV09-037,PARTIAL
4074,175,BLANK,DV09-037,PARTIAL
4075,175,REVIEWED_TEXT,DV09-037,PARTIAL
4076,175,BLANK,DV09-037,PARTIAL
4077,175,BLANK,DV09-037,PARTIAL
4078,176,PAGE_MARKER,DV09-037,PARTIAL
4079,176,BOILERPLATE,DV09-037,PARTIAL
4080,176,BOILERPLATE,DV09-037,PARTIAL
4081,176,BLANK,DV09-037,PARTIAL
4082,176,BOILERPLATE,DV09-037,PARTIAL
4083,176,BOILERPLATE,DV09-037,PARTIAL
4084,176,REVIEWED_TEXT,DV09-037,PARTIAL
4085,176,REVIEWED_TEXT,DV09-037,PARTIAL
4086,176,REVIEWED_TEXT,DV09-037,PARTIAL
4087,176,REVIEWED_TEXT,DV09-037,PARTIAL
4088,176,REVIEWED_TEXT,DV09-037,PARTIAL
4089,176,BLANK,DV09-037,PARTIAL
4090,177,PAGE_MARKER,DV09-037,PARTIAL
4091,177,BOILERPLATE,DV09-037,PARTIAL
4092,177,BOILERPLATE,DV09-037,PARTIAL
4093,177,BLANK,DV09-037,PARTIAL
4094,177,BOILERPLATE,DV09-037,PARTIAL
4095,177,BOILERPLATE,DV09-037,PARTIAL
4096,177,REVIEWED_TEXT,DV09-037,PARTIAL
4097,177,REVIEWED_TEXT,DV09-037,PARTIAL
4098,177,REVIEWED_TEXT,DV09-037,PARTIAL
4099,177,REVIEWED_TEXT,DV09-037,PARTIAL
4100,177,REVIEWED_TEXT,DV09-037,PARTIAL
4101,177,REVIEWED_TEXT,DV09-037,PARTIAL
4102,177,REVIEWED_TEXT,DV09-037,PARTIAL
4103,177,REVIEWED_TEXT,DV09-037,PARTIAL
4104,177,BLANK,DV09-037,PARTIAL
4105,178,PAGE_MARKER,DV09-037,PARTIAL
4106,178,BOILERPLATE,DV09-037,PARTIAL
4107,178,BOILERPLATE,DV09-037,PARTIAL
4108,178,BLANK,DV09-037,PARTIAL
4109,178,BOILERPLATE,DV09-037,PARTIAL
4110,178,BOILERPLATE,DV09-037,PARTIAL
4111,178,BLANK,DV09-037,PARTIAL
4112,179,PAGE_MARKER,DV09-038,PARTIAL
4113,179,BOILERPLATE,DV09-038,PARTIAL
4114,179,BOILERPLATE,DV09-038,PARTIAL
4115,179,BLANK,DV09-038,PARTIAL
4116,179,BOILERPLATE,DV09-038,PARTIAL
4117,179,BOILERPLATE,DV09-038,PARTIAL
4118,179,REVIEWED_TEXT,DV09-038,PARTIAL
4119,179,REVIEWED_TEXT,DV09-038,PARTIAL
4120,179,BOILERPLATE,DV09-038,PARTIAL
4121,179,REVIEWED_TEXT,DV09-038,PARTIAL
4122,179,BOILERPLATE,DV09-038,PARTIAL
4123,179,REVIEWED_TEXT,DV09-038,PARTIAL
4124,179,REVIEWED_TEXT,DV09-038,PARTIAL
4125,179,BOILERPLATE,DV09-038,PARTIAL
4126,179,REVIEWED_TEXT,DV09-038,PARTIAL
4127,179,REVIEWED_TEXT,DV09-038,PARTIAL
4128,179,BLANK,DV09-038,PARTIAL
4129,180,PAGE_MARKER,DV09-038,PARTIAL
4130,180,BOILERPLATE,DV09-038,PARTIAL
4131,180,BOILERPLATE,DV09-038,PARTIAL
4132,180,BLANK,DV09-038,PARTIAL
4133,180,BOILERPLATE,DV09-038,PARTIAL
4134,180,BOILERPLATE,DV09-038,PARTIAL
4135,180,BLANK,DV09-038,PARTIAL
4136,180,REVIEWED_TEXT,DV09-038,PARTIAL
4137,180,REVIEWED_TEXT,DV09-038,PARTIAL
4138,180,BOILERPLATE,DV09-038,PARTIAL
4139,180,REVIEWED_TEXT,DV09-038,PARTIAL
4140,180,BOILERPLATE,DV09-038,PARTIAL
4141,180,REVIEWED_TEXT,DV09-038,PARTIAL
4142,180,BOILERPLATE,DV09-038,PARTIAL
4143,180,REVIEWED_TEXT,DV09-038,PARTIAL
4144,180,BOILERPLATE,DV09-038,PARTIAL
4145,180,REVIEWED_TEXT,DV09-038,PARTIAL
4146,180,BOILERPLATE,DV09-038,PARTIAL
4147,180,REVIEWED_TEXT,DV09-038,PARTIAL
4148,180,BOILERPLATE,DV09-038,PARTIAL
4149,180,REVIEWED_TEXT,DV09-038,PARTIAL
4150,180,REVIEWED_TEXT,DV09-038,PARTIAL
4151,180,BOILERPLATE,DV09-038,PARTIAL
4152,180,REVIEWED_TEXT,DV09-038,PARTIAL
4153,180,BOILERPLATE,DV09-038,PARTIAL
4154,180,REVIEWED_TEXT,DV09-038,PARTIAL
4155,180,BLANK,DV09-038,PARTIAL
4156,181,PAGE_MARKER,DV09-039,VERIFIED_SUBSET
4157,181,BOILERPLATE,DV09-039,VERIFIED_SUBSET
4158,181,BOILERPLATE,DV09-039,VERIFIED_SUBSET
4159,181,BLANK,DV09-039,VERIFIED_SUBSET
4160,181,BOILERPLATE,DV09-039,VERIFIED_SUBSET
4161,181,BOILERPLATE,DV09-039,VERIFIED_SUBSET
4162,181,REVIEWED_TEXT,DV09-039,VERIFIED_SUBSET
4163,181,REVIEWED_TEXT,DV09-039,VERIFIED_SUBSET
4164,181,BOILERPLATE,DV09-039,VERIFIED_SUBSET
4165,181,REVIEWED_TEXT,DV09-039,VERIFIED_SUBSET
4166,181,BOILERPLATE,DV09-039,VERIFIED_SUBSET
4167,181,REVIEWED_TEXT,DV09-039,VERIFIED_SUBSET
4168,181,REVIEWED_TEXT,DV09-039,VERIFIED_SUBSET
4169,181,BOILERPLATE,DV09-039,VERIFIED_SUBSET
4170,181,REVIEWED_TEXT,DV09-039,VERIFIED_SUBSET
4171,181,REVIEWED_TEXT,DV09-039,VERIFIED_SUBSET
4172,181,BOILERPLATE,DV09-039,VERIFIED_SUBSET
4173,181,REVIEWED_TEXT,DV09-039,VERIFIED_SUBSET
4174,181,REVIEWED_TEXT,DV09-039,VERIFIED_SUBSET
4175,181,REVIEWED_TEXT,DV09-039,VERIFIED_SUBSET
4176,181,BLANK,DV09-039,VERIFIED_SUBSET
4177,182,PAGE_MARKER,DV09-039,VERIFIED_SUBSET
4178,182,BOILERPLATE,DV09-039,VERIFIED_SUBSET
4179,182,BOILERPLATE,DV09-039,VERIFIED_SUBSET
4180,182,BLANK,DV09-039,VERIFIED_SUBSET
4181,182,BOILERPLATE,DV09-039,VERIFIED_SUBSET
4182,182,BOILERPLATE,DV09-039,VERIFIED_SUBSET
4183,182,BLANK,DV09-039,VERIFIED_SUBSET
4184,183,PAGE_MARKER,DV09-040,PARTIAL
4185,183,BOILERPLATE,DV09-040,PARTIAL
4186,183,BOILERPLATE,DV09-040,PARTIAL
4187,183,BLANK,DV09-040,PARTIAL
4188,183,BOILERPLATE,DV09-040,PARTIAL
4189,183,BOILERPLATE,DV09-040,PARTIAL
4190,183,REVIEWED_TEXT,DV09-040,PARTIAL
4191,183,REVIEWED_TEXT,DV09-040,PARTIAL
4192,183,REVIEWED_TEXT,DV09-040,PARTIAL
4193,183,REVIEWED_TEXT,DV09-040,PARTIAL
4194,183,BLANK,DV09-040,PARTIAL
4195,183,BLANK,DV09-040,PARTIAL
4196,184,PAGE_MARKER,DV09-040,PARTIAL
4197,184,BOILERPLATE,DV09-040,PARTIAL
4198,184,BOILERPLATE,DV09-040,PARTIAL
4199,184,BLANK,DV09-040,PARTIAL
4200,184,BOILERPLATE,DV09-040,PARTIAL
4201,184,BOILERPLATE,DV09-040,PARTIAL
4202,184,REVIEWED_TEXT,DV09-040,PARTIAL
4203,184,REVIEWED_TEXT,DV09-040,PARTIAL
4204,184,BOILERPLATE,DV09-040,PARTIAL
4205,184,REVIEWED_TEXT,DV09-040,PARTIAL
4206,184,BOILERPLATE,DV09-040,PARTIAL
4207,184,REVIEWED_TEXT,DV09-040,PARTIAL
4208,184,BOILERPLATE,DV09-040,PARTIAL
4209,184,REVIEWED_TEXT,DV09-040,PARTIAL
4210,184,BOILERPLATE,DV09-040,PARTIAL
4211,184,REVIEWED_TEXT,DV09-040,PARTIAL
4212,184,BOILERPLATE,DV09-040,PARTIAL
4213,184,REVIEWED_TEXT,DV09-040,PARTIAL
4214,184,BOILERPLATE,DV09-040,PARTIAL
4215,184,REVIEWED_TEXT,DV09-040,PARTIAL
4216,184,BOILERPLATE,DV09-040,PARTIAL
4217,184,REVIEWED_TEXT,DV09-040,PARTIAL
4218,184,BOILERPLATE,DV09-040,PARTIAL
4219,184,REVIEWED_TEXT,DV09-040,PARTIAL
4220,184,BOILERPLATE,DV09-040,PARTIAL
4221,184,REVIEWED_TEXT,DV09-040,PARTIAL
4222,184,BOILERPLATE,DV09-040,PARTIAL
4223,184,REVIEWED_TEXT,DV09-040,PARTIAL
4224,184,BOILERPLATE,DV09-040,PARTIAL
4225,184,REVIEWED_TEXT,DV09-040,PARTIAL
4226,184,BOILERPLATE,DV09-040,PARTIAL
4227,184,REVIEWED_TEXT,DV09-040,PARTIAL
4228,184,BOILERPLATE,DV09-040,PARTIAL
4229,184,REVIEWED_TEXT,DV09-040,PARTIAL
4230,184,BOILERPLATE,DV09-040,PARTIAL
4231,184,REVIEWED_TEXT,DV09-040,PARTIAL
4232,184,BOILERPLATE,DV09-040,PARTIAL
4233,184,REVIEWED_TEXT,DV09-040,PARTIAL
4234,184,BOILERPLATE,DV09-040,PARTIAL
4235,184,REVIEWED_TEXT,DV09-040,PARTIAL
4236,184,BLANK,DV09-040,PARTIAL
4237,185,PAGE_MARKER,DV09-041,MISSING
4238,185,BOILERPLATE,DV09-041,MISSING
4239,185,BOILERPLATE,DV09-041,MISSING
4240,185,BLANK,DV09-041,MISSING
4241,185,BOILERPLATE,DV09-041,MISSING
4242,185,BOILERPLATE,DV09-041,MISSING
4243,185,REVIEWED_TEXT,DV09-041,MISSING
4244,185,REVIEWED_TEXT,DV09-041,MISSING
4245,185,REVIEWED_TEXT,DV09-041,MISSING
4246,185,REVIEWED_TEXT,DV09-041,MISSING
4247,185,BLANK,DV09-041,MISSING
4248,186,PAGE_MARKER,DV09-041,MISSING
4249,186,BOILERPLATE,DV09-041,MISSING
4250,186,BOILERPLATE,DV09-041,MISSING
4251,186,BLANK,DV09-041,MISSING
4252,186,BOILERPLATE,DV09-041,MISSING
4253,186,BOILERPLATE,DV09-041,MISSING
4254,186,REVIEWED_TEXT,DV09-041,MISSING
4255,186,BOILERPLATE,DV09-041,MISSING
4256,186,REVIEWED_TEXT,DV09-041,MISSING
4257,186,BOILERPLATE,DV09-041,MISSING
4258,186,REVIEWED_TEXT,DV09-041,MISSING
4259,186,REVIEWED_TEXT,DV09-041,MISSING
4260,186,REVIEWED_TEXT,DV09-041,MISSING
4261,186,REVIEWED_TEXT,DV09-041,MISSING
4262,186,BOILERPLATE,DV09-041,MISSING
4263,186,REVIEWED_TEXT,DV09-041,MISSING
4264,186,REVIEWED_TEXT,DV09-041,MISSING
4265,186,REVIEWED_TEXT,DV09-041,MISSING
4266,186,REVIEWED_TEXT,DV09-041,MISSING
4267,186,BOILERPLATE,DV09-041,MISSING
4268,186,REVIEWED_TEXT,DV09-041,MISSING
4269,186,REVIEWED_TEXT,DV09-041,MISSING
4270,186,REVIEWED_TEXT,DV09-041,MISSING
4271,186,REVIEWED_TEXT,DV09-041,MISSING
4272,186,BOILERPLATE,DV09-041,MISSING
4273,186,REVIEWED_TEXT,DV09-041,MISSING
4274,186,REVIEWED_TEXT,DV09-041,MISSING
4275,186,BLANK,DV09-041,MISSING
4276,187,PAGE_MARKER,DV09-041,MISSING
4277,187,BOILERPLATE,DV09-041,MISSING
4278,187,BOILERPLATE,DV09-041,MISSING
4279,187,BLANK,DV09-041,MISSING
4280,187,BOILERPLATE,DV09-041,MISSING
4281,187,BOILERPLATE,DV09-041,MISSING
4282,187,REVIEWED_TEXT,DV09-041,MISSING
4283,187,REVIEWED_TEXT,DV09-041,MISSING
4284,187,REVIEWED_TEXT,DV09-041,MISSING
4285,187,REVIEWED_TEXT,DV09-041,MISSING
4286,187,BLANK,DV09-041,MISSING
4287,188,PAGE_MARKER,DV09-041,MISSING
4288,188,BOILERPLATE,DV09-041,MISSING
4289,188,BOILERPLATE,DV09-041,MISSING
4290,188,BLANK,DV09-041,MISSING
4291,188,BOILERPLATE,DV09-041,MISSING
4292,188,BOILERPLATE,DV09-041,MISSING
4293,188,REVIEWED_TEXT,DV09-041,MISSING
4294,188,REVIEWED_TEXT,DV09-041,MISSING
4295,188,REVIEWED_TEXT,DV09-041,MISSING
4296,188,REVIEWED_TEXT,DV09-041,MISSING
4297,188,BOILERPLATE,DV09-041,MISSING
4298,188,REVIEWED_TEXT,DV09-041,MISSING
4299,188,BOILERPLATE,DV09-041,MISSING
4300,188,REVIEWED_TEXT,DV09-041,MISSING
4301,188,REVIEWED_TEXT,DV09-041,MISSING
4302,188,BOILERPLATE,DV09-041,MISSING
4303,188,REVIEWED_TEXT,DV09-041,MISSING
4304,188,REVIEWED_TEXT,DV09-041,MISSING
4305,188,BOILERPLATE,DV09-041,MISSING
4306,188,REVIEWED_TEXT,DV09-041,MISSING
4307,188,BOILERPLATE,DV09-041,MISSING
4308,188,REVIEWED_TEXT,DV09-041,MISSING
4309,188,REVIEWED_TEXT,DV09-041,MISSING
4310,188,BLANK,DV09-041,MISSING
4311,189,PAGE_MARKER,DV09-041,MISSING
4312,189,BOILERPLATE,DV09-041,MISSING
4313,189,BOILERPLATE,DV09-041,MISSING
4314,189,BLANK,DV09-041,MISSING
4315,189,BOILERPLATE,DV09-041,MISSING
4316,189,BOILERPLATE,DV09-041,MISSING
4317,189,REVIEWED_TEXT,DV09-041,MISSING
4318,189,REVIEWED_TEXT,DV09-041,MISSING
4319,189,REVIEWED_TEXT,DV09-041,MISSING
4320,189,REVIEWED_TEXT,DV09-041,MISSING
4321,189,BLANK,DV09-041,MISSING
4322,189,BLANK,DV09-041,MISSING
4323,189,BLANK,DV09-041,MISSING
4324,190,PAGE_MARKER,DV09-041,MISSING
4325,190,BOILERPLATE,DV09-041,MISSING
4326,190,BOILERPLATE,DV09-041,MISSING
4327,190,BLANK,DV09-041,MISSING
4328,190,BOILERPLATE,DV09-041,MISSING
4329,190,BOILERPLATE,DV09-041,MISSING
4330,190,REVIEWED_TEXT,DV09-041,MISSING
4331,190,REVIEWED_TEXT,DV09-041,MISSING
4332,190,REVIEWED_TEXT,DV09-041,MISSING
4333,190,REVIEWED_TEXT,DV09-041,MISSING
4334,190,BLANK,DV09-041,MISSING
4335,190,BLANK,DV09-041,MISSING
4336,191,PAGE_MARKER,DV09-042,VERIFIED_SUBSET
4337,191,BOILERPLATE,DV09-042,VERIFIED_SUBSET
4338,191,BOILERPLATE,DV09-042,VERIFIED_SUBSET
4339,191,BLANK,DV09-042,VERIFIED_SUBSET
4340,191,BOILERPLATE,DV09-042,VERIFIED_SUBSET
4341,191,BOILERPLATE,DV09-042,VERIFIED_SUBSET
4342,191,REVIEWED_TEXT,DV09-042,VERIFIED_SUBSET
4343,191,REVIEWED_TEXT,DV09-042,VERIFIED_SUBSET
4344,191,REVIEWED_TEXT,DV09-042,VERIFIED_SUBSET
4345,191,BLANK,DV09-042,VERIFIED_SUBSET
4346,191,REVIEWED_TEXT,DV09-042,VERIFIED_SUBSET
4347,191,REVIEWED_TEXT,DV09-042,VERIFIED_SUBSET
4348,191,REVIEWED_TEXT,DV09-042,VERIFIED_SUBSET
4349,191,REVIEWED_TEXT,DV09-042,VERIFIED_SUBSET
4350,191,REVIEWED_TEXT,DV09-042,VERIFIED_SUBSET
4351,191,REVIEWED_TEXT,DV09-042,VERIFIED_SUBSET
4352,191,REVIEWED_TEXT,DV09-042,VERIFIED_SUBSET
4353,191,REVIEWED_TEXT,DV09-042,VERIFIED_SUBSET
4354,191,REVIEWED_TEXT,DV09-042,VERIFIED_SUBSET
4355,191,REVIEWED_TEXT,DV09-042,VERIFIED_SUBSET
4356,191,REVIEWED_TEXT,DV09-042,VERIFIED_SUBSET
4357,191,REVIEWED_TEXT,DV09-042,VERIFIED_SUBSET
4358,191,REVIEWED_TEXT,DV09-042,VERIFIED_SUBSET
4359,191,REVIEWED_TEXT,DV09-042,VERIFIED_SUBSET
4360,191,REVIEWED_TEXT,DV09-042,VERIFIED_SUBSET
4361,191,REVIEWED_TEXT,DV09-042,VERIFIED_SUBSET
4362,191,REVIEWED_TEXT,DV09-042,VERIFIED_SUBSET
4363,191,REVIEWED_TEXT,DV09-042,VERIFIED_SUBSET
4364,191,REVIEWED_TEXT,DV09-042,VERIFIED_SUBSET
4365,191,REVIEWED_TEXT,DV09-042,VERIFIED_SUBSET
4366,191,REVIEWED_TEXT,DV09-042,VERIFIED_SUBSET
4367,191,REVIEWED_TEXT,DV09-042,VERIFIED_SUBSET
4368,191,REVIEWED_TEXT,DV09-042,VERIFIED_SUBSET
4369,191,REVIEWED_TEXT,DV09-042,VERIFIED_SUBSET
4370,191,REVIEWED_TEXT,DV09-042,VERIFIED_SUBSET
4371,191,REVIEWED_TEXT,DV09-042,VERIFIED_SUBSET
4372,191,REVIEWED_TEXT,DV09-042,VERIFIED_SUBSET
4373,191,REVIEWED_TEXT,DV09-042,VERIFIED_SUBSET
4374,191,REVIEWED_TEXT,DV09-042,VERIFIED_SUBSET
4375,191,REVIEWED_TEXT,DV09-042,VERIFIED_SUBSET
4376,191,REVIEWED_TEXT,DV09-042,VERIFIED_SUBSET
4377,191,REVIEWED_TEXT,DV09-042,VERIFIED_SUBSET
4378,191,REVIEWED_TEXT,DV09-042,VERIFIED_SUBSET
4379,191,REVIEWED_TEXT,DV09-042,VERIFIED_SUBSET
4380,191,REVIEWED_TEXT,DV09-042,VERIFIED_SUBSET
4381,191,REVIEWED_TEXT,DV09-042,VERIFIED_SUBSET
4382,191,REVIEWED_TEXT,DV09-042,VERIFIED_SUBSET
4383,191,REVIEWED_TEXT,DV09-042,VERIFIED_SUBSET
4384,191,REVIEWED_TEXT,DV09-042,VERIFIED_SUBSET
4385,191,REVIEWED_TEXT,DV09-042,VERIFIED_SUBSET
4386,191,REVIEWED_TEXT,DV09-042,VERIFIED_SUBSET
4387,191,REVIEWED_TEXT,DV09-042,VERIFIED_SUBSET
4388,191,REVIEWED_TEXT,DV09-042,VERIFIED_SUBSET
4389,191,REVIEWED_TEXT,DV09-042,VERIFIED_SUBSET
4390,191,BLANK,DV09-042,VERIFIED_SUBSET
4391,192,PAGE_MARKER,DV09-042,VERIFIED_SUBSET
4392,192,BOILERPLATE,DV09-042,VERIFIED_SUBSET
4393,192,BOILERPLATE,DV09-042,VERIFIED_SUBSET
4394,192,BLANK,DV09-042,VERIFIED_SUBSET
4395,192,BOILERPLATE,DV09-042,VERIFIED_SUBSET
4396,192,BOILERPLATE,DV09-042,VERIFIED_SUBSET
4397,192,BLANK,DV09-042,VERIFIED_SUBSET
4398,192,BLANK,DV09-042,VERIFIED_SUBSET
4399,192,BLANK,DV09-042,VERIFIED_SUBSET
4400,192,REVIEWED_TEXT,DV09-042,VERIFIED_SUBSET
4401,192,REVIEWED_TEXT,DV09-042,VERIFIED_SUBSET
4402,192,REVIEWED_TEXT,DV09-042,VERIFIED_SUBSET
4403,192,REVIEWED_TEXT,DV09-042,VERIFIED_SUBSET
4404,192,REVIEWED_TEXT,DV09-042,VERIFIED_SUBSET
4405,192,REVIEWED_TEXT,DV09-042,VERIFIED_SUBSET
4406,192,REVIEWED_TEXT,DV09-042,VERIFIED_SUBSET
4407,192,REVIEWED_TEXT,DV09-042,VERIFIED_SUBSET
4408,192,REVIEWED_TEXT,DV09-042,VERIFIED_SUBSET
4409,192,REVIEWED_TEXT,DV09-042,VERIFIED_SUBSET
4410,192,REVIEWED_TEXT,DV09-042,VERIFIED_SUBSET
4411,192,REVIEWED_TEXT,DV09-042,VERIFIED_SUBSET
4412,192,REVIEWED_TEXT,DV09-042,VERIFIED_SUBSET
4413,192,REVIEWED_TEXT,DV09-042,VERIFIED_SUBSET
4414,192,REVIEWED_TEXT,DV09-042,VERIFIED_SUBSET
4415,192,REVIEWED_TEXT,DV09-042,VERIFIED_SUBSET
4416,192,BLANK,DV09-042,VERIFIED_SUBSET
4417,192,BLANK,DV09-042,VERIFIED_SUBSET
4418,192,BLANK,DV09-042,VERIFIED_SUBSET
4419,192,BLANK,DV09-042,VERIFIED_SUBSET
4420,192,BLANK,DV09-042,VERIFIED_SUBSET
4421,192,REVIEWED_TEXT,DV09-042,VERIFIED_SUBSET
4422,192,REVIEWED_TEXT,DV09-042,VERIFIED_SUBSET
4423,192,REVIEWED_TEXT,DV09-042,VERIFIED_SUBSET
4424,192,REVIEWED_TEXT,DV09-042,VERIFIED_SUBSET
4425,192,REVIEWED_TEXT,DV09-042,VERIFIED_SUBSET
4426,192,BLANK,DV09-042,VERIFIED_SUBSET
4427,193,PAGE_MARKER,DV09-042,VERIFIED_SUBSET
4428,193,BOILERPLATE,DV09-042,VERIFIED_SUBSET
4429,193,BOILERPLATE,DV09-042,VERIFIED_SUBSET
4430,193,BLANK,DV09-042,VERIFIED_SUBSET
4431,193,BOILERPLATE,DV09-042,VERIFIED_SUBSET
4432,193,BOILERPLATE,DV09-042,VERIFIED_SUBSET
4433,193,REVIEWED_TEXT,DV09-042,VERIFIED_SUBSET
4434,193,REVIEWED_TEXT,DV09-042,VERIFIED_SUBSET
4435,193,REVIEWED_TEXT,DV09-042,VERIFIED_SUBSET
4436,193,REVIEWED_TEXT,DV09-042,VERIFIED_SUBSET
4437,193,REVIEWED_TEXT,DV09-042,VERIFIED_SUBSET
4438,193,REVIEWED_TEXT,DV09-042,VERIFIED_SUBSET
4439,193,REVIEWED_TEXT,DV09-042,VERIFIED_SUBSET
4440,193,REVIEWED_TEXT,DV09-042,VERIFIED_SUBSET
4441,193,REVIEWED_TEXT,DV09-042,VERIFIED_SUBSET
4442,193,REVIEWED_TEXT,DV09-042,VERIFIED_SUBSET
4443,193,REVIEWED_TEXT,DV09-042,VERIFIED_SUBSET
4444,193,REVIEWED_TEXT,DV09-042,VERIFIED_SUBSET
4445,193,REVIEWED_TEXT,DV09-042,VERIFIED_SUBSET
4446,193,REVIEWED_TEXT,DV09-042,VERIFIED_SUBSET
4447,193,REVIEWED_TEXT,DV09-042,VERIFIED_SUBSET
4448,193,REVIEWED_TEXT,DV09-042,VERIFIED_SUBSET
4449,193,REVIEWED_TEXT,DV09-042,VERIFIED_SUBSET
4450,193,REVIEWED_TEXT,DV09-042,VERIFIED_SUBSET
4451,193,REVIEWED_TEXT,DV09-042,VERIFIED_SUBSET
4452,193,REVIEWED_TEXT,DV09-042,VERIFIED_SUBSET
4453,193,REVIEWED_TEXT,DV09-042,VERIFIED_SUBSET
4454,193,REVIEWED_TEXT,DV09-042,VERIFIED_SUBSET
4455,193,REVIEWED_TEXT,DV09-042,VERIFIED_SUBSET
4456,193,REVIEWED_TEXT,DV09-042,VERIFIED_SUBSET
4457,193,REVIEWED_TEXT,DV09-042,VERIFIED_SUBSET
4458,193,REVIEWED_TEXT,DV09-042,VERIFIED_SUBSET
4459,193,REVIEWED_TEXT,DV09-042,VERIFIED_SUBSET
4460,193,REVIEWED_TEXT,DV09-042,VERIFIED_SUBSET
4461,193,REVIEWED_TEXT,DV09-042,VERIFIED_SUBSET
4462,193,REVIEWED_TEXT,DV09-042,VERIFIED_SUBSET
4463,193,REVIEWED_TEXT,DV09-042,VERIFIED_SUBSET
4464,193,REVIEWED_TEXT,DV09-042,VERIFIED_SUBSET
4465,193,REVIEWED_TEXT,DV09-042,VERIFIED_SUBSET
4466,193,REVIEWED_TEXT,DV09-042,VERIFIED_SUBSET
4467,193,REVIEWED_TEXT,DV09-042,VERIFIED_SUBSET
4468,193,REVIEWED_TEXT,DV09-042,VERIFIED_SUBSET
4469,193,REVIEWED_TEXT,DV09-042,VERIFIED_SUBSET
4470,193,REVIEWED_TEXT,DV09-042,VERIFIED_SUBSET
4471,193,REVIEWED_TEXT,DV09-042,VERIFIED_SUBSET
4472,193,REVIEWED_TEXT,DV09-042,VERIFIED_SUBSET
4473,193,REVIEWED_TEXT,DV09-042,VERIFIED_SUBSET
4474,193,REVIEWED_TEXT,DV09-042,VERIFIED_SUBSET
4475,193,REVIEWED_TEXT,DV09-042,VERIFIED_SUBSET
4476,193,REVIEWED_TEXT,DV09-042,VERIFIED_SUBSET
4477,193,REVIEWED_TEXT,DV09-042,VERIFIED_SUBSET
4478,193,BLANK,DV09-042,VERIFIED_SUBSET
4479,194,PAGE_MARKER,DV09-042,VERIFIED_SUBSET
4480,194,BOILERPLATE,DV09-042,VERIFIED_SUBSET
4481,194,BOILERPLATE,DV09-042,VERIFIED_SUBSET
4482,194,BLANK,DV09-042,VERIFIED_SUBSET
4483,194,BOILERPLATE,DV09-042,VERIFIED_SUBSET
4484,194,BOILERPLATE,DV09-042,VERIFIED_SUBSET
4485,194,BLANK,DV09-042,VERIFIED_SUBSET
4486,195,PAGE_MARKER,DV09-043,MISSING
4487,195,BOILERPLATE,DV09-043,MISSING
4488,195,BOILERPLATE,DV09-043,MISSING
4489,195,BLANK,DV09-043,MISSING
4490,195,BOILERPLATE,DV09-043,MISSING
4491,195,BOILERPLATE,DV09-043,MISSING
4492,195,REVIEWED_TEXT,DV09-043,MISSING
4493,195,REVIEWED_TEXT,DV09-043,MISSING
4494,195,REVIEWED_TEXT,DV09-043,MISSING
4495,195,BLANK,DV09-043,MISSING
4496,195,REVIEWED_TEXT,DV09-043,MISSING
4497,195,REVIEWED_TEXT,DV09-043,MISSING
4498,195,REVIEWED_TEXT,DV09-043,MISSING
4499,195,BLANK,DV09-043,MISSING
4500,195,REVIEWED_TEXT,DV09-043,MISSING
4501,195,BLANK,DV09-043,MISSING
4502,195,REVIEWED_TEXT,DV09-043,MISSING
4503,195,REVIEWED_TEXT,DV09-043,MISSING
4504,195,REVIEWED_TEXT,DV09-043,MISSING
4505,195,BLANK,DV09-043,MISSING
4506,196,PAGE_MARKER,DV09-043,MISSING
4507,196,BOILERPLATE,DV09-043,MISSING
4508,196,BOILERPLATE,DV09-043,MISSING
4509,196,BLANK,DV09-043,MISSING
4510,196,BOILERPLATE,DV09-043,MISSING
4511,196,BOILERPLATE,DV09-043,MISSING
4512,196,REVIEWED_TEXT,DV09-043,MISSING
4513,196,REVIEWED_TEXT,DV09-043,MISSING
4514,196,REVIEWED_TEXT,DV09-043,MISSING
4515,196,REVIEWED_TEXT,DV09-043,MISSING
4516,196,REVIEWED_TEXT,DV09-043,MISSING
4517,196,REVIEWED_TEXT,DV09-043,MISSING
4518,196,REVIEWED_TEXT,DV09-043,MISSING
4519,196,REVIEWED_TEXT,DV09-043,MISSING
4520,196,BLANK,DV09-043,MISSING
4521,197,PAGE_MARKER,DV09-043,MISSING
4522,197,BOILERPLATE,DV09-043,MISSING
4523,197,BOILERPLATE,DV09-043,MISSING
4524,197,BLANK,DV09-043,MISSING
4525,197,BOILERPLATE,DV09-043,MISSING
4526,197,BOILERPLATE,DV09-043,MISSING
4527,197,REVIEWED_TEXT,DV09-043,MISSING
4528,197,REVIEWED_TEXT,DV09-043,MISSING
4529,197,REVIEWED_TEXT,DV09-043,MISSING
4530,197,REVIEWED_TEXT,DV09-043,MISSING
4531,197,REVIEWED_TEXT,DV09-043,MISSING
4532,197,REVIEWED_TEXT,DV09-043,MISSING
4533,197,REVIEWED_TEXT,DV09-043,MISSING
4534,197,REVIEWED_TEXT,DV09-043,MISSING
4535,197,REVIEWED_TEXT,DV09-043,MISSING
4536,197,REVIEWED_TEXT,DV09-043,MISSING
4537,197,REVIEWED_TEXT,DV09-043,MISSING
4538,197,REVIEWED_TEXT,DV09-043,MISSING
4539,197,REVIEWED_TEXT,DV09-043,MISSING
4540,197,REVIEWED_TEXT,DV09-043,MISSING
4541,197,REVIEWED_TEXT,DV09-043,MISSING
4542,197,REVIEWED_TEXT,DV09-043,MISSING
4543,197,REVIEWED_TEXT,DV09-043,MISSING
4544,197,REVIEWED_TEXT,DV09-043,MISSING
4545,197,REVIEWED_TEXT,DV09-043,MISSING
4546,197,REVIEWED_TEXT,DV09-043,MISSING
4547,197,REVIEWED_TEXT,DV09-043,MISSING
4548,197,REVIEWED_TEXT,DV09-043,MISSING
4549,197,REVIEWED_TEXT,DV09-043,MISSING
4550,197,REVIEWED_TEXT,DV09-043,MISSING
4551,197,REVIEWED_TEXT,DV09-043,MISSING
4552,197,REVIEWED_TEXT,DV09-043,MISSING
4553,197,REVIEWED_TEXT,DV09-043,MISSING
4554,197,REVIEWED_TEXT,DV09-043,MISSING
4555,197,REVIEWED_TEXT,DV09-043,MISSING
4556,197,REVIEWED_TEXT,DV09-043,MISSING
4557,197,REVIEWED_TEXT,DV09-043,MISSING
4558,197,REVIEWED_TEXT,DV09-043,MISSING
4559,197,REVIEWED_TEXT,DV09-043,MISSING
4560,197,REVIEWED_TEXT,DV09-043,MISSING
4561,197,REVIEWED_TEXT,DV09-043,MISSING
4562,197,REVIEWED_TEXT,DV09-043,MISSING
4563,197,REVIEWED_TEXT,DV09-043,MISSING
4564,197,REVIEWED_TEXT,DV09-043,MISSING
4565,197,REVIEWED_TEXT,DV09-043,MISSING
4566,197,REVIEWED_TEXT,DV09-043,MISSING
4567,197,REVIEWED_TEXT,DV09-043,MISSING
4568,197,REVIEWED_TEXT,DV09-043,MISSING
4569,197,BLANK,DV09-043,MISSING
4570,198,PAGE_MARKER,DV09-043,MISSING
4571,198,BOILERPLATE,DV09-043,MISSING
4572,198,BOILERPLATE,DV09-043,MISSING
4573,198,BLANK,DV09-043,MISSING
4574,198,BOILERPLATE,DV09-043,MISSING
4575,198,BOILERPLATE,DV09-043,MISSING
4576,198,REVIEWED_TEXT,DV09-043,MISSING
4577,198,REVIEWED_TEXT,DV09-043,MISSING
4578,198,REVIEWED_TEXT,DV09-043,MISSING
4579,198,REVIEWED_TEXT,DV09-043,MISSING
4580,198,REVIEWED_TEXT,DV09-043,MISSING
4581,198,BLANK,DV09-043,MISSING
4582,198,REVIEWED_TEXT,DV09-043,MISSING
4583,198,REVIEWED_TEXT,DV09-043,MISSING
4584,198,BLANK,DV09-043,MISSING
4585,198,REVIEWED_TEXT,DV09-043,MISSING
4586,198,REVIEWED_TEXT,DV09-043,MISSING
4587,198,BLANK,DV09-043,MISSING
4588,198,REVIEWED_TEXT,DV09-043,MISSING
4589,198,REVIEWED_TEXT,DV09-043,MISSING
4590,198,BLANK,DV09-043,MISSING
4591,198,REVIEWED_TEXT,DV09-043,MISSING
4592,198,REVIEWED_TEXT,DV09-043,MISSING
4593,198,REVIEWED_TEXT,DV09-043,MISSING
4594,198,REVIEWED_TEXT,DV09-043,MISSING
4595,198,BLANK,DV09-043,MISSING
4596,198,REVIEWED_TEXT,DV09-043,MISSING
4597,198,REVIEWED_TEXT,DV09-043,MISSING
4598,198,BLANK,DV09-043,MISSING
4599,198,REVIEWED_TEXT,DV09-043,MISSING
4600,198,REVIEWED_TEXT,DV09-043,MISSING
4601,198,BLANK,DV09-043,MISSING
4602,198,REVIEWED_TEXT,DV09-043,MISSING
4603,198,REVIEWED_TEXT,DV09-043,MISSING
4604,198,BLANK,DV09-043,MISSING
4605,198,REVIEWED_TEXT,DV09-043,MISSING
4606,198,REVIEWED_TEXT,DV09-043,MISSING
4607,198,BLANK,DV09-043,MISSING
4608,199,PAGE_MARKER,DV09-043,MISSING
4609,199,BOILERPLATE,DV09-043,MISSING
4610,199,BOILERPLATE,DV09-043,MISSING
4611,199,BLANK,DV09-043,MISSING
4612,199,BOILERPLATE,DV09-043,MISSING
4613,199,BOILERPLATE,DV09-043,MISSING
4614,199,REVIEWED_TEXT,DV09-043,MISSING
4615,199,REVIEWED_TEXT,DV09-043,MISSING
4616,199,BOILERPLATE,DV09-043,MISSING
4617,199,REVIEWED_TEXT,DV09-043,MISSING
4618,199,BOILERPLATE,DV09-043,MISSING
4619,199,REVIEWED_TEXT,DV09-043,MISSING
4620,199,REVIEWED_TEXT,DV09-043,MISSING
4621,199,BOILERPLATE,DV09-043,MISSING
4622,199,REVIEWED_TEXT,DV09-043,MISSING
4623,199,REVIEWED_TEXT,DV09-043,MISSING
4624,199,BOILERPLATE,DV09-043,MISSING
4625,199,REVIEWED_TEXT,DV09-043,MISSING
4626,199,BOILERPLATE,DV09-043,MISSING
4627,199,REVIEWED_TEXT,DV09-043,MISSING
4628,199,BLANK,DV09-043,MISSING
4629,199,BLANK,DV09-043,MISSING
4630,199,REVIEWED_TEXT,DV09-043,MISSING
4631,199,REVIEWED_TEXT,DV09-043,MISSING
4632,199,BLANK,DV09-043,MISSING
4633,199,BLANK,DV09-043,MISSING
4634,200,PAGE_MARKER,DV09-043,MISSING
4635,200,BOILERPLATE,DV09-043,MISSING
4636,200,BOILERPLATE,DV09-043,MISSING
4637,200,BLANK,DV09-043,MISSING
4638,200,BOILERPLATE,DV09-043,MISSING
4639,200,BOILERPLATE,DV09-043,MISSING
4640,200,BLANK,DV09-043,MISSING
4641,201,PAGE_MARKER,DV09-044,MISSING
4642,201,BOILERPLATE,DV09-044,MISSING
4643,201,BOILERPLATE,DV09-044,MISSING
4644,201,BLANK,DV09-044,MISSING
4645,201,BOILERPLATE,DV09-044,MISSING
4646,201,BOILERPLATE,DV09-044,MISSING
4647,201,REVIEWED_TEXT,DV09-044,MISSING
4648,201,REVIEWED_TEXT,DV09-044,MISSING
4649,201,REVIEWED_TEXT,DV09-044,MISSING
4650,201,REVIEWED_TEXT,DV09-044,MISSING
4651,201,REVIEWED_TEXT,DV09-044,MISSING
4652,201,BOILERPLATE,DV09-044,MISSING
4653,201,REVIEWED_TEXT,DV09-044,MISSING
4654,201,BOILERPLATE,DV09-044,MISSING
4655,201,REVIEWED_TEXT,DV09-044,MISSING
4656,201,REVIEWED_TEXT,DV09-044,MISSING
4657,201,BOILERPLATE,DV09-044,MISSING
4658,201,REVIEWED_TEXT,DV09-044,MISSING
4659,201,BOILERPLATE,DV09-044,MISSING
4660,201,REVIEWED_TEXT,DV09-044,MISSING
4661,201,REVIEWED_TEXT,DV09-044,MISSING
4662,201,BOILERPLATE,DV09-044,MISSING
4663,201,REVIEWED_TEXT,DV09-044,MISSING
4664,201,REVIEWED_TEXT,DV09-044,MISSING
4665,201,BLANK,DV09-044,MISSING
4666,202,PAGE_MARKER,DV09-044,MISSING
4667,202,BOILERPLATE,DV09-044,MISSING
4668,202,BOILERPLATE,DV09-044,MISSING
4669,202,BLANK,DV09-044,MISSING
4670,202,BOILERPLATE,DV09-044,MISSING
4671,202,BOILERPLATE,DV09-044,MISSING
4672,202,REVIEWED_TEXT,DV09-044,MISSING
4673,202,REVIEWED_TEXT,DV09-044,MISSING
4674,202,BLANK,DV09-044,MISSING
4675,202,BLANK,DV09-044,MISSING
4676,202,BLANK,DV09-044,MISSING
4677,202,BLANK,DV09-044,MISSING
4678,202,BLANK,DV09-044,MISSING
4679,202,BLANK,DV09-044,MISSING
4680,202,REVIEWED_TEXT,DV09-044,MISSING
4681,202,REVIEWED_TEXT,DV09-044,MISSING
4682,202,REVIEWED_TEXT,DV09-044,MISSING
4683,202,REVIEWED_TEXT,DV09-044,MISSING
4684,202,REVIEWED_TEXT,DV09-044,MISSING
4685,202,REVIEWED_TEXT,DV09-044,MISSING
4686,202,REVIEWED_TEXT,DV09-044,MISSING
4687,202,REVIEWED_TEXT,DV09-044,MISSING
4688,202,REVIEWED_TEXT,DV09-044,MISSING
4689,202,REVIEWED_TEXT,DV09-044,MISSING
4690,202,REVIEWED_TEXT,DV09-044,MISSING
4691,202,REVIEWED_TEXT,DV09-044,MISSING
4692,202,REVIEWED_TEXT,DV09-044,MISSING
4693,202,REVIEWED_TEXT,DV09-044,MISSING
4694,202,REVIEWED_TEXT,DV09-044,MISSING
4695,202,REVIEWED_TEXT,DV09-044,MISSING
4696,202,REVIEWED_TEXT,DV09-044,MISSING
4697,202,REVIEWED_TEXT,DV09-044,MISSING
4698,202,REVIEWED_TEXT,DV09-044,MISSING
4699,202,REVIEWED_TEXT,DV09-044,MISSING
4700,202,REVIEWED_TEXT,DV09-044,MISSING
4701,202,REVIEWED_TEXT,DV09-044,MISSING
4702,202,REVIEWED_TEXT,DV09-044,MISSING
4703,202,REVIEWED_TEXT,DV09-044,MISSING
4704,202,BLANK,DV09-044,MISSING
4705,202,BLANK,DV09-044,MISSING
4706,202,BLANK,DV09-044,MISSING
4707,202,BLANK,DV09-044,MISSING
4708,203,PAGE_MARKER,DV09-044,MISSING
4709,203,BOILERPLATE,DV09-044,MISSING
4710,203,BOILERPLATE,DV09-044,MISSING
4711,203,BLANK,DV09-044,MISSING
4712,203,BOILERPLATE,DV09-044,MISSING
4713,203,BOILERPLATE,DV09-044,MISSING
4714,203,REVIEWED_TEXT,DV09-044,MISSING
4715,203,REVIEWED_TEXT,DV09-044,MISSING
4716,203,BOILERPLATE,DV09-044,MISSING
4717,203,REVIEWED_TEXT,DV09-044,MISSING
4718,203,BOILERPLATE,DV09-044,MISSING
4719,203,REVIEWED_TEXT,DV09-044,MISSING
4720,203,BOILERPLATE,DV09-044,MISSING
4721,203,REVIEWED_TEXT,DV09-044,MISSING
4722,203,REVIEWED_TEXT,DV09-044,MISSING
4723,203,BOILERPLATE,DV09-044,MISSING
4724,203,REVIEWED_TEXT,DV09-044,MISSING
4725,203,REVIEWED_TEXT,DV09-044,MISSING
4726,203,REVIEWED_TEXT,DV09-044,MISSING
4727,203,BOILERPLATE,DV09-044,MISSING
4728,203,REVIEWED_TEXT,DV09-044,MISSING
4729,203,REVIEWED_TEXT,DV09-044,MISSING
4730,203,BLANK,DV09-044,MISSING
4731,204,PAGE_MARKER,DV09-044,MISSING
4732,204,BOILERPLATE,DV09-044,MISSING
4733,204,BOILERPLATE,DV09-044,MISSING
4734,204,BLANK,DV09-044,MISSING
4735,204,BOILERPLATE,DV09-044,MISSING
4736,204,BOILERPLATE,DV09-044,MISSING
4737,204,BLANK,DV09-044,MISSING
4738,205,PAGE_MARKER,DV09-045,VERIFIED_SUBSET
4739,205,BOILERPLATE,DV09-045,VERIFIED_SUBSET
4740,205,BOILERPLATE,DV09-045,VERIFIED_SUBSET
4741,205,BLANK,DV09-045,VERIFIED_SUBSET
4742,205,BOILERPLATE,DV09-045,VERIFIED_SUBSET
4743,205,BOILERPLATE,DV09-045,VERIFIED_SUBSET
4744,205,REVIEWED_TEXT,DV09-045,VERIFIED_SUBSET
4745,205,REVIEWED_TEXT,DV09-045,VERIFIED_SUBSET
4746,205,BLANK,DV09-045,VERIFIED_SUBSET
4747,206,PAGE_MARKER,DV09-045,VERIFIED_SUBSET
4748,206,BOILERPLATE,DV09-045,VERIFIED_SUBSET
4749,206,BOILERPLATE,DV09-045,VERIFIED_SUBSET
4750,206,BLANK,DV09-045,VERIFIED_SUBSET
4751,206,BOILERPLATE,DV09-045,VERIFIED_SUBSET
4752,206,BOILERPLATE,DV09-045,VERIFIED_SUBSET
4753,206,REVIEWED_TEXT,DV09-045,VERIFIED_SUBSET
4754,206,REVIEWED_TEXT,DV09-045,VERIFIED_SUBSET
4755,206,REVIEWED_TEXT,DV09-045,VERIFIED_SUBSET
4756,206,REVIEWED_TEXT,DV09-045,VERIFIED_SUBSET
4757,206,REVIEWED_TEXT,DV09-045,VERIFIED_SUBSET
4758,206,REVIEWED_TEXT,DV09-045,VERIFIED_SUBSET
4759,206,BLANK,DV09-045,VERIFIED_SUBSET
4760,207,PAGE_MARKER,DV09-045,VERIFIED_SUBSET
4761,207,BOILERPLATE,DV09-045,VERIFIED_SUBSET
4762,207,BOILERPLATE,DV09-045,VERIFIED_SUBSET
4763,207,BLANK,DV09-045,VERIFIED_SUBSET
4764,207,BOILERPLATE,DV09-045,VERIFIED_SUBSET
4765,207,BOILERPLATE,DV09-045,VERIFIED_SUBSET
4766,207,REVIEWED_TEXT,DV09-045,VERIFIED_SUBSET
4767,207,BLANK,DV09-045,VERIFIED_SUBSET
4768,208,PAGE_MARKER,DV09-045,VERIFIED_SUBSET
4769,208,BOILERPLATE,DV09-045,VERIFIED_SUBSET
4770,208,BOILERPLATE,DV09-045,VERIFIED_SUBSET
4771,208,BLANK,DV09-045,VERIFIED_SUBSET
4772,208,BOILERPLATE,DV09-045,VERIFIED_SUBSET
4773,208,BOILERPLATE,DV09-045,VERIFIED_SUBSET
4774,208,REVIEWED_TEXT,DV09-045,VERIFIED_SUBSET
4775,208,REVIEWED_TEXT,DV09-045,VERIFIED_SUBSET
4776,208,REVIEWED_TEXT,DV09-045,VERIFIED_SUBSET
4777,208,REVIEWED_TEXT,DV09-045,VERIFIED_SUBSET
4778,208,BOILERPLATE,DV09-045,VERIFIED_SUBSET
4779,208,REVIEWED_TEXT,DV09-045,VERIFIED_SUBSET
4780,208,REVIEWED_TEXT,DV09-045,VERIFIED_SUBSET
4781,208,REVIEWED_TEXT,DV09-045,VERIFIED_SUBSET
4782,208,REVIEWED_TEXT,DV09-045,VERIFIED_SUBSET
4783,208,BOILERPLATE,DV09-045,VERIFIED_SUBSET
4784,208,REVIEWED_TEXT,DV09-045,VERIFIED_SUBSET
4785,208,REVIEWED_TEXT,DV09-045,VERIFIED_SUBSET
4786,208,BOILERPLATE,DV09-045,VERIFIED_SUBSET
4787,208,REVIEWED_TEXT,DV09-045,VERIFIED_SUBSET
4788,208,BLANK,DV09-045,VERIFIED_SUBSET
4789,209,PAGE_MARKER,DV09-046,MISSING
4790,209,BOILERPLATE,DV09-046,MISSING
4791,209,BOILERPLATE,DV09-046,MISSING
4792,209,BLANK,DV09-046,MISSING
4793,209,BOILERPLATE,DV09-046,MISSING
4794,209,BOILERPLATE,DV09-046,MISSING
4795,209,REVIEWED_TEXT,DV09-046,MISSING
4796,209,REVIEWED_TEXT,DV09-046,MISSING
4797,209,BLANK,DV09-046,MISSING
4798,209,REVIEWED_TEXT,DV09-046,MISSING
4799,209,REVIEWED_TEXT,DV09-046,MISSING
4800,209,REVIEWED_TEXT,DV09-046,MISSING
4801,209,REVIEWED_TEXT,DV09-046,MISSING
4802,209,BLANK,DV09-046,MISSING
4803,210,PAGE_MARKER,DV09-046,MISSING
4804,210,BOILERPLATE,DV09-046,MISSING
4805,210,BOILERPLATE,DV09-046,MISSING
4806,210,BLANK,DV09-046,MISSING
4807,210,BOILERPLATE,DV09-046,MISSING
4808,210,BOILERPLATE,DV09-046,MISSING
4809,210,REVIEWED_TEXT,DV09-046,MISSING
4810,210,REVIEWED_TEXT,DV09-046,MISSING
4811,210,BLANK,DV09-046,MISSING
4812,210,REVIEWED_TEXT,DV09-046,MISSING
4813,210,REVIEWED_TEXT,DV09-046,MISSING
4814,210,REVIEWED_TEXT,DV09-046,MISSING
4815,210,REVIEWED_TEXT,DV09-046,MISSING
4816,210,REVIEWED_TEXT,DV09-046,MISSING
4817,210,REVIEWED_TEXT,DV09-046,MISSING
4818,210,REVIEWED_TEXT,DV09-046,MISSING
4819,210,REVIEWED_TEXT,DV09-046,MISSING
4820,210,REVIEWED_TEXT,DV09-046,MISSING
4821,210,REVIEWED_TEXT,DV09-046,MISSING
4822,210,REVIEWED_TEXT,DV09-046,MISSING
4823,210,REVIEWED_TEXT,DV09-046,MISSING
4824,210,BLANK,DV09-046,MISSING
4825,211,PAGE_MARKER,DV09-046,MISSING
4826,211,BOILERPLATE,DV09-046,MISSING
4827,211,BOILERPLATE,DV09-046,MISSING
4828,211,BLANK,DV09-046,MISSING
4829,211,BOILERPLATE,DV09-046,MISSING
4830,211,BOILERPLATE,DV09-046,MISSING
4831,211,REVIEWED_TEXT,DV09-046,MISSING
4832,211,REVIEWED_TEXT,DV09-046,MISSING
4833,211,REVIEWED_TEXT,DV09-046,MISSING
4834,211,REVIEWED_TEXT,DV09-046,MISSING
4835,211,REVIEWED_TEXT,DV09-046,MISSING
4836,211,BLANK,DV09-046,MISSING
4837,212,PAGE_MARKER,DV09-046,MISSING
4838,212,BOILERPLATE,DV09-046,MISSING
4839,212,BOILERPLATE,DV09-046,MISSING
4840,212,BLANK,DV09-046,MISSING
4841,212,BOILERPLATE,DV09-046,MISSING
4842,212,BOILERPLATE,DV09-046,MISSING
4843,212,BLANK,DV09-046,MISSING
4844,213,PAGE_MARKER,DV09-047,PARTIAL
4845,213,BOILERPLATE,DV09-047,PARTIAL
4846,213,BOILERPLATE,DV09-047,PARTIAL
4847,213,BLANK,DV09-047,PARTIAL
4848,213,BOILERPLATE,DV09-047,PARTIAL
4849,213,BOILERPLATE,DV09-047,PARTIAL
4850,213,REVIEWED_TEXT,DV09-047,PARTIAL
4851,213,BLANK,DV09-047,PARTIAL
4852,213,REVIEWED_TEXT,DV09-047,PARTIAL
4853,213,REVIEWED_TEXT,DV09-047,PARTIAL
4854,213,REVIEWED_TEXT,DV09-047,PARTIAL
4855,213,REVIEWED_TEXT,DV09-047,PARTIAL
4856,213,REVIEWED_TEXT,DV09-047,PARTIAL
4857,213,REVIEWED_TEXT,DV09-047,PARTIAL
4858,213,REVIEWED_TEXT,DV09-047,PARTIAL
4859,213,REVIEWED_TEXT,DV09-047,PARTIAL
4860,213,REVIEWED_TEXT,DV09-047,PARTIAL
4861,213,REVIEWED_TEXT,DV09-047,PARTIAL
4862,213,REVIEWED_TEXT,DV09-047,PARTIAL
4863,213,REVIEWED_TEXT,DV09-047,PARTIAL
4864,213,BLANK,DV09-047,PARTIAL
4865,214,PAGE_MARKER,DV09-047,PARTIAL
4866,214,BOILERPLATE,DV09-047,PARTIAL
4867,214,BOILERPLATE,DV09-047,PARTIAL
4868,214,BLANK,DV09-047,PARTIAL
4869,214,BOILERPLATE,DV09-047,PARTIAL
4870,214,BOILERPLATE,DV09-047,PARTIAL
4871,214,REVIEWED_TEXT,DV09-047,PARTIAL
4872,214,REVIEWED_TEXT,DV09-047,PARTIAL
4873,214,BOILERPLATE,DV09-047,PARTIAL
4874,214,REVIEWED_TEXT,DV09-047,PARTIAL
4875,214,BOILERPLATE,DV09-047,PARTIAL
4876,214,REVIEWED_TEXT,DV09-047,PARTIAL
4877,214,BOILERPLATE,DV09-047,PARTIAL
4878,214,REVIEWED_TEXT,DV09-047,PARTIAL
4879,214,BOILERPLATE,DV09-047,PARTIAL
4880,214,REVIEWED_TEXT,DV09-047,PARTIAL
4881,214,BOILERPLATE,DV09-047,PARTIAL
4882,214,REVIEWED_TEXT,DV09-047,PARTIAL
4883,214,BOILERPLATE,DV09-047,PARTIAL
4884,214,REVIEWED_TEXT,DV09-047,PARTIAL
4885,214,BOILERPLATE,DV09-047,PARTIAL
4886,214,REVIEWED_TEXT,DV09-047,PARTIAL
4887,214,BOILERPLATE,DV09-047,PARTIAL
4888,214,REVIEWED_TEXT,DV09-047,PARTIAL
4889,214,BOILERPLATE,DV09-047,PARTIAL
4890,214,REVIEWED_TEXT,DV09-047,PARTIAL
4891,214,BLANK,DV09-047,PARTIAL
4892,215,PAGE_MARKER,DV09-047,PARTIAL
4893,215,BOILERPLATE,DV09-047,PARTIAL
4894,215,BOILERPLATE,DV09-047,PARTIAL
4895,215,BLANK,DV09-047,PARTIAL
4896,215,BOILERPLATE,DV09-047,PARTIAL
4897,215,BOILERPLATE,DV09-047,PARTIAL
4898,215,BLANK,DV09-047,PARTIAL
4899,216,PAGE_MARKER,DV09-048,PARTIAL
4900,216,BLANK,DV09-048,PARTIAL
4901,216,BLANK,DV09-048,PARTIAL
4902,216,BLANK,DV09-048,PARTIAL
4903,216,BLANK,DV09-048,PARTIAL
4904,216,BLANK,DV09-048,PARTIAL
4905,216,BOILERPLATE,DV09-048,PARTIAL
4906,216,BOILERPLATE,DV09-048,PARTIAL
4907,216,REVIEWED_TEXT,DV09-048,PARTIAL
4908,216,BLANK,DV09-048,PARTIAL
4909,217,PAGE_MARKER,DV09-048,PARTIAL
4910,217,BOILERPLATE,DV09-048,PARTIAL
4911,217,BOILERPLATE,DV09-048,PARTIAL
4912,217,BLANK,DV09-048,PARTIAL
4913,217,BOILERPLATE,DV09-048,PARTIAL
4914,217,BOILERPLATE,DV09-048,PARTIAL
4915,217,BLANK,DV09-048,PARTIAL
4916,218,PAGE_MARKER,DV09-048,PARTIAL
4917,218,BOILERPLATE,DV09-048,PARTIAL
4918,218,BOILERPLATE,DV09-048,PARTIAL
4919,218,BLANK,DV09-048,PARTIAL
4920,218,BOILERPLATE,DV09-048,PARTIAL
4921,218,BOILERPLATE,DV09-048,PARTIAL
4922,218,REVIEWED_TEXT,DV09-048,PARTIAL
4923,218,REVIEWED_TEXT,DV09-048,PARTIAL
4924,218,BOILERPLATE,DV09-048,PARTIAL
4925,218,REVIEWED_TEXT,DV09-048,PARTIAL
4926,218,BOILERPLATE,DV09-048,PARTIAL
4927,218,REVIEWED_TEXT,DV09-048,PARTIAL
4928,218,BOILERPLATE,DV09-048,PARTIAL
4929,218,REVIEWED_TEXT,DV09-048,PARTIAL
4930,218,BOILERPLATE,DV09-048,PARTIAL
4931,218,REVIEWED_TEXT,DV09-048,PARTIAL
4932,218,BOILERPLATE,DV09-048,PARTIAL
4933,218,REVIEWED_TEXT,DV09-048,PARTIAL
4934,218,BLANK,DV09-048,PARTIAL
4935,219,PAGE_MARKER,DV09-048,PARTIAL
4936,219,BOILERPLATE,DV09-048,PARTIAL
4937,219,BOILERPLATE,DV09-048,PARTIAL
4938,219,BLANK,DV09-048,PARTIAL
4939,219,BOILERPLATE,DV09-048,PARTIAL
4940,219,BOILERPLATE,DV09-048,PARTIAL
4941,219,REVIEWED_TEXT,DV09-048,PARTIAL
4942,219,BLANK,DV09-048,PARTIAL
4943,219,BLANK,DV09-048,PARTIAL
4944,219,BLANK,DV09-048,PARTIAL
4945,219,BLANK,DV09-048,PARTIAL
4946,219,BLANK,DV09-048,PARTIAL
4947,219,BLANK,DV09-048,PARTIAL
4948,219,BLANK,DV09-048,PARTIAL
4949,219,BLANK,DV09-048,PARTIAL
4950,219,BLANK,DV09-048,PARTIAL
4951,219,BLANK,DV09-048,PARTIAL
4952,219,BLANK,DV09-048,PARTIAL
4953,219,BLANK,DV09-048,PARTIAL
4954,219,BLANK,DV09-048,PARTIAL
4955,219,BLANK,DV09-048,PARTIAL
4956,219,BLANK,DV09-048,PARTIAL
4957,219,BLANK,DV09-048,PARTIAL
4958,219,BLANK,DV09-048,PARTIAL
4959,219,BLANK,DV09-048,PARTIAL
4960,219,BLANK,DV09-048,PARTIAL
4961,219,BLANK,DV09-048,PARTIAL
4962,219,REVIEWED_TEXT,DV09-048,PARTIAL
4963,219,BLANK,DV09-048,PARTIAL
4964,219,BLANK,DV09-048,PARTIAL
4965,219,REVIEWED_TEXT,DV09-048,PARTIAL
4966,219,REVIEWED_TEXT,DV09-048,PARTIAL
4967,219,BLANK,DV09-048,PARTIAL
4968,219,BLANK,DV09-048,PARTIAL
4969,219,BLANK,DV09-048,PARTIAL
4970,219,BLANK,DV09-048,PARTIAL
4971,219,BLANK,DV09-048,PARTIAL
4972,219,BLANK,DV09-048,PARTIAL
4973,219,REVIEWED_TEXT,DV09-048,PARTIAL
4974,219,REVIEWED_TEXT,DV09-048,PARTIAL
4975,219,REVIEWED_TEXT,DV09-048,PARTIAL
4976,219,REVIEWED_TEXT,DV09-048,PARTIAL
4977,219,BLANK,DV09-048,PARTIAL
4978,220,PAGE_MARKER,DV09-048,PARTIAL
4979,220,BOILERPLATE,DV09-048,PARTIAL
4980,220,BOILERPLATE,DV09-048,PARTIAL
4981,220,BLANK,DV09-048,PARTIAL
4982,220,BOILERPLATE,DV09-048,PARTIAL
4983,220,BOILERPLATE,DV09-048,PARTIAL
4984,220,REVIEWED_TEXT,DV09-048,PARTIAL
4985,220,REVIEWED_TEXT,DV09-048,PARTIAL
4986,220,REVIEWED_TEXT,DV09-048,PARTIAL
4987,220,BLANK,DV09-048,PARTIAL
4988,221,PAGE_MARKER,DV09-048,PARTIAL
4989,221,BOILERPLATE,DV09-048,PARTIAL
4990,221,BOILERPLATE,DV09-048,PARTIAL
4991,221,BLANK,DV09-048,PARTIAL
4992,221,BOILERPLATE,DV09-048,PARTIAL
4993,221,BOILERPLATE,DV09-048,PARTIAL
4994,221,REVIEWED_TEXT,DV09-048,PARTIAL
4995,221,REVIEWED_TEXT,DV09-048,PARTIAL
4996,221,REVIEWED_TEXT,DV09-048,PARTIAL
4997,221,REVIEWED_TEXT,DV09-048,PARTIAL
4998,221,REVIEWED_TEXT,DV09-048,PARTIAL
4999,221,BLANK,DV09-048,PARTIAL
5000,222,PAGE_MARKER,DV09-049,PARTIAL
5001,222,BOILERPLATE,DV09-049,PARTIAL
5002,222,BOILERPLATE,DV09-049,PARTIAL
5003,222,BLANK,DV09-049,PARTIAL
5004,222,BOILERPLATE,DV09-049,PARTIAL
5005,222,BOILERPLATE,DV09-049,PARTIAL
5006,222,REVIEWED_TEXT,DV09-049,PARTIAL
5007,222,REVIEWED_TEXT,DV09-049,PARTIAL
5008,222,REVIEWED_TEXT,DV09-049,PARTIAL
5009,222,BLANK,DV09-049,PARTIAL
5010,222,REVIEWED_TEXT,DV09-049,PARTIAL
5011,222,BLANK,DV09-049,PARTIAL
5012,222,REVIEWED_TEXT,DV09-049,PARTIAL
5013,222,BLANK,DV09-049,PARTIAL
5014,222,REVIEWED_TEXT,DV09-049,PARTIAL
5015,222,BLANK,DV09-049,PARTIAL
5016,222,REVIEWED_TEXT,DV09-049,PARTIAL
5017,222,REVIEWED_TEXT,DV09-049,PARTIAL
5018,222,BLANK,DV09-049,PARTIAL
5019,222,REVIEWED_TEXT,DV09-049,PARTIAL
5020,222,REVIEWED_TEXT,DV09-049,PARTIAL
5021,222,REVIEWED_TEXT,DV09-049,PARTIAL
5022,222,REVIEWED_TEXT,DV09-049,PARTIAL
5023,222,BLANK,DV09-049,PARTIAL
5024,223,PAGE_MARKER,DV09-049,PARTIAL
5025,223,BOILERPLATE,DV09-049,PARTIAL
5026,223,BOILERPLATE,DV09-049,PARTIAL
5027,223,BLANK,DV09-049,PARTIAL
5028,223,BOILERPLATE,DV09-049,PARTIAL
5029,223,BOILERPLATE,DV09-049,PARTIAL
5030,223,REVIEWED_TEXT,DV09-049,PARTIAL
5031,223,REVIEWED_TEXT,DV09-049,PARTIAL
5032,223,REVIEWED_TEXT,DV09-049,PARTIAL
5033,223,REVIEWED_TEXT,DV09-049,PARTIAL
5034,223,REVIEWED_TEXT,DV09-049,PARTIAL
5035,223,BLANK,DV09-049,PARTIAL
5036,223,BLANK,DV09-049,PARTIAL
5037,223,BLANK,DV09-049,PARTIAL
5038,224,PAGE_MARKER,DV09-049,PARTIAL
5039,224,BOILERPLATE,DV09-049,PARTIAL
5040,224,BOILERPLATE,DV09-049,PARTIAL
5041,224,BLANK,DV09-049,PARTIAL
5042,224,BOILERPLATE,DV09-049,PARTIAL
5043,224,BOILERPLATE,DV09-049,PARTIAL
5044,224,REVIEWED_TEXT,DV09-049,PARTIAL
5045,224,REVIEWED_TEXT,DV09-049,PARTIAL
5046,224,REVIEWED_TEXT,DV09-049,PARTIAL
5047,224,BLANK,DV09-049,PARTIAL
5048,224,BLANK,DV09-049,PARTIAL
5049,224,BLANK,DV09-049,PARTIAL
5050,225,PAGE_MARKER,DV09-049,PARTIAL
5051,225,BOILERPLATE,DV09-049,PARTIAL
5052,225,BOILERPLATE,DV09-049,PARTIAL
5053,225,BLANK,DV09-049,PARTIAL
5054,225,BOILERPLATE,DV09-049,PARTIAL
5055,225,BOILERPLATE,DV09-049,PARTIAL
5056,225,REVIEWED_TEXT,DV09-049,PARTIAL
5057,225,REVIEWED_TEXT,DV09-049,PARTIAL
5058,225,REVIEWED_TEXT,DV09-049,PARTIAL
5059,225,BLANK,DV09-049,PARTIAL
5060,226,PAGE_MARKER,DV09-050,PARTIAL
5061,226,BOILERPLATE,DV09-050,PARTIAL
5062,226,BOILERPLATE,DV09-050,PARTIAL
5063,226,BLANK,DV09-050,PARTIAL
5064,226,BOILERPLATE,DV09-050,PARTIAL
5065,226,BOILERPLATE,DV09-050,PARTIAL
5066,226,REVIEWED_TEXT,DV09-050,PARTIAL
5067,226,REVIEWED_TEXT,DV09-050,PARTIAL
5068,226,REVIEWED_TEXT,DV09-050,PARTIAL
5069,226,REVIEWED_TEXT,DV09-050,PARTIAL
5070,226,BLANK,DV09-050,PARTIAL
5071,226,BLANK,DV09-050,PARTIAL
5072,226,BLANK,DV09-050,PARTIAL
5073,226,BLANK,DV09-050,PARTIAL
5074,226,BLANK,DV09-050,PARTIAL
5075,226,BLANK,DV09-050,PARTIAL
5076,227,PAGE_MARKER,DV09-050,PARTIAL
5077,227,BOILERPLATE,DV09-050,PARTIAL
5078,227,BOILERPLATE,DV09-050,PARTIAL
5079,227,BLANK,DV09-050,PARTIAL
5080,227,BOILERPLATE,DV09-050,PARTIAL
5081,227,BOILERPLATE,DV09-050,PARTIAL
5082,227,REVIEWED_TEXT,DV09-050,PARTIAL
5083,227,BLANK,DV09-050,PARTIAL
5084,227,BLANK,DV09-050,PARTIAL
5085,227,BLANK,DV09-050,PARTIAL
5086,227,BLANK,DV09-050,PARTIAL
5087,227,BLANK,DV09-050,PARTIAL
5088,227,BLANK,DV09-050,PARTIAL
5089,227,BLANK,DV09-050,PARTIAL
5090,227,BLANK,DV09-050,PARTIAL
5091,227,BLANK,DV09-050,PARTIAL
5092,227,BLANK,DV09-050,PARTIAL
5093,227,BLANK,DV09-050,PARTIAL
5094,227,BLANK,DV09-050,PARTIAL
5095,227,BLANK,DV09-050,PARTIAL
5096,227,BLANK,DV09-050,PARTIAL
5097,227,BLANK,DV09-050,PARTIAL
5098,227,BLANK,DV09-050,PARTIAL
5099,227,BLANK,DV09-050,PARTIAL
5100,227,BLANK,DV09-050,PARTIAL
5101,227,BLANK,DV09-050,PARTIAL
5102,227,BLANK,DV09-050,PARTIAL
5103,227,REVIEWED_TEXT,DV09-050,PARTIAL
5104,227,BLANK,DV09-050,PARTIAL
5105,227,BLANK,DV09-050,PARTIAL
5106,227,REVIEWED_TEXT,DV09-050,PARTIAL
5107,227,REVIEWED_TEXT,DV09-050,PARTIAL
5108,227,BLANK,DV09-050,PARTIAL
5109,227,BLANK,DV09-050,PARTIAL
5110,227,BLANK,DV09-050,PARTIAL
5111,227,BLANK,DV09-050,PARTIAL
5112,227,BLANK,DV09-050,PARTIAL
5113,227,BLANK,DV09-050,PARTIAL
5114,227,REVIEWED_TEXT,DV09-050,PARTIAL
5115,227,REVIEWED_TEXT,DV09-050,PARTIAL
5116,227,REVIEWED_TEXT,DV09-050,PARTIAL
5117,227,REVIEWED_TEXT,DV09-050,PARTIAL
5118,227,BLANK,DV09-050,PARTIAL
5119,228,PAGE_MARKER,DV09-050,PARTIAL
5120,228,BOILERPLATE,DV09-050,PARTIAL
5121,228,BOILERPLATE,DV09-050,PARTIAL
5122,228,BLANK,DV09-050,PARTIAL
5123,228,BOILERPLATE,DV09-050,PARTIAL
5124,228,BOILERPLATE,DV09-050,PARTIAL
5125,228,REVIEWED_TEXT,DV09-050,PARTIAL
5126,228,REVIEWED_TEXT,DV09-050,PARTIAL
5127,228,REVIEWED_TEXT,DV09-050,PARTIAL
5128,228,REVIEWED_TEXT,DV09-050,PARTIAL
5129,228,REVIEWED_TEXT,DV09-050,PARTIAL
5130,228,REVIEWED_TEXT,DV09-050,PARTIAL
5131,228,REVIEWED_TEXT,DV09-050,PARTIAL
5132,228,REVIEWED_TEXT,DV09-050,PARTIAL
5133,228,REVIEWED_TEXT,DV09-050,PARTIAL
5134,228,REVIEWED_TEXT,DV09-050,PARTIAL
5135,228,BLANK,DV09-050,PARTIAL
5136,229,PAGE_MARKER,DV09-050,PARTIAL
5137,229,BOILERPLATE,DV09-050,PARTIAL
5138,229,BOILERPLATE,DV09-050,PARTIAL
5139,229,BLANK,DV09-050,PARTIAL
5140,229,BOILERPLATE,DV09-050,PARTIAL
5141,229,BOILERPLATE,DV09-050,PARTIAL
5142,229,REVIEWED_TEXT,DV09-050,PARTIAL
5143,229,REVIEWED_TEXT,DV09-050,PARTIAL
5144,229,REVIEWED_TEXT,DV09-050,PARTIAL
5145,229,REVIEWED_TEXT,DV09-050,PARTIAL
5146,229,BLANK,DV09-050,PARTIAL
5147,229,REVIEWED_TEXT,DV09-050,PARTIAL
5148,229,REVIEWED_TEXT,DV09-050,PARTIAL
5149,229,REVIEWED_TEXT,DV09-050,PARTIAL
5150,229,REVIEWED_TEXT,DV09-050,PARTIAL
5151,229,REVIEWED_TEXT,DV09-050,PARTIAL
5152,229,BLANK,DV09-050,PARTIAL
5153,229,REVIEWED_TEXT,DV09-050,PARTIAL
5154,229,REVIEWED_TEXT,DV09-050,PARTIAL
5155,229,REVIEWED_TEXT,DV09-050,PARTIAL
5156,229,REVIEWED_TEXT,DV09-050,PARTIAL
5157,229,BLANK,DV09-050,PARTIAL
5158,229,BLANK,DV09-050,PARTIAL
5159,229,REVIEWED_TEXT,DV09-050,PARTIAL
5160,229,REVIEWED_TEXT,DV09-050,PARTIAL
5161,229,REVIEWED_TEXT,DV09-050,PARTIAL
5162,229,BLANK,DV09-050,PARTIAL
5163,229,REVIEWED_TEXT,DV09-050,PARTIAL
5164,229,REVIEWED_TEXT,DV09-050,PARTIAL
5165,229,BLANK,DV09-050,PARTIAL
5166,229,BLANK,DV09-050,PARTIAL
5167,229,REVIEWED_TEXT,DV09-050,PARTIAL
5168,229,BLANK,DV09-050,PARTIAL
5169,229,BLANK,DV09-050,PARTIAL
5170,229,REVIEWED_TEXT,DV09-050,PARTIAL
5171,229,BLANK,DV09-050,PARTIAL
5172,229,BLANK,DV09-050,PARTIAL
5173,229,REVIEWED_TEXT,DV09-050,PARTIAL
5174,229,BLANK,DV09-050,PARTIAL
5175,229,BLANK,DV09-050,PARTIAL
5176,229,REVIEWED_TEXT,DV09-050,PARTIAL
5177,229,BLANK,DV09-050,PARTIAL
5178,229,BLANK,DV09-050,PARTIAL
5179,229,REVIEWED_TEXT,DV09-050,PARTIAL
5180,229,BLANK,DV09-050,PARTIAL
5181,229,BLANK,DV09-050,PARTIAL
5182,229,REVIEWED_TEXT,DV09-050,PARTIAL
5183,229,BLANK,DV09-050,PARTIAL
5184,230,PAGE_MARKER,DV09-050,PARTIAL
5185,230,BOILERPLATE,DV09-050,PARTIAL
5186,230,BOILERPLATE,DV09-050,PARTIAL
5187,230,BLANK,DV09-050,PARTIAL
5188,230,BOILERPLATE,DV09-050,PARTIAL
5189,230,BOILERPLATE,DV09-050,PARTIAL
5190,230,REVIEWED_TEXT,DV09-050,PARTIAL
5191,230,REVIEWED_TEXT,DV09-050,PARTIAL
5192,230,REVIEWED_TEXT,DV09-050,PARTIAL
5193,230,REVIEWED_TEXT,DV09-050,PARTIAL
5194,230,REVIEWED_TEXT,DV09-050,PARTIAL
5195,230,REVIEWED_TEXT,DV09-050,PARTIAL
5196,230,REVIEWED_TEXT,DV09-050,PARTIAL
5197,230,BLANK,DV09-050,PARTIAL
5198,230,REVIEWED_TEXT,DV09-050,PARTIAL
5199,230,REVIEWED_TEXT,DV09-050,PARTIAL
5200,230,REVIEWED_TEXT,DV09-050,PARTIAL
5201,230,REVIEWED_TEXT,DV09-050,PARTIAL
5202,230,BLANK,DV09-050,PARTIAL
5203,230,REVIEWED_TEXT,DV09-050,PARTIAL
5204,230,REVIEWED_TEXT,DV09-050,PARTIAL
5205,230,REVIEWED_TEXT,DV09-050,PARTIAL
5206,230,BLANK,DV09-050,PARTIAL
5207,230,REVIEWED_TEXT,DV09-050,PARTIAL
5208,230,REVIEWED_TEXT,DV09-050,PARTIAL
5209,230,REVIEWED_TEXT,DV09-050,PARTIAL
5210,230,BLANK,DV09-050,PARTIAL
5211,230,REVIEWED_TEXT,DV09-050,PARTIAL
5212,230,REVIEWED_TEXT,DV09-050,PARTIAL
5213,230,BLANK,DV09-050,PARTIAL
5214,231,PAGE_MARKER,DV09-051,PARTIAL
5215,231,BOILERPLATE,DV09-051,PARTIAL
5216,231,BOILERPLATE,DV09-051,PARTIAL
5217,231,BLANK,DV09-051,PARTIAL
5218,231,BOILERPLATE,DV09-051,PARTIAL
5219,231,BOILERPLATE,DV09-051,PARTIAL
5220,231,REVIEWED_TEXT,DV09-051,PARTIAL
5221,231,REVIEWED_TEXT,DV09-051,PARTIAL
5222,231,REVIEWED_TEXT,DV09-051,PARTIAL
5223,231,REVIEWED_TEXT,DV09-051,PARTIAL
5224,231,REVIEWED_TEXT,DV09-051,PARTIAL
5225,231,BLANK,DV09-051,PARTIAL
5226,231,REVIEWED_TEXT,DV09-051,PARTIAL
5227,231,REVIEWED_TEXT,DV09-051,PARTIAL
5228,231,REVIEWED_TEXT,DV09-051,PARTIAL
5229,231,BLANK,DV09-051,PARTIAL
5230,231,REVIEWED_TEXT,DV09-051,PARTIAL
5231,231,BLANK,DV09-051,PARTIAL
5232,231,REVIEWED_TEXT,DV09-051,PARTIAL
5233,231,BLANK,DV09-051,PARTIAL
5234,231,REVIEWED_TEXT,DV09-051,PARTIAL
5235,231,REVIEWED_TEXT,DV09-051,PARTIAL
5236,231,REVIEWED_TEXT,DV09-051,PARTIAL
5237,231,BLANK,DV09-051,PARTIAL
5238,232,PAGE_MARKER,DV09-051,PARTIAL
5239,232,BOILERPLATE,DV09-051,PARTIAL
5240,232,BOILERPLATE,DV09-051,PARTIAL
5241,232,BLANK,DV09-051,PARTIAL
5242,232,BOILERPLATE,DV09-051,PARTIAL
5243,232,BOILERPLATE,DV09-051,PARTIAL
5244,232,REVIEWED_TEXT,DV09-051,PARTIAL
5245,232,REVIEWED_TEXT,DV09-051,PARTIAL
5246,232,REVIEWED_TEXT,DV09-051,PARTIAL
5247,232,BLANK,DV09-051,PARTIAL
5248,232,REVIEWED_TEXT,DV09-051,PARTIAL
5249,232,BLANK,DV09-051,PARTIAL
5250,232,REVIEWED_TEXT,DV09-051,PARTIAL
5251,232,BLANK,DV09-051,PARTIAL
5252,232,BLANK,DV09-051,PARTIAL
5253,233,PAGE_MARKER,DV09-051,PARTIAL
5254,233,BOILERPLATE,DV09-051,PARTIAL
5255,233,BOILERPLATE,DV09-051,PARTIAL
5256,233,BLANK,DV09-051,PARTIAL
5257,233,BOILERPLATE,DV09-051,PARTIAL
5258,233,BOILERPLATE,DV09-051,PARTIAL
5259,233,REVIEWED_TEXT,DV09-051,PARTIAL
5260,233,REVIEWED_TEXT,DV09-051,PARTIAL
5261,233,REVIEWED_TEXT,DV09-051,PARTIAL
5262,233,BLANK,DV09-051,PARTIAL
5263,233,REVIEWED_TEXT,DV09-051,PARTIAL
5264,233,BLANK,DV09-051,PARTIAL
5265,233,REVIEWED_TEXT,DV09-051,PARTIAL
5266,233,REVIEWED_TEXT,DV09-051,PARTIAL
5267,233,BLANK,DV09-051,PARTIAL
5268,233,REVIEWED_TEXT,DV09-051,PARTIAL
5269,233,BLANK,DV09-051,PARTIAL
5270,233,REVIEWED_TEXT,DV09-051,PARTIAL
5271,233,REVIEWED_TEXT,DV09-051,PARTIAL
5272,233,BLANK,DV09-051,PARTIAL
5273,233,REVIEWED_TEXT,DV09-051,PARTIAL
5274,233,REVIEWED_TEXT,DV09-051,PARTIAL
5275,233,REVIEWED_TEXT,DV09-051,PARTIAL
5276,233,REVIEWED_TEXT,DV09-051,PARTIAL
5277,233,BLANK,DV09-051,PARTIAL
5278,234,PAGE_MARKER,DV09-052,VERIFIED_SUBSET
5279,234,BOILERPLATE,DV09-052,VERIFIED_SUBSET
5280,234,BOILERPLATE,DV09-052,VERIFIED_SUBSET
5281,234,BLANK,DV09-052,VERIFIED_SUBSET
5282,234,BOILERPLATE,DV09-052,VERIFIED_SUBSET
5283,234,BOILERPLATE,DV09-052,VERIFIED_SUBSET
5284,234,REVIEWED_TEXT,DV09-052,VERIFIED_SUBSET
5285,234,REVIEWED_TEXT,DV09-052,VERIFIED_SUBSET
5286,234,REVIEWED_TEXT,DV09-052,VERIFIED_SUBSET
5287,234,REVIEWED_TEXT,DV09-052,VERIFIED_SUBSET
5288,234,REVIEWED_TEXT,DV09-052,VERIFIED_SUBSET
5289,234,REVIEWED_TEXT,DV09-052,VERIFIED_SUBSET
5290,234,REVIEWED_TEXT,DV09-052,VERIFIED_SUBSET
5291,234,REVIEWED_TEXT,DV09-052,VERIFIED_SUBSET
5292,234,REVIEWED_TEXT,DV09-052,VERIFIED_SUBSET
5293,234,REVIEWED_TEXT,DV09-052,VERIFIED_SUBSET
5294,234,BLANK,DV09-052,VERIFIED_SUBSET
5295,234,REVIEWED_TEXT,DV09-052,VERIFIED_SUBSET
5296,234,REVIEWED_TEXT,DV09-052,VERIFIED_SUBSET
5297,234,REVIEWED_TEXT,DV09-052,VERIFIED_SUBSET
5298,234,REVIEWED_TEXT,DV09-052,VERIFIED_SUBSET
5299,234,REVIEWED_TEXT,DV09-052,VERIFIED_SUBSET
5300,234,BLANK,DV09-052,VERIFIED_SUBSET
5301,235,PAGE_MARKER,DV09-053,PARTIAL
5302,235,BOILERPLATE,DV09-053,PARTIAL
5303,235,BOILERPLATE,DV09-053,PARTIAL
5304,235,BLANK,DV09-053,PARTIAL
5305,235,BOILERPLATE,DV09-053,PARTIAL
5306,235,BOILERPLATE,DV09-053,PARTIAL
5307,235,REVIEWED_TEXT,DV09-053,PARTIAL
5308,235,BLANK,DV09-053,PARTIAL
5309,235,REVIEWED_TEXT,DV09-053,PARTIAL
5310,235,REVIEWED_TEXT,DV09-053,PARTIAL
5311,235,REVIEWED_TEXT,DV09-053,PARTIAL
5312,235,REVIEWED_TEXT,DV09-053,PARTIAL
5313,235,REVIEWED_TEXT,DV09-053,PARTIAL
5314,235,REVIEWED_TEXT,DV09-053,PARTIAL
5315,235,REVIEWED_TEXT,DV09-053,PARTIAL
5316,235,REVIEWED_TEXT,DV09-053,PARTIAL
5317,235,REVIEWED_TEXT,DV09-053,PARTIAL
5318,235,REVIEWED_TEXT,DV09-053,PARTIAL
5319,235,REVIEWED_TEXT,DV09-053,PARTIAL
5320,235,REVIEWED_TEXT,DV09-053,PARTIAL
5321,235,BLANK,DV09-053,PARTIAL
5322,235,BLANK,DV09-053,PARTIAL
5323,235,BLANK,DV09-053,PARTIAL
5324,235,BLANK,DV09-053,PARTIAL
5325,235,REVIEWED_TEXT,DV09-053,PARTIAL
5326,235,REVIEWED_TEXT,DV09-053,PARTIAL
5327,235,REVIEWED_TEXT,DV09-053,PARTIAL
5328,235,REVIEWED_TEXT,DV09-053,PARTIAL
5329,235,BLANK,DV09-053,PARTIAL
5330,236,PAGE_MARKER,DV09-053,PARTIAL
5331,236,BOILERPLATE,DV09-053,PARTIAL
5332,236,BOILERPLATE,DV09-053,PARTIAL
5333,236,BLANK,DV09-053,PARTIAL
5334,236,BOILERPLATE,DV09-053,PARTIAL
5335,236,BOILERPLATE,DV09-053,PARTIAL
5336,236,REVIEWED_TEXT,DV09-053,PARTIAL
5337,236,REVIEWED_TEXT,DV09-053,PARTIAL
5338,236,BOILERPLATE,DV09-053,PARTIAL
5339,236,REVIEWED_TEXT,DV09-053,PARTIAL
5340,236,BOILERPLATE,DV09-053,PARTIAL
5341,236,REVIEWED_TEXT,DV09-053,PARTIAL
5342,236,BOILERPLATE,DV09-053,PARTIAL
5343,236,REVIEWED_TEXT,DV09-053,PARTIAL
5344,236,BOILERPLATE,DV09-053,PARTIAL
5345,236,REVIEWED_TEXT,DV09-053,PARTIAL
5346,236,BOILERPLATE,DV09-053,PARTIAL
5347,236,REVIEWED_TEXT,DV09-053,PARTIAL
5348,236,BLANK,DV09-053,PARTIAL
5349,237,PAGE_MARKER,DV09-053,PARTIAL
5350,237,BOILERPLATE,DV09-053,PARTIAL
5351,237,BOILERPLATE,DV09-053,PARTIAL
5352,237,BLANK,DV09-053,PARTIAL
5353,237,BOILERPLATE,DV09-053,PARTIAL
5354,237,BOILERPLATE,DV09-053,PARTIAL
5355,237,BLANK,DV09-053,PARTIAL
5356,238,PAGE_MARKER,DV09-054,PARTIAL
5357,238,BLANK,DV09-054,PARTIAL
5358,238,BLANK,DV09-054,PARTIAL
5359,238,BLANK,DV09-054,PARTIAL
5360,238,BLANK,DV09-054,PARTIAL
5361,238,BLANK,DV09-054,PARTIAL
5362,238,BOILERPLATE,DV09-054,PARTIAL
5363,238,BOILERPLATE,DV09-054,PARTIAL
5364,238,REVIEWED_TEXT,DV09-054,PARTIAL
5365,238,BLANK,DV09-054,PARTIAL
5366,239,PAGE_MARKER,DV09-054,PARTIAL
5367,239,BOILERPLATE,DV09-054,PARTIAL
5368,239,BOILERPLATE,DV09-054,PARTIAL
5369,239,BLANK,DV09-054,PARTIAL
5370,239,BOILERPLATE,DV09-054,PARTIAL
5371,239,BOILERPLATE,DV09-054,PARTIAL
5372,239,BLANK,DV09-054,PARTIAL
5373,240,PAGE_MARKER,DV09-054,PARTIAL
5374,240,BOILERPLATE,DV09-054,PARTIAL
5375,240,BOILERPLATE,DV09-054,PARTIAL
5376,240,BLANK,DV09-054,PARTIAL
5377,240,BOILERPLATE,DV09-054,PARTIAL
5378,240,BOILERPLATE,DV09-054,PARTIAL
5379,240,REVIEWED_TEXT,DV09-054,PARTIAL
5380,240,REVIEWED_TEXT,DV09-054,PARTIAL
5381,240,BOILERPLATE,DV09-054,PARTIAL
5382,240,REVIEWED_TEXT,DV09-054,PARTIAL
5383,240,BOILERPLATE,DV09-054,PARTIAL
5384,240,REVIEWED_TEXT,DV09-054,PARTIAL
5385,240,BOILERPLATE,DV09-054,PARTIAL
5386,240,REVIEWED_TEXT,DV09-054,PARTIAL
5387,240,BLANK,DV09-054,PARTIAL
5388,241,PAGE_MARKER,DV09-054,PARTIAL
5389,241,BOILERPLATE,DV09-054,PARTIAL
5390,241,BOILERPLATE,DV09-054,PARTIAL
5391,241,BLANK,DV09-054,PARTIAL
5392,241,BOILERPLATE,DV09-054,PARTIAL
5393,241,BOILERPLATE,DV09-054,PARTIAL
5394,241,REVIEWED_TEXT,DV09-054,PARTIAL
5395,241,REVIEWED_TEXT,DV09-054,PARTIAL
5396,241,BOILERPLATE,DV09-054,PARTIAL
5397,241,REVIEWED_TEXT,DV09-054,PARTIAL
5398,241,BOILERPLATE,DV09-054,PARTIAL
5399,241,REVIEWED_TEXT,DV09-054,PARTIAL
5400,241,BOILERPLATE,DV09-054,PARTIAL
5401,241,REVIEWED_TEXT,DV09-054,PARTIAL
5402,241,BOILERPLATE,DV09-054,PARTIAL
5403,241,REVIEWED_TEXT,DV09-054,PARTIAL
5404,241,REVIEWED_TEXT,DV09-054,PARTIAL
5405,241,REVIEWED_TEXT,DV09-054,PARTIAL
5406,241,REVIEWED_TEXT,DV09-054,PARTIAL
5407,241,REVIEWED_TEXT,DV09-054,PARTIAL
5408,241,REVIEWED_TEXT,DV09-054,PARTIAL
5409,241,REVIEWED_TEXT,DV09-054,PARTIAL
5410,241,REVIEWED_TEXT,DV09-054,PARTIAL
5411,241,BLANK,DV09-054,PARTIAL
5412,242,PAGE_MARKER,DV09-054,PARTIAL
5413,242,BOILERPLATE,DV09-054,PARTIAL
5414,242,BOILERPLATE,DV09-054,PARTIAL
5415,242,BLANK,DV09-054,PARTIAL
5416,242,BOILERPLATE,DV09-054,PARTIAL
5417,242,BOILERPLATE,DV09-054,PARTIAL
5418,242,REVIEWED_TEXT,DV09-054,PARTIAL
5419,242,REVIEWED_TEXT,DV09-054,PARTIAL
5420,242,REVIEWED_TEXT,DV09-054,PARTIAL
5421,242,BLANK,DV09-054,PARTIAL
5422,242,BLANK,DV09-054,PARTIAL
5423,243,PAGE_MARKER,DV09-055,PARTIAL
5424,243,BOILERPLATE,DV09-055,PARTIAL
5425,243,BOILERPLATE,DV09-055,PARTIAL
5426,243,BLANK,DV09-055,PARTIAL
5427,243,BOILERPLATE,DV09-055,PARTIAL
5428,243,BOILERPLATE,DV09-055,PARTIAL
5429,243,REVIEWED_TEXT,DV09-055,PARTIAL
5430,243,REVIEWED_TEXT,DV09-055,PARTIAL
5431,243,REVIEWED_TEXT,DV09-055,PARTIAL
5432,243,REVIEWED_TEXT,DV09-055,PARTIAL
5433,243,REVIEWED_TEXT,DV09-055,PARTIAL
5434,243,REVIEWED_TEXT,DV09-055,PARTIAL
5435,243,REVIEWED_TEXT,DV09-055,PARTIAL
5436,243,BLANK,DV09-055,PARTIAL
5437,244,PAGE_MARKER,DV09-055,PARTIAL
5438,244,BOILERPLATE,DV09-055,PARTIAL
5439,244,BOILERPLATE,DV09-055,PARTIAL
5440,244,BLANK,DV09-055,PARTIAL
5441,244,BOILERPLATE,DV09-055,PARTIAL
5442,244,BOILERPLATE,DV09-055,PARTIAL
5443,244,REVIEWED_TEXT,DV09-055,PARTIAL
5444,244,REVIEWED_TEXT,DV09-055,PARTIAL
5445,244,REVIEWED_TEXT,DV09-055,PARTIAL
5446,244,BLANK,DV09-055,PARTIAL
5447,245,PAGE_MARKER,DV09-055,PARTIAL
5448,245,BOILERPLATE,DV09-055,PARTIAL
5449,245,BOILERPLATE,DV09-055,PARTIAL
5450,245,BLANK,DV09-055,PARTIAL
5451,245,BOILERPLATE,DV09-055,PARTIAL
5452,245,BOILERPLATE,DV09-055,PARTIAL
5453,245,REVIEWED_TEXT,DV09-055,PARTIAL
5454,245,REVIEWED_TEXT,DV09-055,PARTIAL
5455,245,BLANK,DV09-055,PARTIAL
5456,245,REVIEWED_TEXT,DV09-055,PARTIAL
5457,245,BLANK,DV09-055,PARTIAL
5458,246,PAGE_MARKER,DV09-055,PARTIAL
5459,246,BOILERPLATE,DV09-055,PARTIAL
5460,246,BOILERPLATE,DV09-055,PARTIAL
5461,246,BLANK,DV09-055,PARTIAL
5462,246,BOILERPLATE,DV09-055,PARTIAL
5463,246,BOILERPLATE,DV09-055,PARTIAL
5464,246,REVIEWED_TEXT,DV09-055,PARTIAL
5465,246,REVIEWED_TEXT,DV09-055,PARTIAL
5466,246,BOILERPLATE,DV09-055,PARTIAL
5467,246,REVIEWED_TEXT,DV09-055,PARTIAL
5468,246,BOILERPLATE,DV09-055,PARTIAL
5469,246,REVIEWED_TEXT,DV09-055,PARTIAL
5470,246,REVIEWED_TEXT,DV09-055,PARTIAL
5471,246,BOILERPLATE,DV09-055,PARTIAL
5472,246,REVIEWED_TEXT,DV09-055,PARTIAL
5473,246,REVIEWED_TEXT,DV09-055,PARTIAL
5474,246,BOILERPLATE,DV09-055,PARTIAL
5475,246,REVIEWED_TEXT,DV09-055,PARTIAL
5476,246,REVIEWED_TEXT,DV09-055,PARTIAL
5477,246,REVIEWED_TEXT,DV09-055,PARTIAL
5478,246,BOILERPLATE,DV09-055,PARTIAL
5479,246,REVIEWED_TEXT,DV09-055,PARTIAL
5480,246,REVIEWED_TEXT,DV09-055,PARTIAL
5481,246,BLANK,DV09-055,PARTIAL
5482,247,PAGE_MARKER,DV09-055,PARTIAL
5483,247,BOILERPLATE,DV09-055,PARTIAL
5484,247,BOILERPLATE,DV09-055,PARTIAL
5485,247,BLANK,DV09-055,PARTIAL
5486,247,BOILERPLATE,DV09-055,PARTIAL
5487,247,BOILERPLATE,DV09-055,PARTIAL
5488,247,REVIEWED_TEXT,DV09-055,PARTIAL
5489,247,BOILERPLATE,DV09-055,PARTIAL
5490,247,REVIEWED_TEXT,DV09-055,PARTIAL
5491,247,REVIEWED_TEXT,DV09-055,PARTIAL
5492,247,BOILERPLATE,DV09-055,PARTIAL
5493,247,REVIEWED_TEXT,DV09-055,PARTIAL
5494,247,REVIEWED_TEXT,DV09-055,PARTIAL
5495,247,REVIEWED_TEXT,DV09-055,PARTIAL
5496,247,BOILERPLATE,DV09-055,PARTIAL
5497,247,REVIEWED_TEXT,DV09-055,PARTIAL
5498,247,REVIEWED_TEXT,DV09-055,PARTIAL
5499,247,REVIEWED_TEXT,DV09-055,PARTIAL
5500,247,REVIEWED_TEXT,DV09-055,PARTIAL
5501,247,REVIEWED_TEXT,DV09-055,PARTIAL
5502,247,REVIEWED_TEXT,DV09-055,PARTIAL
5503,247,BLANK,DV09-055,PARTIAL
5504,247,REVIEWED_TEXT,DV09-055,PARTIAL
5505,247,REVIEWED_TEXT,DV09-055,PARTIAL
5506,247,REVIEWED_TEXT,DV09-055,PARTIAL
5507,247,REVIEWED_TEXT,DV09-055,PARTIAL
5508,247,BLANK,DV09-055,PARTIAL
5509,247,BLANK,DV09-055,PARTIAL
5510,247,BLANK,DV09-055,PARTIAL
5511,247,REVIEWED_TEXT,DV09-055,PARTIAL
5512,247,REVIEWED_TEXT,DV09-055,PARTIAL
5513,247,REVIEWED_TEXT,DV09-055,PARTIAL
5514,247,REVIEWED_TEXT,DV09-055,PARTIAL
5515,247,BLANK,DV09-055,PARTIAL
5516,247,BLANK,DV09-055,PARTIAL
5517,247,REVIEWED_TEXT,DV09-055,PARTIAL
5518,247,REVIEWED_TEXT,DV09-055,PARTIAL
5519,247,REVIEWED_TEXT,DV09-055,PARTIAL
5520,247,REVIEWED_TEXT,DV09-055,PARTIAL
5521,247,BLANK,DV09-055,PARTIAL
5522,247,BLANK,DV09-055,PARTIAL
5523,247,BLANK,DV09-055,PARTIAL
5524,247,REVIEWED_TEXT,DV09-055,PARTIAL
5525,247,REVIEWED_TEXT,DV09-055,PARTIAL
5526,247,REVIEWED_TEXT,DV09-055,PARTIAL
5527,247,REVIEWED_TEXT,DV09-055,PARTIAL
5528,247,BLANK,DV09-055,PARTIAL
5529,247,BLANK,DV09-055,PARTIAL
5530,247,BLANK,DV09-055,PARTIAL
5531,247,REVIEWED_TEXT,DV09-055,PARTIAL
5532,247,REVIEWED_TEXT,DV09-055,PARTIAL
5533,247,REVIEWED_TEXT,DV09-055,PARTIAL
5534,247,REVIEWED_TEXT,DV09-055,PARTIAL
5535,247,BLANK,DV09-055,PARTIAL
5536,247,BLANK,DV09-055,PARTIAL
5537,247,BLANK,DV09-055,PARTIAL
5538,247,BLANK,DV09-055,PARTIAL
5539,247,REVIEWED_TEXT,DV09-055,PARTIAL
5540,247,REVIEWED_TEXT,DV09-055,PARTIAL
5541,247,REVIEWED_TEXT,DV09-055,PARTIAL
5542,247,REVIEWED_TEXT,DV09-055,PARTIAL
5543,247,BLANK,DV09-055,PARTIAL
5544,247,BLANK,DV09-055,PARTIAL
5545,247,BLANK,DV09-055,PARTIAL
5546,247,REVIEWED_TEXT,DV09-055,PARTIAL
5547,247,REVIEWED_TEXT,DV09-055,PARTIAL
5548,247,REVIEWED_TEXT,DV09-055,PARTIAL
5549,247,REVIEWED_TEXT,DV09-055,PARTIAL
5550,247,REVIEWED_TEXT,DV09-055,PARTIAL
5551,247,REVIEWED_TEXT,DV09-055,PARTIAL
5552,247,BLANK,DV09-055,PARTIAL
5553,248,PAGE_MARKER,DV09-055,PARTIAL
5554,248,BOILERPLATE,DV09-055,PARTIAL
5555,248,BOILERPLATE,DV09-055,PARTIAL
5556,248,BLANK,DV09-055,PARTIAL
5557,248,BOILERPLATE,DV09-055,PARTIAL
5558,248,BOILERPLATE,DV09-055,PARTIAL
5559,248,REVIEWED_TEXT,DV09-055,PARTIAL
5560,248,REVIEWED_TEXT,DV09-055,PARTIAL
5561,248,BLANK,DV09-055,PARTIAL
5562,248,BLANK,DV09-055,PARTIAL
5563,248,BLANK,DV09-055,PARTIAL
5564,248,BLANK,DV09-055,PARTIAL
5565,248,BLANK,DV09-055,PARTIAL
5566,248,BLANK,DV09-055,PARTIAL
5567,248,BLANK,DV09-055,PARTIAL
5568,248,BLANK,DV09-055,PARTIAL
5569,248,BLANK,DV09-055,PARTIAL
5570,248,BLANK,DV09-055,PARTIAL
5571,248,BLANK,DV09-055,PARTIAL
5572,248,BLANK,DV09-055,PARTIAL
5573,248,BLANK,DV09-055,PARTIAL
5574,248,REVIEWED_TEXT,DV09-055,PARTIAL
5575,248,BLANK,DV09-055,PARTIAL
5576,248,BLANK,DV09-055,PARTIAL
5577,248,BLANK,DV09-055,PARTIAL
5578,248,REVIEWED_TEXT,DV09-055,PARTIAL
5579,248,REVIEWED_TEXT,DV09-055,PARTIAL
5580,248,REVIEWED_TEXT,DV09-055,PARTIAL
5581,248,BLANK,DV09-055,PARTIAL
5582,248,BLANK,DV09-055,PARTIAL
5583,248,BLANK,DV09-055,PARTIAL
5584,248,BLANK,DV09-055,PARTIAL
5585,248,BLANK,DV09-055,PARTIAL
5586,248,REVIEWED_TEXT,DV09-055,PARTIAL
5587,248,BLANK,DV09-055,PARTIAL
5588,248,BLANK,DV09-055,PARTIAL
5589,248,BLANK,DV09-055,PARTIAL
5590,248,BLANK,DV09-055,PARTIAL
5591,248,BLANK,DV09-055,PARTIAL
5592,248,BLANK,DV09-055,PARTIAL
5593,248,REVIEWED_TEXT,DV09-055,PARTIAL
5594,248,REVIEWED_TEXT,DV09-055,PARTIAL
5595,248,REVIEWED_TEXT,DV09-055,PARTIAL
5596,248,REVIEWED_TEXT,DV09-055,PARTIAL
5597,248,REVIEWED_TEXT,DV09-055,PARTIAL
5598,248,BLANK,DV09-055,PARTIAL
5599,248,BLANK,DV09-055,PARTIAL
5600,248,BLANK,DV09-055,PARTIAL
5601,248,BLANK,DV09-055,PARTIAL
5602,248,REVIEWED_TEXT,DV09-055,PARTIAL
5603,248,BLANK,DV09-055,PARTIAL
5604,249,PAGE_MARKER,DV09-055,PARTIAL
5605,249,BOILERPLATE,DV09-055,PARTIAL
5606,249,BOILERPLATE,DV09-055,PARTIAL
5607,249,BLANK,DV09-055,PARTIAL
5608,249,BOILERPLATE,DV09-055,PARTIAL
5609,249,BOILERPLATE,DV09-055,PARTIAL
5610,249,REVIEWED_TEXT,DV09-055,PARTIAL
5611,249,REVIEWED_TEXT,DV09-055,PARTIAL
5612,249,BOILERPLATE,DV09-055,PARTIAL
5613,249,REVIEWED_TEXT,DV09-055,PARTIAL
5614,249,REVIEWED_TEXT,DV09-055,PARTIAL
5615,249,BOILERPLATE,DV09-055,PARTIAL
5616,249,REVIEWED_TEXT,DV09-055,PARTIAL
5617,249,REVIEWED_TEXT,DV09-055,PARTIAL
5618,249,BOILERPLATE,DV09-055,PARTIAL
5619,249,REVIEWED_TEXT,DV09-055,PARTIAL
5620,249,REVIEWED_TEXT,DV09-055,PARTIAL
5621,249,BOILERPLATE,DV09-055,PARTIAL
5622,249,REVIEWED_TEXT,DV09-055,PARTIAL
5623,249,BLANK,DV09-055,PARTIAL
5624,250,PAGE_MARKER,DV09-056,PARTIAL
5625,250,BOILERPLATE,DV09-056,PARTIAL
5626,250,BOILERPLATE,DV09-056,PARTIAL
5627,250,BLANK,DV09-056,PARTIAL
5628,250,BOILERPLATE,DV09-056,PARTIAL
5629,250,BOILERPLATE,DV09-056,PARTIAL
5630,250,REVIEWED_TEXT,DV09-056,PARTIAL
5631,250,BLANK,DV09-056,PARTIAL
5632,250,BLANK,DV09-056,PARTIAL
5633,250,BLANK,DV09-056,PARTIAL
5634,250,BLANK,DV09-056,PARTIAL
5635,250,BLANK,DV09-056,PARTIAL
5636,250,REVIEWED_TEXT,DV09-056,PARTIAL
5637,250,REVIEWED_TEXT,DV09-056,PARTIAL
5638,250,REVIEWED_TEXT,DV09-056,PARTIAL
5639,250,BLANK,DV09-056,PARTIAL
5640,250,BLANK,DV09-056,PARTIAL
5641,250,BLANK,DV09-056,PARTIAL
5642,250,BLANK,DV09-056,PARTIAL
5643,250,BLANK,DV09-056,PARTIAL
5644,250,BLANK,DV09-056,PARTIAL
5645,250,BLANK,DV09-056,PARTIAL
5646,250,BLANK,DV09-056,PARTIAL
5647,250,BLANK,DV09-056,PARTIAL
5648,250,BLANK,DV09-056,PARTIAL
5649,250,BLANK,DV09-056,PARTIAL
5650,250,BLANK,DV09-056,PARTIAL
5651,250,BLANK,DV09-056,PARTIAL
5652,250,BLANK,DV09-056,PARTIAL
5653,250,BLANK,DV09-056,PARTIAL
5654,250,BLANK,DV09-056,PARTIAL
5655,250,BLANK,DV09-056,PARTIAL
5656,250,BLANK,DV09-056,PARTIAL
5657,250,BLANK,DV09-056,PARTIAL
5658,250,BLANK,DV09-056,PARTIAL
5659,250,REVIEWED_TEXT,DV09-056,PARTIAL
5660,250,BLANK,DV09-056,PARTIAL
5661,250,BLANK,DV09-056,PARTIAL
5662,250,REVIEWED_TEXT,DV09-056,PARTIAL
5663,250,REVIEWED_TEXT,DV09-056,PARTIAL
5664,250,REVIEWED_TEXT,DV09-056,PARTIAL
5665,250,BLANK,DV09-056,PARTIAL
5666,250,BLANK,DV09-056,PARTIAL
5667,250,REVIEWED_TEXT,DV09-056,PARTIAL
5668,250,REVIEWED_TEXT,DV09-056,PARTIAL
5669,250,REVIEWED_TEXT,DV09-056,PARTIAL
5670,250,REVIEWED_TEXT,DV09-056,PARTIAL
5671,250,REVIEWED_TEXT,DV09-056,PARTIAL
5672,250,BLANK,DV09-056,PARTIAL
5673,250,BLANK,DV09-056,PARTIAL
5674,250,REVIEWED_TEXT,DV09-056,PARTIAL
5675,250,BLANK,DV09-056,PARTIAL
5676,250,BLANK,DV09-056,PARTIAL
5677,250,REVIEWED_TEXT,DV09-056,PARTIAL
5678,250,REVIEWED_TEXT,DV09-056,PARTIAL
5679,250,BLANK,DV09-056,PARTIAL
5680,250,REVIEWED_TEXT,DV09-056,PARTIAL
5681,250,REVIEWED_TEXT,DV09-056,PARTIAL
5682,250,BLANK,DV09-056,PARTIAL
5683,250,BLANK,DV09-056,PARTIAL
5684,250,REVIEWED_TEXT,DV09-056,PARTIAL
5685,250,REVIEWED_TEXT,DV09-056,PARTIAL
5686,250,REVIEWED_TEXT,DV09-056,PARTIAL
5687,250,BLANK,DV09-056,PARTIAL
5688,251,PAGE_MARKER,DV09-056,PARTIAL
5689,251,BOILERPLATE,DV09-056,PARTIAL
5690,251,BOILERPLATE,DV09-056,PARTIAL
5691,251,BLANK,DV09-056,PARTIAL
5692,251,BOILERPLATE,DV09-056,PARTIAL
5693,251,BOILERPLATE,DV09-056,PARTIAL
5694,251,REVIEWED_TEXT,DV09-056,PARTIAL
5695,251,REVIEWED_TEXT,DV09-056,PARTIAL
5696,251,REVIEWED_TEXT,DV09-056,PARTIAL
5697,251,REVIEWED_TEXT,DV09-056,PARTIAL
5698,251,REVIEWED_TEXT,DV09-056,PARTIAL
5699,251,REVIEWED_TEXT,DV09-056,PARTIAL
5700,251,REVIEWED_TEXT,DV09-056,PARTIAL
5701,251,REVIEWED_TEXT,DV09-056,PARTIAL
5702,251,REVIEWED_TEXT,DV09-056,PARTIAL
5703,251,REVIEWED_TEXT,DV09-056,PARTIAL
5704,251,REVIEWED_TEXT,DV09-056,PARTIAL
5705,251,REVIEWED_TEXT,DV09-056,PARTIAL
5706,251,BLANK,DV09-056,PARTIAL
5707,252,PAGE_MARKER,DV09-056,PARTIAL
5708,252,BOILERPLATE,DV09-056,PARTIAL
5709,252,BOILERPLATE,DV09-056,PARTIAL
5710,252,BLANK,DV09-056,PARTIAL
5711,252,BOILERPLATE,DV09-056,PARTIAL
5712,252,BOILERPLATE,DV09-056,PARTIAL
5713,252,REVIEWED_TEXT,DV09-056,PARTIAL
5714,252,REVIEWED_TEXT,DV09-056,PARTIAL
5715,252,REVIEWED_TEXT,DV09-056,PARTIAL
5716,252,REVIEWED_TEXT,DV09-056,PARTIAL
5717,252,REVIEWED_TEXT,DV09-056,PARTIAL
5718,252,REVIEWED_TEXT,DV09-056,PARTIAL
5719,252,REVIEWED_TEXT,DV09-056,PARTIAL
5720,252,REVIEWED_TEXT,DV09-056,PARTIAL
5721,252,REVIEWED_TEXT,DV09-056,PARTIAL
5722,252,BLANK,DV09-056,PARTIAL
5723,252,REVIEWED_TEXT,DV09-056,PARTIAL
5724,252,REVIEWED_TEXT,DV09-056,PARTIAL
5725,252,BLANK,DV09-056,PARTIAL
5726,252,REVIEWED_TEXT,DV09-056,PARTIAL
5727,252,REVIEWED_TEXT,DV09-056,PARTIAL
5728,252,BLANK,DV09-056,PARTIAL
5729,252,REVIEWED_TEXT,DV09-056,PARTIAL
5730,252,REVIEWED_TEXT,DV09-056,PARTIAL
5731,252,BLANK,DV09-056,PARTIAL
5732,252,REVIEWED_TEXT,DV09-056,PARTIAL
5733,252,REVIEWED_TEXT,DV09-056,PARTIAL
5734,252,BLANK,DV09-056,PARTIAL
5735,253,PAGE_MARKER,DV09-056,PARTIAL
5736,253,BOILERPLATE,DV09-056,PARTIAL
5737,253,BOILERPLATE,DV09-056,PARTIAL
5738,253,BLANK,DV09-056,PARTIAL
5739,253,BOILERPLATE,DV09-056,PARTIAL
5740,253,BOILERPLATE,DV09-056,PARTIAL
5741,253,REVIEWED_TEXT,DV09-056,PARTIAL
5742,253,REVIEWED_TEXT,DV09-056,PARTIAL
5743,253,REVIEWED_TEXT,DV09-056,PARTIAL
5744,253,REVIEWED_TEXT,DV09-056,PARTIAL
5745,253,BLANK,DV09-056,PARTIAL
5746,253,REVIEWED_TEXT,DV09-056,PARTIAL
5747,253,REVIEWED_TEXT,DV09-056,PARTIAL
5748,253,REVIEWED_TEXT,DV09-056,PARTIAL
5749,253,REVIEWED_TEXT,DV09-056,PARTIAL
5750,253,REVIEWED_TEXT,DV09-056,PARTIAL
5751,253,BLANK,DV09-056,PARTIAL
5752,253,REVIEWED_TEXT,DV09-056,PARTIAL
5753,253,REVIEWED_TEXT,DV09-056,PARTIAL
5754,253,REVIEWED_TEXT,DV09-056,PARTIAL
5755,253,BLANK,DV09-056,PARTIAL
5756,253,REVIEWED_TEXT,DV09-056,PARTIAL
5757,253,REVIEWED_TEXT,DV09-056,PARTIAL
5758,253,REVIEWED_TEXT,DV09-056,PARTIAL
5759,253,BLANK,DV09-056,PARTIAL
5760,253,REVIEWED_TEXT,DV09-056,PARTIAL
5761,253,REVIEWED_TEXT,DV09-056,PARTIAL
5762,253,BLANK,DV09-056,PARTIAL
5763,253,REVIEWED_TEXT,DV09-056,PARTIAL
5764,253,REVIEWED_TEXT,DV09-056,PARTIAL
5765,253,BLANK,DV09-056,PARTIAL
5766,253,REVIEWED_TEXT,DV09-056,PARTIAL
5767,253,REVIEWED_TEXT,DV09-056,PARTIAL
5768,253,BLANK,DV09-056,PARTIAL
5769,253,REVIEWED_TEXT,DV09-056,PARTIAL
5770,253,REVIEWED_TEXT,DV09-056,PARTIAL
5771,253,BLANK,DV09-056,PARTIAL
5772,253,REVIEWED_TEXT,DV09-056,PARTIAL
5773,253,BLANK,DV09-056,PARTIAL
5774,253,REVIEWED_TEXT,DV09-056,PARTIAL
5775,253,REVIEWED_TEXT,DV09-056,PARTIAL
5776,253,REVIEWED_TEXT,DV09-056,PARTIAL
5777,253,BLANK,DV09-056,PARTIAL
5778,254,PAGE_MARKER,DV09-056,PARTIAL
5779,254,BOILERPLATE,DV09-056,PARTIAL
5780,254,BOILERPLATE,DV09-056,PARTIAL
5781,254,BLANK,DV09-056,PARTIAL
5782,254,BOILERPLATE,DV09-056,PARTIAL
5783,254,BOILERPLATE,DV09-056,PARTIAL
5784,254,REVIEWED_TEXT,DV09-056,PARTIAL
5785,254,REVIEWED_TEXT,DV09-056,PARTIAL
5786,254,REVIEWED_TEXT,DV09-056,PARTIAL
5787,254,REVIEWED_TEXT,DV09-056,PARTIAL
5788,254,REVIEWED_TEXT,DV09-056,PARTIAL
5789,254,REVIEWED_TEXT,DV09-056,PARTIAL
5790,254,REVIEWED_TEXT,DV09-056,PARTIAL
5791,254,BLANK,DV09-056,PARTIAL
5792,255,PAGE_MARKER,DV09-057,VERIFIED_SUBSET
5793,255,BOILERPLATE,DV09-057,VERIFIED_SUBSET
5794,255,BOILERPLATE,DV09-057,VERIFIED_SUBSET
5795,255,BLANK,DV09-057,VERIFIED_SUBSET
5796,255,BOILERPLATE,DV09-057,VERIFIED_SUBSET
5797,255,BOILERPLATE,DV09-057,VERIFIED_SUBSET
5798,255,REVIEWED_TEXT,DV09-057,VERIFIED_SUBSET
5799,255,REVIEWED_TEXT,DV09-057,VERIFIED_SUBSET
5800,255,REVIEWED_TEXT,DV09-057,VERIFIED_SUBSET
5801,255,REVIEWED_TEXT,DV09-057,VERIFIED_SUBSET
5802,255,REVIEWED_TEXT,DV09-057,VERIFIED_SUBSET
5803,255,REVIEWED_TEXT,DV09-057,VERIFIED_SUBSET
5804,255,REVIEWED_TEXT,DV09-057,VERIFIED_SUBSET
5805,255,REVIEWED_TEXT,DV09-057,VERIFIED_SUBSET
5806,255,REVIEWED_TEXT,DV09-057,VERIFIED_SUBSET
5807,255,BLANK,DV09-057,VERIFIED_SUBSET
5808,255,REVIEWED_TEXT,DV09-057,VERIFIED_SUBSET
5809,255,REVIEWED_TEXT,DV09-057,VERIFIED_SUBSET
5810,255,BLANK,DV09-057,VERIFIED_SUBSET
5811,255,REVIEWED_TEXT,DV09-057,VERIFIED_SUBSET
5812,255,REVIEWED_TEXT,DV09-057,VERIFIED_SUBSET
5813,255,BLANK,DV09-057,VERIFIED_SUBSET
5814,255,REVIEWED_TEXT,DV09-057,VERIFIED_SUBSET
5815,255,BLANK,DV09-057,VERIFIED_SUBSET
5816,255,REVIEWED_TEXT,DV09-057,VERIFIED_SUBSET
5817,255,REVIEWED_TEXT,DV09-057,VERIFIED_SUBSET
5818,255,BLANK,DV09-057,VERIFIED_SUBSET
5819,256,PAGE_MARKER,DV09-058,PARTIAL
5820,256,BOILERPLATE,DV09-058,PARTIAL
5821,256,BOILERPLATE,DV09-058,PARTIAL
5822,256,BLANK,DV09-058,PARTIAL
5823,256,BOILERPLATE,DV09-058,PARTIAL
5824,256,BOILERPLATE,DV09-058,PARTIAL
5825,256,REVIEWED_TEXT,DV09-058,PARTIAL
5826,256,REVIEWED_TEXT,DV09-058,PARTIAL
5827,256,REVIEWED_TEXT,DV09-058,PARTIAL
5828,256,REVIEWED_TEXT,DV09-058,PARTIAL
5829,256,REVIEWED_TEXT,DV09-058,PARTIAL
5830,256,BLANK,DV09-058,PARTIAL
5831,256,REVIEWED_TEXT,DV09-058,PARTIAL
5832,256,REVIEWED_TEXT,DV09-058,PARTIAL
5833,256,REVIEWED_TEXT,DV09-058,PARTIAL
5834,256,BLANK,DV09-058,PARTIAL
5835,256,REVIEWED_TEXT,DV09-058,PARTIAL
5836,256,BLANK,DV09-058,PARTIAL
5837,256,REVIEWED_TEXT,DV09-058,PARTIAL
5838,256,BLANK,DV09-058,PARTIAL
5839,256,REVIEWED_TEXT,DV09-058,PARTIAL
5840,256,BLANK,DV09-058,PARTIAL
5841,256,REVIEWED_TEXT,DV09-058,PARTIAL
5842,256,BLANK,DV09-058,PARTIAL
5843,256,REVIEWED_TEXT,DV09-058,PARTIAL
5844,256,BLANK,DV09-058,PARTIAL
5845,256,REVIEWED_TEXT,DV09-058,PARTIAL
5846,256,REVIEWED_TEXT,DV09-058,PARTIAL
5847,256,REVIEWED_TEXT,DV09-058,PARTIAL
5848,256,REVIEWED_TEXT,DV09-058,PARTIAL
5849,256,REVIEWED_TEXT,DV09-058,PARTIAL
5850,256,BLANK,DV09-058,PARTIAL
5851,257,PAGE_MARKER,DV09-058,PARTIAL
5852,257,BOILERPLATE,DV09-058,PARTIAL
5853,257,BOILERPLATE,DV09-058,PARTIAL
5854,257,BLANK,DV09-058,PARTIAL
5855,257,BOILERPLATE,DV09-058,PARTIAL
5856,257,BOILERPLATE,DV09-058,PARTIAL
5857,257,REVIEWED_TEXT,DV09-058,PARTIAL
5858,257,REVIEWED_TEXT,DV09-058,PARTIAL
5859,257,REVIEWED_TEXT,DV09-058,PARTIAL
5860,257,BLANK,DV09-058,PARTIAL
5861,257,REVIEWED_TEXT,DV09-058,PARTIAL
5862,257,BLANK,DV09-058,PARTIAL
5863,257,REVIEWED_TEXT,DV09-058,PARTIAL
5864,257,REVIEWED_TEXT,DV09-058,PARTIAL
5865,257,REVIEWED_TEXT,DV09-058,PARTIAL
5866,257,REVIEWED_TEXT,DV09-058,PARTIAL
5867,257,BLANK,DV09-058,PARTIAL
5868,257,REVIEWED_TEXT,DV09-058,PARTIAL
5869,257,BLANK,DV09-058,PARTIAL
5870,257,REVIEWED_TEXT,DV09-058,PARTIAL
5871,257,REVIEWED_TEXT,DV09-058,PARTIAL
5872,257,REVIEWED_TEXT,DV09-058,PARTIAL
5873,257,REVIEWED_TEXT,DV09-058,PARTIAL
5874,257,REVIEWED_TEXT,DV09-058,PARTIAL
5875,257,BLANK,DV09-058,PARTIAL
5876,258,PAGE_MARKER,DV09-059,PARTIAL
5877,258,BOILERPLATE,DV09-059,PARTIAL
5878,258,BOILERPLATE,DV09-059,PARTIAL
5879,258,BLANK,DV09-059,PARTIAL
5880,258,BOILERPLATE,DV09-059,PARTIAL
5881,258,BOILERPLATE,DV09-059,PARTIAL
5882,258,REVIEWED_TEXT,DV09-059,PARTIAL
5883,258,REVIEWED_TEXT,DV09-059,PARTIAL
5884,258,REVIEWED_TEXT,DV09-059,PARTIAL
5885,258,REVIEWED_TEXT,DV09-059,PARTIAL
5886,258,REVIEWED_TEXT,DV09-059,PARTIAL
5887,258,REVIEWED_TEXT,DV09-059,PARTIAL
5888,258,BLANK,DV09-059,PARTIAL
5889,258,REVIEWED_TEXT,DV09-059,PARTIAL
5890,258,REVIEWED_TEXT,DV09-059,PARTIAL
5891,258,REVIEWED_TEXT,DV09-059,PARTIAL
5892,258,BLANK,DV09-059,PARTIAL
5893,258,REVIEWED_TEXT,DV09-059,PARTIAL
5894,258,BLANK,DV09-059,PARTIAL
5895,259,PAGE_MARKER,DV09-060,PARTIAL
5896,259,BOILERPLATE,DV09-060,PARTIAL
5897,259,BOILERPLATE,DV09-060,PARTIAL
5898,259,BLANK,DV09-060,PARTIAL
5899,259,BOILERPLATE,DV09-060,PARTIAL
5900,259,BOILERPLATE,DV09-060,PARTIAL
5901,259,REVIEWED_TEXT,DV09-060,PARTIAL
5902,259,REVIEWED_TEXT,DV09-060,PARTIAL
5903,259,REVIEWED_TEXT,DV09-060,PARTIAL
5904,259,REVIEWED_TEXT,DV09-060,PARTIAL
5905,259,BLANK,DV09-060,PARTIAL
5906,259,BLANK,DV09-060,PARTIAL
5907,259,BLANK,DV09-060,PARTIAL
5908,259,REVIEWED_TEXT,DV09-060,PARTIAL
5909,259,BLANK,DV09-060,PARTIAL
5910,259,REVIEWED_TEXT,DV09-060,PARTIAL
5911,259,BLANK,DV09-060,PARTIAL
5912,259,REVIEWED_TEXT,DV09-060,PARTIAL
5913,259,REVIEWED_TEXT,DV09-060,PARTIAL
5914,259,REVIEWED_TEXT,DV09-060,PARTIAL
5915,259,REVIEWED_TEXT,DV09-060,PARTIAL
5916,259,REVIEWED_TEXT,DV09-060,PARTIAL
5917,259,REVIEWED_TEXT,DV09-060,PARTIAL
5918,259,BLANK,DV09-060,PARTIAL
5919,259,REVIEWED_TEXT,DV09-060,PARTIAL
5920,259,REVIEWED_TEXT,DV09-060,PARTIAL
5921,259,BLANK,DV09-060,PARTIAL
5922,259,REVIEWED_TEXT,DV09-060,PARTIAL
5923,259,REVIEWED_TEXT,DV09-060,PARTIAL
5924,259,REVIEWED_TEXT,DV09-060,PARTIAL
5925,259,REVIEWED_TEXT,DV09-060,PARTIAL
5926,259,REVIEWED_TEXT,DV09-060,PARTIAL
5927,259,REVIEWED_TEXT,DV09-060,PARTIAL
5928,259,BLANK,DV09-060,PARTIAL
5929,259,BLANK,DV09-060,PARTIAL
5930,259,BLANK,DV09-060,PARTIAL
5931,259,REVIEWED_TEXT,DV09-060,PARTIAL
5932,259,REVIEWED_TEXT,DV09-060,PARTIAL
5933,259,BLANK,DV09-060,PARTIAL
5934,259,BLANK,DV09-060,PARTIAL
5935,260,PAGE_MARKER,DV09-060,PARTIAL
5936,260,BOILERPLATE,DV09-060,PARTIAL
5937,260,BOILERPLATE,DV09-060,PARTIAL
5938,260,BLANK,DV09-060,PARTIAL
5939,260,BOILERPLATE,DV09-060,PARTIAL
5940,260,BOILERPLATE,DV09-060,PARTIAL
5941,260,REVIEWED_TEXT,DV09-060,PARTIAL
5942,260,REVIEWED_TEXT,DV09-060,PARTIAL
5943,260,BLANK,DV09-060,PARTIAL
5944,261,PAGE_MARKER,DV09-060,PARTIAL
5945,261,BOILERPLATE,DV09-060,PARTIAL
5946,261,BOILERPLATE,DV09-060,PARTIAL
5947,261,BLANK,DV09-060,PARTIAL
5948,261,BOILERPLATE,DV09-060,PARTIAL
5949,261,BOILERPLATE,DV09-060,PARTIAL
5950,261,REVIEWED_TEXT,DV09-060,PARTIAL
5951,261,REVIEWED_TEXT,DV09-060,PARTIAL
5952,261,REVIEWED_TEXT,DV09-060,PARTIAL
5953,261,BLANK,DV09-060,PARTIAL
5954,262,PAGE_MARKER,DV09-060,PARTIAL
5955,262,BOILERPLATE,DV09-060,PARTIAL
5956,262,BOILERPLATE,DV09-060,PARTIAL
5957,262,BLANK,DV09-060,PARTIAL
5958,262,BOILERPLATE,DV09-060,PARTIAL
5959,262,BOILERPLATE,DV09-060,PARTIAL
5960,262,REVIEWED_TEXT,DV09-060,PARTIAL
5961,262,REVIEWED_TEXT,DV09-060,PARTIAL
5962,262,REVIEWED_TEXT,DV09-060,PARTIAL
5963,262,BLANK,DV09-060,PARTIAL
5964,263,PAGE_MARKER,DV09-060,PARTIAL
5965,263,BOILERPLATE,DV09-060,PARTIAL
5966,263,BOILERPLATE,DV09-060,PARTIAL
5967,263,BLANK,DV09-060,PARTIAL
5968,263,BOILERPLATE,DV09-060,PARTIAL
5969,263,BOILERPLATE,DV09-060,PARTIAL
5970,263,REVIEWED_TEXT,DV09-060,PARTIAL
5971,263,REVIEWED_TEXT,DV09-060,PARTIAL
5972,263,REVIEWED_TEXT,DV09-060,PARTIAL
5973,263,REVIEWED_TEXT,DV09-060,PARTIAL
5974,263,BLANK,DV09-060,PARTIAL
5975,263,BLANK,DV09-060,PARTIAL
5976,264,PAGE_MARKER,DV09-060,PARTIAL
5977,264,BOILERPLATE,DV09-060,PARTIAL
5978,264,BOILERPLATE,DV09-060,PARTIAL
5979,264,BLANK,DV09-060,PARTIAL
5980,264,BOILERPLATE,DV09-060,PARTIAL
5981,264,BOILERPLATE,DV09-060,PARTIAL
5982,264,REVIEWED_TEXT,DV09-060,PARTIAL
5983,264,REVIEWED_TEXT,DV09-060,PARTIAL
5984,264,REVIEWED_TEXT,DV09-060,PARTIAL
5985,264,REVIEWED_TEXT,DV09-060,PARTIAL
5986,264,BLANK,DV09-060,PARTIAL
5987,265,PAGE_MARKER,DV09-061,PARTIAL
5988,265,BOILERPLATE,DV09-061,PARTIAL
5989,265,BOILERPLATE,DV09-061,PARTIAL
5990,265,BLANK,DV09-061,PARTIAL
5991,265,BOILERPLATE,DV09-061,PARTIAL
5992,265,BOILERPLATE,DV09-061,PARTIAL
5993,265,REVIEWED_TEXT,DV09-061,PARTIAL
5994,265,BLANK,DV09-061,PARTIAL
5995,265,REVIEWED_TEXT,DV09-061,PARTIAL
5996,265,REVIEWED_TEXT,DV09-061,PARTIAL
5997,265,REVIEWED_TEXT,DV09-061,PARTIAL
5998,265,REVIEWED_TEXT,DV09-061,PARTIAL
5999,265,REVIEWED_TEXT,DV09-061,PARTIAL
6000,265,BLANK,DV09-061,PARTIAL
6001,265,BLANK,DV09-061,PARTIAL
6002,265,BLANK,DV09-061,PARTIAL
6003,265,BLANK,DV09-061,PARTIAL
6004,265,BLANK,DV09-061,PARTIAL
6005,265,BLANK,DV09-061,PARTIAL
6006,265,BLANK,DV09-061,PARTIAL
6007,265,REVIEWED_TEXT,DV09-061,PARTIAL
6008,265,REVIEWED_TEXT,DV09-061,PARTIAL
6009,265,REVIEWED_TEXT,DV09-061,PARTIAL
6010,265,REVIEWED_TEXT,DV09-061,PARTIAL
6011,265,BLANK,DV09-061,PARTIAL
6012,265,BLANK,DV09-061,PARTIAL
6013,266,PAGE_MARKER,DV09-062,PARTIAL
6014,266,BOILERPLATE,DV09-062,PARTIAL
6015,266,BOILERPLATE,DV09-062,PARTIAL
6016,266,BLANK,DV09-062,PARTIAL
6017,266,BOILERPLATE,DV09-062,PARTIAL
6018,266,BOILERPLATE,DV09-062,PARTIAL
6019,266,REVIEWED_TEXT,DV09-062,PARTIAL
6020,266,BLANK,DV09-062,PARTIAL
6021,266,REVIEWED_TEXT,DV09-062,PARTIAL
6022,266,REVIEWED_TEXT,DV09-062,PARTIAL
6023,266,REVIEWED_TEXT,DV09-062,PARTIAL
6024,266,REVIEWED_TEXT,DV09-062,PARTIAL
6025,266,REVIEWED_TEXT,DV09-062,PARTIAL
6026,266,REVIEWED_TEXT,DV09-062,PARTIAL
6027,266,REVIEWED_TEXT,DV09-062,PARTIAL
6028,266,REVIEWED_TEXT,DV09-062,PARTIAL
6029,266,REVIEWED_TEXT,DV09-062,PARTIAL
6030,266,REVIEWED_TEXT,DV09-062,PARTIAL
6031,266,BLANK,DV09-062,PARTIAL
6032,266,REVIEWED_TEXT,DV09-062,PARTIAL
6033,266,BLANK,DV09-062,PARTIAL
6034,267,PAGE_MARKER,DV09-062,PARTIAL
6035,267,BOILERPLATE,DV09-062,PARTIAL
6036,267,BOILERPLATE,DV09-062,PARTIAL
6037,267,BLANK,DV09-062,PARTIAL
6038,267,BOILERPLATE,DV09-062,PARTIAL
6039,267,BOILERPLATE,DV09-062,PARTIAL
6040,267,REVIEWED_TEXT,DV09-062,PARTIAL
6041,267,BLANK,DV09-062,PARTIAL
6042,267,REVIEWED_TEXT,DV09-062,PARTIAL
6043,267,REVIEWED_TEXT,DV09-062,PARTIAL
6044,267,REVIEWED_TEXT,DV09-062,PARTIAL
6045,267,REVIEWED_TEXT,DV09-062,PARTIAL
6046,267,BLANK,DV09-062,PARTIAL
6047,268,PAGE_MARKER,DV09-063,CONTEXT
6048,268,BOILERPLATE,DV09-063,CONTEXT
6049,268,BOILERPLATE,DV09-063,CONTEXT
6050,268,BLANK,DV09-063,CONTEXT
6051,268,BOILERPLATE,DV09-063,CONTEXT
6052,268,BOILERPLATE,DV09-063,CONTEXT
6053,268,REVIEWED_TEXT,DV09-063,CONTEXT
6054,268,REVIEWED_TEXT,DV09-063,CONTEXT
6055,268,BOILERPLATE,DV09-063,CONTEXT
6056,268,REVIEWED_TEXT,DV09-063,CONTEXT
6057,268,BOILERPLATE,DV09-063,CONTEXT
6058,268,REVIEWED_TEXT,DV09-063,CONTEXT
6059,268,BOILERPLATE,DV09-063,CONTEXT
6060,268,REVIEWED_TEXT,DV09-063,CONTEXT
6061,268,BLANK,DV09-063,CONTEXT
6062,269,PAGE_MARKER,DV09-063,CONTEXT
6063,269,BOILERPLATE,DV09-063,CONTEXT
6064,269,BOILERPLATE,DV09-063,CONTEXT
6065,269,BLANK,DV09-063,CONTEXT
6066,269,BOILERPLATE,DV09-063,CONTEXT
6067,269,BOILERPLATE,DV09-063,CONTEXT
6068,269,BLANK,DV09-063,CONTEXT
6069,270,PAGE_MARKER,DV09-063,CONTEXT
6070,270,BLANK,DV09-063,CONTEXT
6071,270,BLANK,DV09-063,CONTEXT
6072,270,BLANK,DV09-063,CONTEXT
6073,270,BLANK,DV09-063,CONTEXT
6074,270,BLANK,DV09-063,CONTEXT
6075,270,BOILERPLATE,DV09-063,CONTEXT
6076,270,BOILERPLATE,DV09-063,CONTEXT
6077,270,REVIEWED_TEXT,DV09-063,CONTEXT
6078,270,REVIEWED_TEXT,DV09-063,CONTEXT
6079,270,BLANK,DV09-063,CONTEXT
6080,271,PAGE_MARKER,DV09-063,CONTEXT
6081,271,BOILERPLATE,DV09-063,CONTEXT
6082,271,BOILERPLATE,DV09-063,CONTEXT
6083,271,BLANK,DV09-063,CONTEXT
6084,271,BOILERPLATE,DV09-063,CONTEXT
6085,271,BOILERPLATE,DV09-063,CONTEXT
6086,271,BLANK,DV09-063,CONTEXT
6087,272,PAGE_MARKER,DV09-063,CONTEXT
6088,272,BOILERPLATE,DV09-063,CONTEXT
6089,272,BOILERPLATE,DV09-063,CONTEXT
6090,272,BLANK,DV09-063,CONTEXT
6091,272,BOILERPLATE,DV09-063,CONTEXT
6092,272,BOILERPLATE,DV09-063,CONTEXT
6093,272,REVIEWED_TEXT,DV09-063,CONTEXT
6094,272,REVIEWED_TEXT,DV09-063,CONTEXT
6095,272,BOILERPLATE,DV09-063,CONTEXT
6096,272,REVIEWED_TEXT,DV09-063,CONTEXT
6097,272,BOILERPLATE,DV09-063,CONTEXT
6098,272,REVIEWED_TEXT,DV09-063,CONTEXT
6099,272,BOILERPLATE,DV09-063,CONTEXT
6100,272,REVIEWED_TEXT,DV09-063,CONTEXT
6101,272,BOILERPLATE,DV09-063,CONTEXT
6102,272,REVIEWED_TEXT,DV09-063,CONTEXT
6103,272,BOILERPLATE,DV09-063,CONTEXT
6104,272,REVIEWED_TEXT,DV09-063,CONTEXT
6105,272,BOILERPLATE,DV09-063,CONTEXT
6106,272,REVIEWED_TEXT,DV09-063,CONTEXT
6107,272,BOILERPLATE,DV09-063,CONTEXT
6108,272,REVIEWED_TEXT,DV09-063,CONTEXT
6109,272,BLANK,DV09-063,CONTEXT
6110,273,PAGE_MARKER,DV09-064,PARTIAL
6111,273,BOILERPLATE,DV09-064,PARTIAL
6112,273,BOILERPLATE,DV09-064,PARTIAL
6113,273,BLANK,DV09-064,PARTIAL
6114,273,BOILERPLATE,DV09-064,PARTIAL
6115,273,BOILERPLATE,DV09-064,PARTIAL
6116,273,REVIEWED_TEXT,DV09-064,PARTIAL
6117,273,BOILERPLATE,DV09-064,PARTIAL
6118,273,REVIEWED_TEXT,DV09-064,PARTIAL
6119,273,REVIEWED_TEXT,DV09-064,PARTIAL
6120,273,BOILERPLATE,DV09-064,PARTIAL
6121,273,REVIEWED_TEXT,DV09-064,PARTIAL
6122,273,REVIEWED_TEXT,DV09-064,PARTIAL
6123,273,REVIEWED_TEXT,DV09-064,PARTIAL
6124,273,REVIEWED_TEXT,DV09-064,PARTIAL
6125,273,REVIEWED_TEXT,DV09-064,PARTIAL
6126,273,REVIEWED_TEXT,DV09-064,PARTIAL
6127,273,BLANK,DV09-064,PARTIAL
6128,274,PAGE_MARKER,DV09-064,PARTIAL
6129,274,BOILERPLATE,DV09-064,PARTIAL
6130,274,BOILERPLATE,DV09-064,PARTIAL
6131,274,BLANK,DV09-064,PARTIAL
6132,274,BOILERPLATE,DV09-064,PARTIAL
6133,274,BOILERPLATE,DV09-064,PARTIAL
6134,274,REVIEWED_TEXT,DV09-064,PARTIAL
6135,274,REVIEWED_TEXT,DV09-064,PARTIAL
6136,274,BOILERPLATE,DV09-064,PARTIAL
6137,274,REVIEWED_TEXT,DV09-064,PARTIAL
6138,274,BOILERPLATE,DV09-064,PARTIAL
6139,274,REVIEWED_TEXT,DV09-064,PARTIAL
6140,274,BOILERPLATE,DV09-064,PARTIAL
6141,274,REVIEWED_TEXT,DV09-064,PARTIAL
6142,274,BLANK,DV09-064,PARTIAL
6143,274,BLANK,DV09-064,PARTIAL
6144,275,PAGE_MARKER,DV09-065,PARTIAL
6145,275,BOILERPLATE,DV09-065,PARTIAL
6146,275,BOILERPLATE,DV09-065,PARTIAL
6147,275,BLANK,DV09-065,PARTIAL
6148,275,BOILERPLATE,DV09-065,PARTIAL
6149,275,BOILERPLATE,DV09-065,PARTIAL
6150,275,REVIEWED_TEXT,DV09-065,PARTIAL
6151,275,BLANK,DV09-065,PARTIAL
6152,275,BLANK,DV09-065,PARTIAL
6153,276,PAGE_MARKER,DV09-065,PARTIAL
6154,276,BOILERPLATE,DV09-065,PARTIAL
6155,276,BOILERPLATE,DV09-065,PARTIAL
6156,276,BLANK,DV09-065,PARTIAL
6157,276,BOILERPLATE,DV09-065,PARTIAL
6158,276,BOILERPLATE,DV09-065,PARTIAL
6159,276,REVIEWED_TEXT,DV09-065,PARTIAL
6160,276,BLANK,DV09-065,PARTIAL
6161,276,BLANK,DV09-065,PARTIAL
6162,276,BLANK,DV09-065,PARTIAL
6163,276,BLANK,DV09-065,PARTIAL
6164,276,BLANK,DV09-065,PARTIAL
6165,276,BLANK,DV09-065,PARTIAL
6166,276,REVIEWED_TEXT,DV09-065,PARTIAL
6167,276,BLANK,DV09-065,PARTIAL
6168,276,BLANK,DV09-065,PARTIAL
6169,276,REVIEWED_TEXT,DV09-065,PARTIAL
6170,276,REVIEWED_TEXT,DV09-065,PARTIAL
6171,276,BLANK,DV09-065,PARTIAL
6172,276,BLANK,DV09-065,PARTIAL
6173,276,BLANK,DV09-065,PARTIAL
6174,276,BLANK,DV09-065,PARTIAL
6175,276,REVIEWED_TEXT,DV09-065,PARTIAL
6176,276,BLANK,DV09-065,PARTIAL
6177,276,BLANK,DV09-065,PARTIAL
6178,276,BLANK,DV09-065,PARTIAL
6179,276,REVIEWED_TEXT,DV09-065,PARTIAL
6180,276,BLANK,DV09-065,PARTIAL
6181,276,BLANK,DV09-065,PARTIAL
6182,276,BLANK,DV09-065,PARTIAL
6183,276,BLANK,DV09-065,PARTIAL
6184,276,REVIEWED_TEXT,DV09-065,PARTIAL
6185,276,BLANK,DV09-065,PARTIAL
6186,276,BLANK,DV09-065,PARTIAL
6187,276,BLANK,DV09-065,PARTIAL
6188,276,BLANK,DV09-065,PARTIAL
6189,276,REVIEWED_TEXT,DV09-065,PARTIAL
6190,276,BLANK,DV09-065,PARTIAL
6191,276,BLANK,DV09-065,PARTIAL
6192,276,BLANK,DV09-065,PARTIAL
6193,276,BLANK,DV09-065,PARTIAL
6194,276,REVIEWED_TEXT,DV09-065,PARTIAL
6195,276,BLANK,DV09-065,PARTIAL
6196,276,BLANK,DV09-065,PARTIAL
6197,276,BLANK,DV09-065,PARTIAL
6198,276,BLANK,DV09-065,PARTIAL
6199,276,BLANK,DV09-065,PARTIAL
6200,276,REVIEWED_TEXT,DV09-065,PARTIAL
6201,276,BLANK,DV09-065,PARTIAL
6202,276,BLANK,DV09-065,PARTIAL
6203,276,BLANK,DV09-065,PARTIAL
6204,276,BLANK,DV09-065,PARTIAL
6205,276,REVIEWED_TEXT,DV09-065,PARTIAL
6206,276,BLANK,DV09-065,PARTIAL
6207,276,REVIEWED_TEXT,DV09-065,PARTIAL
6208,276,REVIEWED_TEXT,DV09-065,PARTIAL
6209,276,BLANK,DV09-065,PARTIAL
6210,276,REVIEWED_TEXT,DV09-065,PARTIAL
6211,276,REVIEWED_TEXT,DV09-065,PARTIAL
6212,276,BLANK,DV09-065,PARTIAL
6213,276,REVIEWED_TEXT,DV09-065,PARTIAL
6214,276,REVIEWED_TEXT,DV09-065,PARTIAL
6215,276,BLANK,DV09-065,PARTIAL
6216,276,REVIEWED_TEXT,DV09-065,PARTIAL
6217,276,BLANK,DV09-065,PARTIAL
6218,276,BLANK,DV09-065,PARTIAL
6219,276,REVIEWED_TEXT,DV09-065,PARTIAL
6220,276,REVIEWED_TEXT,DV09-065,PARTIAL
6221,276,BLANK,DV09-065,PARTIAL
6222,276,BLANK,DV09-065,PARTIAL
6223,276,REVIEWED_TEXT,DV09-065,PARTIAL
6224,276,REVIEWED_TEXT,DV09-065,PARTIAL
6225,276,BLANK,DV09-065,PARTIAL
6226,276,BLANK,DV09-065,PARTIAL
6227,276,BLANK,DV09-065,PARTIAL
6228,276,REVIEWED_TEXT,DV09-065,PARTIAL
6229,276,BLANK,DV09-065,PARTIAL
6230,276,REVIEWED_TEXT,DV09-065,PARTIAL
6231,276,REVIEWED_TEXT,DV09-065,PARTIAL
6232,276,BLANK,DV09-065,PARTIAL
6233,276,REVIEWED_TEXT,DV09-065,PARTIAL
6234,276,REVIEWED_TEXT,DV09-065,PARTIAL
6235,276,REVIEWED_TEXT,DV09-065,PARTIAL
6236,276,REVIEWED_TEXT,DV09-065,PARTIAL
6237,276,BLANK,DV09-065,PARTIAL
6238,276,BLANK,DV09-065,PARTIAL
6239,276,REVIEWED_TEXT,DV09-065,PARTIAL
6240,276,REVIEWED_TEXT,DV09-065,PARTIAL
6241,276,REVIEWED_TEXT,DV09-065,PARTIAL
6242,276,REVIEWED_TEXT,DV09-065,PARTIAL
6243,276,BLANK,DV09-065,PARTIAL
6244,276,REVIEWED_TEXT,DV09-065,PARTIAL
6245,276,BLANK,DV09-065,PARTIAL
6246,276,REVIEWED_TEXT,DV09-065,PARTIAL
6247,276,BLANK,DV09-065,PARTIAL
6248,276,REVIEWED_TEXT,DV09-065,PARTIAL
6249,276,BLANK,DV09-065,PARTIAL
6250,276,REVIEWED_TEXT,DV09-065,PARTIAL
6251,276,BLANK,DV09-065,PARTIAL
6252,276,REVIEWED_TEXT,DV09-065,PARTIAL
6253,276,BLANK,DV09-065,PARTIAL
6254,276,REVIEWED_TEXT,DV09-065,PARTIAL
6255,276,REVIEWED_TEXT,DV09-065,PARTIAL
6256,276,REVIEWED_TEXT,DV09-065,PARTIAL
6257,276,BLANK,DV09-065,PARTIAL
6258,276,BLANK,DV09-065,PARTIAL
6259,276,BLANK,DV09-065,PARTIAL
6260,276,REVIEWED_TEXT,DV09-065,PARTIAL
6261,276,REVIEWED_TEXT,DV09-065,PARTIAL
6262,276,REVIEWED_TEXT,DV09-065,PARTIAL
6263,276,REVIEWED_TEXT,DV09-065,PARTIAL
6264,276,REVIEWED_TEXT,DV09-065,PARTIAL
6265,276,REVIEWED_TEXT,DV09-065,PARTIAL
6266,276,REVIEWED_TEXT,DV09-065,PARTIAL
6267,276,REVIEWED_TEXT,DV09-065,PARTIAL
6268,276,BLANK,DV09-065,PARTIAL
6269,276,BLANK,DV09-065,PARTIAL
6270,277,PAGE_MARKER,DV09-065,PARTIAL
6271,277,BOILERPLATE,DV09-065,PARTIAL
6272,277,BOILERPLATE,DV09-065,PARTIAL
6273,277,BLANK,DV09-065,PARTIAL
6274,277,BOILERPLATE,DV09-065,PARTIAL
6275,277,BOILERPLATE,DV09-065,PARTIAL
6276,277,REVIEWED_TEXT,DV09-065,PARTIAL
6277,277,REVIEWED_TEXT,DV09-065,PARTIAL
6278,277,REVIEWED_TEXT,DV09-065,PARTIAL
6279,277,REVIEWED_TEXT,DV09-065,PARTIAL
6280,277,BOILERPLATE,DV09-065,PARTIAL
6281,277,REVIEWED_TEXT,DV09-065,PARTIAL
6282,277,BOILERPLATE,DV09-065,PARTIAL
6283,277,REVIEWED_TEXT,DV09-065,PARTIAL
6284,277,BOILERPLATE,DV09-065,PARTIAL
6285,277,REVIEWED_TEXT,DV09-065,PARTIAL
6286,277,REVIEWED_TEXT,DV09-065,PARTIAL
6287,277,BOILERPLATE,DV09-065,PARTIAL
6288,277,REVIEWED_TEXT,DV09-065,PARTIAL
6289,277,REVIEWED_TEXT,DV09-065,PARTIAL
6290,277,BOILERPLATE,DV09-065,PARTIAL
6291,277,REVIEWED_TEXT,DV09-065,PARTIAL
6292,277,BLANK,DV09-065,PARTIAL
6293,278,PAGE_MARKER,DV09-065,PARTIAL
6294,278,BOILERPLATE,DV09-065,PARTIAL
6295,278,BOILERPLATE,DV09-065,PARTIAL
6296,278,BLANK,DV09-065,PARTIAL
6297,278,BOILERPLATE,DV09-065,PARTIAL
6298,278,BOILERPLATE,DV09-065,PARTIAL
6299,278,REVIEWED_TEXT,DV09-065,PARTIAL
6300,278,REVIEWED_TEXT,DV09-065,PARTIAL
6301,278,REVIEWED_TEXT,DV09-065,PARTIAL
6302,278,REVIEWED_TEXT,DV09-065,PARTIAL
6303,278,BOILERPLATE,DV09-065,PARTIAL
6304,278,REVIEWED_TEXT,DV09-065,PARTIAL
6305,278,REVIEWED_TEXT,DV09-065,PARTIAL
6306,278,BOILERPLATE,DV09-065,PARTIAL
6307,278,REVIEWED_TEXT,DV09-065,PARTIAL
6308,278,REVIEWED_TEXT,DV09-065,PARTIAL
6309,278,BOILERPLATE,DV09-065,PARTIAL
6310,278,REVIEWED_TEXT,DV09-065,PARTIAL
6311,278,REVIEWED_TEXT,DV09-065,PARTIAL
6312,278,REVIEWED_TEXT,DV09-065,PARTIAL
6313,278,BOILERPLATE,DV09-065,PARTIAL
6314,278,REVIEWED_TEXT,DV09-065,PARTIAL
6315,278,REVIEWED_TEXT,DV09-065,PARTIAL
6316,278,BLANK,DV09-065,PARTIAL
6317,279,PAGE_MARKER,DV09-066,PARTIAL
6318,279,BOILERPLATE,DV09-066,PARTIAL
6319,279,BOILERPLATE,DV09-066,PARTIAL
6320,279,BLANK,DV09-066,PARTIAL
6321,279,BOILERPLATE,DV09-066,PARTIAL
6322,279,BOILERPLATE,DV09-066,PARTIAL
6323,279,REVIEWED_TEXT,DV09-066,PARTIAL
6324,279,REVIEWED_TEXT,DV09-066,PARTIAL
6325,279,REVIEWED_TEXT,DV09-066,PARTIAL
6326,279,REVIEWED_TEXT,DV09-066,PARTIAL
6327,279,BLANK,DV09-066,PARTIAL
6328,280,PAGE_MARKER,DV09-066,PARTIAL
6329,280,BOILERPLATE,DV09-066,PARTIAL
6330,280,BOILERPLATE,DV09-066,PARTIAL
6331,280,BLANK,DV09-066,PARTIAL
6332,280,BOILERPLATE,DV09-066,PARTIAL
6333,280,BOILERPLATE,DV09-066,PARTIAL
6334,280,REVIEWED_TEXT,DV09-066,PARTIAL
6335,280,REVIEWED_TEXT,DV09-066,PARTIAL
6336,280,REVIEWED_TEXT,DV09-066,PARTIAL
6337,280,BLANK,DV09-066,PARTIAL
6338,281,PAGE_MARKER,DV09-067,PARTIAL
6339,281,BOILERPLATE,DV09-067,PARTIAL
6340,281,BOILERPLATE,DV09-067,PARTIAL
6341,281,BLANK,DV09-067,PARTIAL
6342,281,BOILERPLATE,DV09-067,PARTIAL
6343,281,BOILERPLATE,DV09-067,PARTIAL
6344,281,REVIEWED_TEXT,DV09-067,PARTIAL
6345,281,REVIEWED_TEXT,DV09-067,PARTIAL
6346,281,REVIEWED_TEXT,DV09-067,PARTIAL
6347,281,BLANK,DV09-067,PARTIAL
6348,282,PAGE_MARKER,DV09-067,PARTIAL
6349,282,BOILERPLATE,DV09-067,PARTIAL
6350,282,BOILERPLATE,DV09-067,PARTIAL
6351,282,BLANK,DV09-067,PARTIAL
6352,282,BOILERPLATE,DV09-067,PARTIAL
6353,282,BOILERPLATE,DV09-067,PARTIAL
6354,282,REVIEWED_TEXT,DV09-067,PARTIAL
6355,282,REVIEWED_TEXT,DV09-067,PARTIAL
6356,282,REVIEWED_TEXT,DV09-067,PARTIAL
6357,282,REVIEWED_TEXT,DV09-067,PARTIAL
6358,282,BLANK,DV09-067,PARTIAL
6359,283,PAGE_MARKER,DV09-067,PARTIAL
6360,283,BOILERPLATE,DV09-067,PARTIAL
6361,283,BOILERPLATE,DV09-067,PARTIAL
6362,283,BLANK,DV09-067,PARTIAL
6363,283,BOILERPLATE,DV09-067,PARTIAL
6364,283,BOILERPLATE,DV09-067,PARTIAL
6365,283,REVIEWED_TEXT,DV09-067,PARTIAL
6366,283,REVIEWED_TEXT,DV09-067,PARTIAL
6367,283,REVIEWED_TEXT,DV09-067,PARTIAL
6368,283,REVIEWED_TEXT,DV09-067,PARTIAL
6369,283,BLANK,DV09-067,PARTIAL
6370,284,PAGE_MARKER,DV09-068,PARTIAL
6371,284,BOILERPLATE,DV09-068,PARTIAL
6372,284,BOILERPLATE,DV09-068,PARTIAL
6373,284,BLANK,DV09-068,PARTIAL
6374,284,BOILERPLATE,DV09-068,PARTIAL
6375,284,BOILERPLATE,DV09-068,PARTIAL
6376,284,REVIEWED_TEXT,DV09-068,PARTIAL
6377,284,REVIEWED_TEXT,DV09-068,PARTIAL
6378,284,REVIEWED_TEXT,DV09-068,PARTIAL
6379,284,REVIEWED_TEXT,DV09-068,PARTIAL
6380,284,REVIEWED_TEXT,DV09-068,PARTIAL
6381,284,REVIEWED_TEXT,DV09-068,PARTIAL
6382,284,REVIEWED_TEXT,DV09-068,PARTIAL
6383,284,REVIEWED_TEXT,DV09-068,PARTIAL
6384,284,REVIEWED_TEXT,DV09-068,PARTIAL
6385,284,REVIEWED_TEXT,DV09-068,PARTIAL
6386,284,BLANK,DV09-068,PARTIAL
6387,285,PAGE_MARKER,DV09-068,PARTIAL
6388,285,BOILERPLATE,DV09-068,PARTIAL
6389,285,BOILERPLATE,DV09-068,PARTIAL
6390,285,BLANK,DV09-068,PARTIAL
6391,285,BOILERPLATE,DV09-068,PARTIAL
6392,285,BOILERPLATE,DV09-068,PARTIAL
6393,285,REVIEWED_TEXT,DV09-068,PARTIAL
6394,285,REVIEWED_TEXT,DV09-068,PARTIAL
6395,285,REVIEWED_TEXT,DV09-068,PARTIAL
6396,285,REVIEWED_TEXT,DV09-068,PARTIAL
6397,285,REVIEWED_TEXT,DV09-068,PARTIAL
6398,285,REVIEWED_TEXT,DV09-068,PARTIAL
6399,285,REVIEWED_TEXT,DV09-068,PARTIAL
6400,285,REVIEWED_TEXT,DV09-068,PARTIAL
6401,285,REVIEWED_TEXT,DV09-068,PARTIAL
6402,285,REVIEWED_TEXT,DV09-068,PARTIAL
6403,285,REVIEWED_TEXT,DV09-068,PARTIAL
6404,285,BLANK,DV09-068,PARTIAL
6405,286,PAGE_MARKER,DV09-069,PARTIAL
6406,286,BOILERPLATE,DV09-069,PARTIAL
6407,286,BOILERPLATE,DV09-069,PARTIAL
6408,286,BLANK,DV09-069,PARTIAL
6409,286,BOILERPLATE,DV09-069,PARTIAL
6410,286,BOILERPLATE,DV09-069,PARTIAL
6411,286,REVIEWED_TEXT,DV09-069,PARTIAL
6412,286,REVIEWED_TEXT,DV09-069,PARTIAL
6413,286,REVIEWED_TEXT,DV09-069,PARTIAL
6414,286,REVIEWED_TEXT,DV09-069,PARTIAL
6415,286,REVIEWED_TEXT,DV09-069,PARTIAL
6416,286,REVIEWED_TEXT,DV09-069,PARTIAL
6417,286,REVIEWED_TEXT,DV09-069,PARTIAL
6418,286,REVIEWED_TEXT,DV09-069,PARTIAL
6419,286,REVIEWED_TEXT,DV09-069,PARTIAL
6420,286,REVIEWED_TEXT,DV09-069,PARTIAL
6421,286,BLANK,DV09-069,PARTIAL
6422,287,PAGE_MARKER,DV09-069,PARTIAL
6423,287,BOILERPLATE,DV09-069,PARTIAL
6424,287,BOILERPLATE,DV09-069,PARTIAL
6425,287,BLANK,DV09-069,PARTIAL
6426,287,BOILERPLATE,DV09-069,PARTIAL
6427,287,BOILERPLATE,DV09-069,PARTIAL
6428,287,REVIEWED_TEXT,DV09-069,PARTIAL
6429,287,REVIEWED_TEXT,DV09-069,PARTIAL
6430,287,REVIEWED_TEXT,DV09-069,PARTIAL
6431,287,BLANK,DV09-069,PARTIAL
6432,288,PAGE_MARKER,DV09-069,PARTIAL
6433,288,BOILERPLATE,DV09-069,PARTIAL
6434,288,BOILERPLATE,DV09-069,PARTIAL
6435,288,BLANK,DV09-069,PARTIAL
6436,288,BOILERPLATE,DV09-069,PARTIAL
6437,288,BOILERPLATE,DV09-069,PARTIAL
6438,288,REVIEWED_TEXT,DV09-069,PARTIAL
6439,288,REVIEWED_TEXT,DV09-069,PARTIAL
6440,288,REVIEWED_TEXT,DV09-069,PARTIAL
6441,288,BLANK,DV09-069,PARTIAL
6442,288,BLANK,DV09-069,PARTIAL
6443,288,BLANK,DV09-069,PARTIAL
6444,288,BLANK,DV09-069,PARTIAL
6445,288,BLANK,DV09-069,PARTIAL
6446,288,BLANK,DV09-069,PARTIAL
6447,288,BLANK,DV09-069,PARTIAL
6448,288,BLANK,DV09-069,PARTIAL
6449,288,REVIEWED_TEXT,DV09-069,PARTIAL
6450,288,REVIEWED_TEXT,DV09-069,PARTIAL
6451,288,REVIEWED_TEXT,DV09-069,PARTIAL
6452,288,REVIEWED_TEXT,DV09-069,PARTIAL
6453,288,BLANK,DV09-069,PARTIAL
6454,288,BLANK,DV09-069,PARTIAL
6455,288,REVIEWED_TEXT,DV09-069,PARTIAL
6456,288,REVIEWED_TEXT,DV09-069,PARTIAL
6457,288,BLANK,DV09-069,PARTIAL
6458,288,REVIEWED_TEXT,DV09-069,PARTIAL
6459,288,BLANK,DV09-069,PARTIAL
6460,288,REVIEWED_TEXT,DV09-069,PARTIAL
6461,288,REVIEWED_TEXT,DV09-069,PARTIAL
6462,288,BLANK,DV09-069,PARTIAL
6463,289,PAGE_MARKER,DV09-069,PARTIAL
6464,289,BOILERPLATE,DV09-069,PARTIAL
6465,289,BOILERPLATE,DV09-069,PARTIAL
6466,289,BLANK,DV09-069,PARTIAL
6467,289,BOILERPLATE,DV09-069,PARTIAL
6468,289,BOILERPLATE,DV09-069,PARTIAL
6469,289,REVIEWED_TEXT,DV09-069,PARTIAL
6470,289,REVIEWED_TEXT,DV09-069,PARTIAL
6471,289,REVIEWED_TEXT,DV09-069,PARTIAL
6472,289,BLANK,DV09-069,PARTIAL
6473,289,REVIEWED_TEXT,DV09-069,PARTIAL
6474,289,BLANK,DV09-069,PARTIAL
6475,289,BLANK,DV09-069,PARTIAL
6476,289,BLANK,DV09-069,PARTIAL
6477,290,PAGE_MARKER,DV09-069,PARTIAL
6478,290,BOILERPLATE,DV09-069,PARTIAL
6479,290,BOILERPLATE,DV09-069,PARTIAL
6480,290,BLANK,DV09-069,PARTIAL
6481,290,BOILERPLATE,DV09-069,PARTIAL
6482,290,BOILERPLATE,DV09-069,PARTIAL
6483,290,REVIEWED_TEXT,DV09-069,PARTIAL
6484,290,REVIEWED_TEXT,DV09-069,PARTIAL
6485,290,REVIEWED_TEXT,DV09-069,PARTIAL
6486,290,BLANK,DV09-069,PARTIAL
6487,291,PAGE_MARKER,DV09-070,PARTIAL
6488,291,BOILERPLATE,DV09-070,PARTIAL
6489,291,BOILERPLATE,DV09-070,PARTIAL
6490,291,BLANK,DV09-070,PARTIAL
6491,291,BOILERPLATE,DV09-070,PARTIAL
6492,291,BOILERPLATE,DV09-070,PARTIAL
6493,291,REVIEWED_TEXT,DV09-070,PARTIAL
6494,291,REVIEWED_TEXT,DV09-070,PARTIAL
6495,291,REVIEWED_TEXT,DV09-070,PARTIAL
6496,291,BLANK,DV09-070,PARTIAL
6497,291,REVIEWED_TEXT,DV09-070,PARTIAL
6498,291,REVIEWED_TEXT,DV09-070,PARTIAL
6499,291,REVIEWED_TEXT,DV09-070,PARTIAL
6500,291,REVIEWED_TEXT,DV09-070,PARTIAL
6501,291,REVIEWED_TEXT,DV09-070,PARTIAL
6502,291,REVIEWED_TEXT,DV09-070,PARTIAL
6503,291,REVIEWED_TEXT,DV09-070,PARTIAL
6504,291,REVIEWED_TEXT,DV09-070,PARTIAL
6505,291,REVIEWED_TEXT,DV09-070,PARTIAL
6506,291,BLANK,DV09-070,PARTIAL
6507,292,PAGE_MARKER,DV09-070,PARTIAL
6508,292,BOILERPLATE,DV09-070,PARTIAL
6509,292,BOILERPLATE,DV09-070,PARTIAL
6510,292,BLANK,DV09-070,PARTIAL
6511,292,BOILERPLATE,DV09-070,PARTIAL
6512,292,BOILERPLATE,DV09-070,PARTIAL
6513,292,REVIEWED_TEXT,DV09-070,PARTIAL
6514,292,REVIEWED_TEXT,DV09-070,PARTIAL
6515,292,REVIEWED_TEXT,DV09-070,PARTIAL
6516,292,REVIEWED_TEXT,DV09-070,PARTIAL
6517,292,REVIEWED_TEXT,DV09-070,PARTIAL
6518,292,REVIEWED_TEXT,DV09-070,PARTIAL
6519,292,BLANK,DV09-070,PARTIAL
6520,292,BLANK,DV09-070,PARTIAL
6521,292,BLANK,DV09-070,PARTIAL
6522,292,BLANK,DV09-070,PARTIAL
6523,292,BLANK,DV09-070,PARTIAL
6524,292,REVIEWED_TEXT,DV09-070,PARTIAL
6525,292,REVIEWED_TEXT,DV09-070,PARTIAL
6526,292,BLANK,DV09-070,PARTIAL
6527,292,REVIEWED_TEXT,DV09-070,PARTIAL
6528,292,REVIEWED_TEXT,DV09-070,PARTIAL
6529,292,REVIEWED_TEXT,DV09-070,PARTIAL
6530,292,BLANK,DV09-070,PARTIAL
6531,292,BLANK,DV09-070,PARTIAL
6532,293,PAGE_MARKER,DV09-071,PARTIAL
6533,293,BOILERPLATE,DV09-071,PARTIAL
6534,293,BOILERPLATE,DV09-071,PARTIAL
6535,293,BLANK,DV09-071,PARTIAL
6536,293,BOILERPLATE,DV09-071,PARTIAL
6537,293,BOILERPLATE,DV09-071,PARTIAL
6538,293,REVIEWED_TEXT,DV09-071,PARTIAL
6539,293,REVIEWED_TEXT,DV09-071,PARTIAL
6540,293,REVIEWED_TEXT,DV09-071,PARTIAL
6541,293,REVIEWED_TEXT,DV09-071,PARTIAL
6542,293,REVIEWED_TEXT,DV09-071,PARTIAL
6543,293,REVIEWED_TEXT,DV09-071,PARTIAL
6544,293,BLANK,DV09-071,PARTIAL
6545,293,REVIEWED_TEXT,DV09-071,PARTIAL
6546,293,REVIEWED_TEXT,DV09-071,PARTIAL
6547,293,REVIEWED_TEXT,DV09-071,PARTIAL
6548,293,REVIEWED_TEXT,DV09-071,PARTIAL
6549,293,REVIEWED_TEXT,DV09-071,PARTIAL
6550,293,REVIEWED_TEXT,DV09-071,PARTIAL
6551,293,REVIEWED_TEXT,DV09-071,PARTIAL
6552,293,BLANK,DV09-071,PARTIAL
6553,294,PAGE_MARKER,DV09-071,PARTIAL
6554,294,BOILERPLATE,DV09-071,PARTIAL
6555,294,BOILERPLATE,DV09-071,PARTIAL
6556,294,BLANK,DV09-071,PARTIAL
6557,294,BOILERPLATE,DV09-071,PARTIAL
6558,294,BOILERPLATE,DV09-071,PARTIAL
6559,294,REVIEWED_TEXT,DV09-071,PARTIAL
6560,294,REVIEWED_TEXT,DV09-071,PARTIAL
6561,294,REVIEWED_TEXT,DV09-071,PARTIAL
6562,294,REVIEWED_TEXT,DV09-071,PARTIAL
6563,294,REVIEWED_TEXT,DV09-071,PARTIAL
6564,294,REVIEWED_TEXT,DV09-071,PARTIAL
6565,294,REVIEWED_TEXT,DV09-071,PARTIAL
6566,294,REVIEWED_TEXT,DV09-071,PARTIAL
6567,294,REVIEWED_TEXT,DV09-071,PARTIAL
6568,294,REVIEWED_TEXT,DV09-071,PARTIAL
6569,294,REVIEWED_TEXT,DV09-071,PARTIAL
6570,294,REVIEWED_TEXT,DV09-071,PARTIAL
6571,294,REVIEWED_TEXT,DV09-071,PARTIAL
6572,294,REVIEWED_TEXT,DV09-071,PARTIAL
6573,294,REVIEWED_TEXT,DV09-071,PARTIAL
6574,294,REVIEWED_TEXT,DV09-071,PARTIAL
6575,294,REVIEWED_TEXT,DV09-071,PARTIAL
6576,294,REVIEWED_TEXT,DV09-071,PARTIAL
6577,294,BLANK,DV09-071,PARTIAL
6578,295,PAGE_MARKER,DV09-072,PARTIAL
6579,295,BOILERPLATE,DV09-072,PARTIAL
6580,295,BOILERPLATE,DV09-072,PARTIAL
6581,295,BLANK,DV09-072,PARTIAL
6582,295,BOILERPLATE,DV09-072,PARTIAL
6583,295,BOILERPLATE,DV09-072,PARTIAL
6584,295,REVIEWED_TEXT,DV09-072,PARTIAL
6585,295,BLANK,DV09-072,PARTIAL
6586,295,REVIEWED_TEXT,DV09-072,PARTIAL
6587,295,REVIEWED_TEXT,DV09-072,PARTIAL
6588,295,REVIEWED_TEXT,DV09-072,PARTIAL
6589,295,REVIEWED_TEXT,DV09-072,PARTIAL
6590,295,REVIEWED_TEXT,DV09-072,PARTIAL
6591,295,REVIEWED_TEXT,DV09-072,PARTIAL
6592,295,REVIEWED_TEXT,DV09-072,PARTIAL
6593,295,BLANK,DV09-072,PARTIAL
6594,296,PAGE_MARKER,DV09-072,PARTIAL
6595,296,BOILERPLATE,DV09-072,PARTIAL
6596,296,BOILERPLATE,DV09-072,PARTIAL
6597,296,BLANK,DV09-072,PARTIAL
6598,296,BOILERPLATE,DV09-072,PARTIAL
6599,296,BOILERPLATE,DV09-072,PARTIAL
6600,296,REVIEWED_TEXT,DV09-072,PARTIAL
6601,296,BLANK,DV09-072,PARTIAL
6602,296,REVIEWED_TEXT,DV09-072,PARTIAL
6603,296,REVIEWED_TEXT,DV09-072,PARTIAL
6604,296,BLANK,DV09-072,PARTIAL
6605,297,PAGE_MARKER,DV09-072,PARTIAL
6606,297,BOILERPLATE,DV09-072,PARTIAL
6607,297,BOILERPLATE,DV09-072,PARTIAL
6608,297,BLANK,DV09-072,PARTIAL
6609,297,BOILERPLATE,DV09-072,PARTIAL
6610,297,BOILERPLATE,DV09-072,PARTIAL
6611,297,REVIEWED_TEXT,DV09-072,PARTIAL
6612,297,BLANK,DV09-072,PARTIAL
6613,297,REVIEWED_TEXT,DV09-072,PARTIAL
6614,297,REVIEWED_TEXT,DV09-072,PARTIAL
6615,297,REVIEWED_TEXT,DV09-072,PARTIAL
6616,297,REVIEWED_TEXT,DV09-072,PARTIAL
6617,297,REVIEWED_TEXT,DV09-072,PARTIAL
6618,297,REVIEWED_TEXT,DV09-072,PARTIAL
6619,297,REVIEWED_TEXT,DV09-072,PARTIAL
6620,297,REVIEWED_TEXT,DV09-072,PARTIAL
6621,297,REVIEWED_TEXT,DV09-072,PARTIAL
6622,297,REVIEWED_TEXT,DV09-072,PARTIAL
6623,297,REVIEWED_TEXT,DV09-072,PARTIAL
6624,297,BLANK,DV09-072,PARTIAL
6625,298,PAGE_MARKER,DV09-073,CONTEXT
6626,298,BOILERPLATE,DV09-073,CONTEXT
6627,298,BOILERPLATE,DV09-073,CONTEXT
6628,298,BLANK,DV09-073,CONTEXT
6629,298,BOILERPLATE,DV09-073,CONTEXT
6630,298,BOILERPLATE,DV09-073,CONTEXT
6631,298,REVIEWED_TEXT,DV09-073,CONTEXT
6632,298,REVIEWED_TEXT,DV09-073,CONTEXT
6633,298,BOILERPLATE,DV09-073,CONTEXT
6634,298,REVIEWED_TEXT,DV09-073,CONTEXT
6635,298,BOILERPLATE,DV09-073,CONTEXT
6636,298,REVIEWED_TEXT,DV09-073,CONTEXT
6637,298,BOILERPLATE,DV09-073,CONTEXT
6638,298,REVIEWED_TEXT,DV09-073,CONTEXT
6639,298,BOILERPLATE,DV09-073,CONTEXT
6640,298,REVIEWED_TEXT,DV09-073,CONTEXT
6641,298,BOILERPLATE,DV09-073,CONTEXT
6642,298,REVIEWED_TEXT,DV09-073,CONTEXT
6643,298,BOILERPLATE,DV09-073,CONTEXT
6644,298,REVIEWED_TEXT,DV09-073,CONTEXT
6645,298,BOILERPLATE,DV09-073,CONTEXT
6646,298,REVIEWED_TEXT,DV09-073,CONTEXT
6647,298,BLANK,DV09-073,CONTEXT
6648,299,PAGE_MARKER,DV09-073,CONTEXT
6649,299,BOILERPLATE,DV09-073,CONTEXT
6650,299,BOILERPLATE,DV09-073,CONTEXT
6651,299,BLANK,DV09-073,CONTEXT
6652,299,BOILERPLATE,DV09-073,CONTEXT
6653,299,BOILERPLATE,DV09-073,CONTEXT
6654,299,BLANK,DV09-073,CONTEXT
6655,300,PAGE_MARKER,DV09-073,CONTEXT
6656,300,BLANK,DV09-073,CONTEXT
6657,300,BLANK,DV09-073,CONTEXT
6658,300,BLANK,DV09-073,CONTEXT
6659,300,BLANK,DV09-073,CONTEXT
6660,300,BLANK,DV09-073,CONTEXT
6661,300,BOILERPLATE,DV09-073,CONTEXT
6662,300,BOILERPLATE,DV09-073,CONTEXT
6663,300,REVIEWED_TEXT,DV09-073,CONTEXT
6664,300,BLANK,DV09-073,CONTEXT
6665,301,PAGE_MARKER,DV09-073,CONTEXT
6666,301,BOILERPLATE,DV09-073,CONTEXT
6667,301,BOILERPLATE,DV09-073,CONTEXT
6668,301,BLANK,DV09-073,CONTEXT
6669,301,BOILERPLATE,DV09-073,CONTEXT
6670,301,BOILERPLATE,DV09-073,CONTEXT
6671,301,BLANK,DV09-073,CONTEXT
6672,302,PAGE_MARKER,DV09-073,CONTEXT
6673,302,BOILERPLATE,DV09-073,CONTEXT
6674,302,BOILERPLATE,DV09-073,CONTEXT
6675,302,BLANK,DV09-073,CONTEXT
6676,302,BOILERPLATE,DV09-073,CONTEXT
6677,302,BOILERPLATE,DV09-073,CONTEXT
6678,302,REVIEWED_TEXT,DV09-073,CONTEXT
6679,302,REVIEWED_TEXT,DV09-073,CONTEXT
6680,302,BOILERPLATE,DV09-073,CONTEXT
6681,302,REVIEWED_TEXT,DV09-073,CONTEXT
6682,302,BOILERPLATE,DV09-073,CONTEXT
6683,302,REVIEWED_TEXT,DV09-073,CONTEXT
6684,302,BOILERPLATE,DV09-073,CONTEXT
6685,302,REVIEWED_TEXT,DV09-073,CONTEXT
6686,302,BOILERPLATE,DV09-073,CONTEXT
6687,302,REVIEWED_TEXT,DV09-073,CONTEXT
6688,302,BOILERPLATE,DV09-073,CONTEXT
6689,302,REVIEWED_TEXT,DV09-073,CONTEXT
6690,302,BOILERPLATE,DV09-073,CONTEXT
6691,302,REVIEWED_TEXT,DV09-073,CONTEXT
6692,302,BOILERPLATE,DV09-073,CONTEXT
6693,302,REVIEWED_TEXT,DV09-073,CONTEXT
6694,302,BOILERPLATE,DV09-073,CONTEXT
6695,302,REVIEWED_TEXT,DV09-073,CONTEXT
6696,302,BOILERPLATE,DV09-073,CONTEXT
6697,302,REVIEWED_TEXT,DV09-073,CONTEXT
6698,302,BOILERPLATE,DV09-073,CONTEXT
6699,302,REVIEWED_TEXT,DV09-073,CONTEXT
6700,302,BOILERPLATE,DV09-073,CONTEXT
6701,302,REVIEWED_TEXT,DV09-073,CONTEXT
6702,302,BLANK,DV09-073,CONTEXT
6703,303,PAGE_MARKER,DV09-074,VERIFIED_SUBSET
6704,303,BOILERPLATE,DV09-074,VERIFIED_SUBSET
6705,303,BOILERPLATE,DV09-074,VERIFIED_SUBSET
6706,303,BLANK,DV09-074,VERIFIED_SUBSET
6707,303,BOILERPLATE,DV09-074,VERIFIED_SUBSET
6708,303,BOILERPLATE,DV09-074,VERIFIED_SUBSET
6709,303,REVIEWED_TEXT,DV09-074,VERIFIED_SUBSET
6710,303,REVIEWED_TEXT,DV09-074,VERIFIED_SUBSET
6711,303,REVIEWED_TEXT,DV09-074,VERIFIED_SUBSET
6712,303,REVIEWED_TEXT,DV09-074,VERIFIED_SUBSET
6713,303,BLANK,DV09-074,VERIFIED_SUBSET
6714,304,PAGE_MARKER,DV09-074,VERIFIED_SUBSET
6715,304,BOILERPLATE,DV09-074,VERIFIED_SUBSET
6716,304,BOILERPLATE,DV09-074,VERIFIED_SUBSET
6717,304,BLANK,DV09-074,VERIFIED_SUBSET
6718,304,BOILERPLATE,DV09-074,VERIFIED_SUBSET
6719,304,BOILERPLATE,DV09-074,VERIFIED_SUBSET
6720,304,REVIEWED_TEXT,DV09-074,VERIFIED_SUBSET
6721,304,BOILERPLATE,DV09-074,VERIFIED_SUBSET
6722,304,REVIEWED_TEXT,DV09-074,VERIFIED_SUBSET
6723,304,REVIEWED_TEXT,DV09-074,VERIFIED_SUBSET
6724,304,BLANK,DV09-074,VERIFIED_SUBSET
6725,304,REVIEWED_TEXT,DV09-074,VERIFIED_SUBSET
6726,304,BOILERPLATE,DV09-074,VERIFIED_SUBSET
6727,304,REVIEWED_TEXT,DV09-074,VERIFIED_SUBSET
6728,304,REVIEWED_TEXT,DV09-074,VERIFIED_SUBSET
6729,304,BLANK,DV09-074,VERIFIED_SUBSET
6730,304,REVIEWED_TEXT,DV09-074,VERIFIED_SUBSET
6731,304,BOILERPLATE,DV09-074,VERIFIED_SUBSET
6732,304,REVIEWED_TEXT,DV09-074,VERIFIED_SUBSET
6733,304,REVIEWED_TEXT,DV09-074,VERIFIED_SUBSET
6734,304,BLANK,DV09-074,VERIFIED_SUBSET
6735,304,REVIEWED_TEXT,DV09-074,VERIFIED_SUBSET
6736,304,BLANK,DV09-074,VERIFIED_SUBSET
6737,305,PAGE_MARKER,DV09-074,VERIFIED_SUBSET
6738,305,BOILERPLATE,DV09-074,VERIFIED_SUBSET
6739,305,BOILERPLATE,DV09-074,VERIFIED_SUBSET
6740,305,BLANK,DV09-074,VERIFIED_SUBSET
6741,305,BOILERPLATE,DV09-074,VERIFIED_SUBSET
6742,305,BOILERPLATE,DV09-074,VERIFIED_SUBSET
6743,305,REVIEWED_TEXT,DV09-074,VERIFIED_SUBSET
6744,305,BOILERPLATE,DV09-074,VERIFIED_SUBSET
6745,305,REVIEWED_TEXT,DV09-074,VERIFIED_SUBSET
6746,305,BLANK,DV09-074,VERIFIED_SUBSET
6747,305,REVIEWED_TEXT,DV09-074,VERIFIED_SUBSET
6748,305,BOILERPLATE,DV09-074,VERIFIED_SUBSET
6749,305,REVIEWED_TEXT,DV09-074,VERIFIED_SUBSET
6750,305,REVIEWED_TEXT,DV09-074,VERIFIED_SUBSET
6751,305,BOILERPLATE,DV09-074,VERIFIED_SUBSET
6752,305,REVIEWED_TEXT,DV09-074,VERIFIED_SUBSET
6753,305,BLANK,DV09-074,VERIFIED_SUBSET
6754,305,REVIEWED_TEXT,DV09-074,VERIFIED_SUBSET
6755,305,BOILERPLATE,DV09-074,VERIFIED_SUBSET
6756,305,REVIEWED_TEXT,DV09-074,VERIFIED_SUBSET
6757,305,REVIEWED_TEXT,DV09-074,VERIFIED_SUBSET
6758,305,BOILERPLATE,DV09-074,VERIFIED_SUBSET
6759,305,REVIEWED_TEXT,DV09-074,VERIFIED_SUBSET
6760,305,REVIEWED_TEXT,DV09-074,VERIFIED_SUBSET
6761,305,BLANK,DV09-074,VERIFIED_SUBSET
6762,306,PAGE_MARKER,DV09-074,VERIFIED_SUBSET
6763,306,BOILERPLATE,DV09-074,VERIFIED_SUBSET
6764,306,BOILERPLATE,DV09-074,VERIFIED_SUBSET
6765,306,BLANK,DV09-074,VERIFIED_SUBSET
6766,306,BOILERPLATE,DV09-074,VERIFIED_SUBSET
6767,306,BOILERPLATE,DV09-074,VERIFIED_SUBSET
6768,306,REVIEWED_TEXT,DV09-074,VERIFIED_SUBSET
6769,306,BOILERPLATE,DV09-074,VERIFIED_SUBSET
6770,306,REVIEWED_TEXT,DV09-074,VERIFIED_SUBSET
6771,306,BOILERPLATE,DV09-074,VERIFIED_SUBSET
6772,306,REVIEWED_TEXT,DV09-074,VERIFIED_SUBSET
6773,306,REVIEWED_TEXT,DV09-074,VERIFIED_SUBSET
6774,306,BOILERPLATE,DV09-074,VERIFIED_SUBSET
6775,306,REVIEWED_TEXT,DV09-074,VERIFIED_SUBSET
6776,306,REVIEWED_TEXT,DV09-074,VERIFIED_SUBSET
6777,306,BOILERPLATE,DV09-074,VERIFIED_SUBSET
6778,306,REVIEWED_TEXT,DV09-074,VERIFIED_SUBSET
6779,306,REVIEWED_TEXT,DV09-074,VERIFIED_SUBSET
6780,306,BOILERPLATE,DV09-074,VERIFIED_SUBSET
6781,306,REVIEWED_TEXT,DV09-074,VERIFIED_SUBSET
6782,306,REVIEWED_TEXT,DV09-074,VERIFIED_SUBSET
6783,306,BLANK,DV09-074,VERIFIED_SUBSET
6784,307,PAGE_MARKER,DV09-075,VERIFIED_SUBSET
6785,307,BOILERPLATE,DV09-075,VERIFIED_SUBSET
6786,307,BOILERPLATE,DV09-075,VERIFIED_SUBSET
6787,307,BLANK,DV09-075,VERIFIED_SUBSET
6788,307,BOILERPLATE,DV09-075,VERIFIED_SUBSET
6789,307,BOILERPLATE,DV09-075,VERIFIED_SUBSET
6790,307,REVIEWED_TEXT,DV09-075,VERIFIED_SUBSET
6791,307,REVIEWED_TEXT,DV09-075,VERIFIED_SUBSET
6792,307,REVIEWED_TEXT,DV09-075,VERIFIED_SUBSET
6793,307,REVIEWED_TEXT,DV09-075,VERIFIED_SUBSET
6794,307,BLANK,DV09-075,VERIFIED_SUBSET
6795,308,PAGE_MARKER,DV09-075,VERIFIED_SUBSET
6796,308,BOILERPLATE,DV09-075,VERIFIED_SUBSET
6797,308,BOILERPLATE,DV09-075,VERIFIED_SUBSET
6798,308,BLANK,DV09-075,VERIFIED_SUBSET
6799,308,BOILERPLATE,DV09-075,VERIFIED_SUBSET
6800,308,BOILERPLATE,DV09-075,VERIFIED_SUBSET
6801,308,REVIEWED_TEXT,DV09-075,VERIFIED_SUBSET
6802,308,REVIEWED_TEXT,DV09-075,VERIFIED_SUBSET
6803,308,REVIEWED_TEXT,DV09-075,VERIFIED_SUBSET
6804,308,BLANK,DV09-075,VERIFIED_SUBSET
6805,308,BLANK,DV09-075,VERIFIED_SUBSET
6806,309,PAGE_MARKER,DV09-075,VERIFIED_SUBSET
6807,309,BOILERPLATE,DV09-075,VERIFIED_SUBSET
6808,309,BOILERPLATE,DV09-075,VERIFIED_SUBSET
6809,309,BLANK,DV09-075,VERIFIED_SUBSET
6810,309,BOILERPLATE,DV09-075,VERIFIED_SUBSET
6811,309,BOILERPLATE,DV09-075,VERIFIED_SUBSET
6812,309,REVIEWED_TEXT,DV09-075,VERIFIED_SUBSET
6813,309,REVIEWED_TEXT,DV09-075,VERIFIED_SUBSET
6814,309,REVIEWED_TEXT,DV09-075,VERIFIED_SUBSET
6815,309,REVIEWED_TEXT,DV09-075,VERIFIED_SUBSET
6816,309,BLANK,DV09-075,VERIFIED_SUBSET
6817,310,PAGE_MARKER,DV09-075,VERIFIED_SUBSET
6818,310,BOILERPLATE,DV09-075,VERIFIED_SUBSET
6819,310,BOILERPLATE,DV09-075,VERIFIED_SUBSET
6820,310,BLANK,DV09-075,VERIFIED_SUBSET
6821,310,BOILERPLATE,DV09-075,VERIFIED_SUBSET
6822,310,BOILERPLATE,DV09-075,VERIFIED_SUBSET
6823,310,REVIEWED_TEXT,DV09-075,VERIFIED_SUBSET
6824,310,REVIEWED_TEXT,DV09-075,VERIFIED_SUBSET
6825,310,REVIEWED_TEXT,DV09-075,VERIFIED_SUBSET
6826,310,BLANK,DV09-075,VERIFIED_SUBSET
6827,310,BLANK,DV09-075,VERIFIED_SUBSET
6828,311,PAGE_MARKER,DV09-075,VERIFIED_SUBSET
6829,311,BOILERPLATE,DV09-075,VERIFIED_SUBSET
6830,311,BOILERPLATE,DV09-075,VERIFIED_SUBSET
6831,311,BLANK,DV09-075,VERIFIED_SUBSET
6832,311,BOILERPLATE,DV09-075,VERIFIED_SUBSET
6833,311,BOILERPLATE,DV09-075,VERIFIED_SUBSET
6834,311,REVIEWED_TEXT,DV09-075,VERIFIED_SUBSET
6835,311,REVIEWED_TEXT,DV09-075,VERIFIED_SUBSET
6836,311,REVIEWED_TEXT,DV09-075,VERIFIED_SUBSET
6837,311,REVIEWED_TEXT,DV09-075,VERIFIED_SUBSET
6838,311,BLANK,DV09-075,VERIFIED_SUBSET
6839,312,PAGE_MARKER,DV09-075,VERIFIED_SUBSET
6840,312,BOILERPLATE,DV09-075,VERIFIED_SUBSET
6841,312,BOILERPLATE,DV09-075,VERIFIED_SUBSET
6842,312,BLANK,DV09-075,VERIFIED_SUBSET
6843,312,BOILERPLATE,DV09-075,VERIFIED_SUBSET
6844,312,BOILERPLATE,DV09-075,VERIFIED_SUBSET
6845,312,REVIEWED_TEXT,DV09-075,VERIFIED_SUBSET
6846,312,REVIEWED_TEXT,DV09-075,VERIFIED_SUBSET
6847,312,REVIEWED_TEXT,DV09-075,VERIFIED_SUBSET
6848,312,BLANK,DV09-075,VERIFIED_SUBSET
6849,312,BLANK,DV09-075,VERIFIED_SUBSET
6850,313,PAGE_MARKER,DV09-076,VERIFIED_SUBSET
6851,313,BOILERPLATE,DV09-076,VERIFIED_SUBSET
6852,313,BOILERPLATE,DV09-076,VERIFIED_SUBSET
6853,313,BLANK,DV09-076,VERIFIED_SUBSET
6854,313,BOILERPLATE,DV09-076,VERIFIED_SUBSET
6855,313,BOILERPLATE,DV09-076,VERIFIED_SUBSET
6856,313,REVIEWED_TEXT,DV09-076,VERIFIED_SUBSET
6857,313,REVIEWED_TEXT,DV09-076,VERIFIED_SUBSET
6858,313,REVIEWED_TEXT,DV09-076,VERIFIED_SUBSET
6859,313,BLANK,DV09-076,VERIFIED_SUBSET
6860,314,PAGE_MARKER,DV09-076,VERIFIED_SUBSET
6861,314,BOILERPLATE,DV09-076,VERIFIED_SUBSET
6862,314,BOILERPLATE,DV09-076,VERIFIED_SUBSET
6863,314,BLANK,DV09-076,VERIFIED_SUBSET
6864,314,BOILERPLATE,DV09-076,VERIFIED_SUBSET
6865,314,BOILERPLATE,DV09-076,VERIFIED_SUBSET
6866,314,REVIEWED_TEXT,DV09-076,VERIFIED_SUBSET
6867,314,REVIEWED_TEXT,DV09-076,VERIFIED_SUBSET
6868,314,REVIEWED_TEXT,DV09-076,VERIFIED_SUBSET
6869,314,BLANK,DV09-076,VERIFIED_SUBSET
6870,315,PAGE_MARKER,DV09-076,VERIFIED_SUBSET
6871,315,BOILERPLATE,DV09-076,VERIFIED_SUBSET
6872,315,BOILERPLATE,DV09-076,VERIFIED_SUBSET
6873,315,BLANK,DV09-076,VERIFIED_SUBSET
6874,315,BOILERPLATE,DV09-076,VERIFIED_SUBSET
6875,315,BOILERPLATE,DV09-076,VERIFIED_SUBSET
6876,315,REVIEWED_TEXT,DV09-076,VERIFIED_SUBSET
6877,315,REVIEWED_TEXT,DV09-076,VERIFIED_SUBSET
6878,315,REVIEWED_TEXT,DV09-076,VERIFIED_SUBSET
6879,315,REVIEWED_TEXT,DV09-076,VERIFIED_SUBSET
6880,315,BLANK,DV09-076,VERIFIED_SUBSET
6881,315,BLANK,DV09-076,VERIFIED_SUBSET
6882,316,PAGE_MARKER,DV09-076,VERIFIED_SUBSET
6883,316,BOILERPLATE,DV09-076,VERIFIED_SUBSET
6884,316,BOILERPLATE,DV09-076,VERIFIED_SUBSET
6885,316,BLANK,DV09-076,VERIFIED_SUBSET
6886,316,BOILERPLATE,DV09-076,VERIFIED_SUBSET
6887,316,BOILERPLATE,DV09-076,VERIFIED_SUBSET
6888,316,REVIEWED_TEXT,DV09-076,VERIFIED_SUBSET
6889,316,REVIEWED_TEXT,DV09-076,VERIFIED_SUBSET
6890,316,REVIEWED_TEXT,DV09-076,VERIFIED_SUBSET
6891,316,BLANK,DV09-076,VERIFIED_SUBSET
6892,316,REVIEWED_TEXT,DV09-076,VERIFIED_SUBSET
6893,316,BLANK,DV09-076,VERIFIED_SUBSET
6894,317,PAGE_MARKER,DV09-076,VERIFIED_SUBSET
6895,317,BOILERPLATE,DV09-076,VERIFIED_SUBSET
6896,317,BOILERPLATE,DV09-076,VERIFIED_SUBSET
6897,317,BLANK,DV09-076,VERIFIED_SUBSET
6898,317,BOILERPLATE,DV09-076,VERIFIED_SUBSET
6899,317,BOILERPLATE,DV09-076,VERIFIED_SUBSET
6900,317,REVIEWED_TEXT,DV09-076,VERIFIED_SUBSET
6901,317,REVIEWED_TEXT,DV09-076,VERIFIED_SUBSET
6902,317,REVIEWED_TEXT,DV09-076,VERIFIED_SUBSET
6903,317,BLANK,DV09-076,VERIFIED_SUBSET
6904,317,BLANK,DV09-076,VERIFIED_SUBSET
6905,318,PAGE_MARKER,DV09-076,VERIFIED_SUBSET
6906,318,BOILERPLATE,DV09-076,VERIFIED_SUBSET
6907,318,BOILERPLATE,DV09-076,VERIFIED_SUBSET
6908,318,BLANK,DV09-076,VERIFIED_SUBSET
6909,318,BOILERPLATE,DV09-076,VERIFIED_SUBSET
6910,318,BOILERPLATE,DV09-076,VERIFIED_SUBSET
6911,318,REVIEWED_TEXT,DV09-076,VERIFIED_SUBSET
6912,318,REVIEWED_TEXT,DV09-076,VERIFIED_SUBSET
6913,318,REVIEWED_TEXT,DV09-076,VERIFIED_SUBSET
6914,318,BLANK,DV09-076,VERIFIED_SUBSET
6915,319,PAGE_MARKER,DV09-076,VERIFIED_SUBSET
6916,319,BOILERPLATE,DV09-076,VERIFIED_SUBSET
6917,319,BOILERPLATE,DV09-076,VERIFIED_SUBSET
6918,319,BLANK,DV09-076,VERIFIED_SUBSET
6919,319,BOILERPLATE,DV09-076,VERIFIED_SUBSET
6920,319,BOILERPLATE,DV09-076,VERIFIED_SUBSET
6921,319,REVIEWED_TEXT,DV09-076,VERIFIED_SUBSET
6922,319,REVIEWED_TEXT,DV09-076,VERIFIED_SUBSET
6923,319,BLANK,DV09-076,VERIFIED_SUBSET
6924,319,BLANK,DV09-076,VERIFIED_SUBSET
6925,320,PAGE_MARKER,DV09-076,VERIFIED_SUBSET
6926,320,BOILERPLATE,DV09-076,VERIFIED_SUBSET
6927,320,BOILERPLATE,DV09-076,VERIFIED_SUBSET
6928,320,BLANK,DV09-076,VERIFIED_SUBSET
6929,320,BOILERPLATE,DV09-076,VERIFIED_SUBSET
6930,320,BOILERPLATE,DV09-076,VERIFIED_SUBSET
6931,320,REVIEWED_TEXT,DV09-076,VERIFIED_SUBSET
6932,320,REVIEWED_TEXT,DV09-076,VERIFIED_SUBSET
6933,320,REVIEWED_TEXT,DV09-076,VERIFIED_SUBSET
6934,320,BLANK,DV09-076,VERIFIED_SUBSET
6935,321,PAGE_MARKER,DV09-076,VERIFIED_SUBSET
6936,321,BOILERPLATE,DV09-076,VERIFIED_SUBSET
6937,321,BOILERPLATE,DV09-076,VERIFIED_SUBSET
6938,321,BLANK,DV09-076,VERIFIED_SUBSET
6939,321,BOILERPLATE,DV09-076,VERIFIED_SUBSET
6940,321,BOILERPLATE,DV09-076,VERIFIED_SUBSET
6941,321,REVIEWED_TEXT,DV09-076,VERIFIED_SUBSET
6942,321,REVIEWED_TEXT,DV09-076,VERIFIED_SUBSET
6943,321,BLANK,DV09-076,VERIFIED_SUBSET
6944,321,BLANK,DV09-076,VERIFIED_SUBSET
6945,322,PAGE_MARKER,DV09-076,VERIFIED_SUBSET
6946,322,BOILERPLATE,DV09-076,VERIFIED_SUBSET
6947,322,BOILERPLATE,DV09-076,VERIFIED_SUBSET
6948,322,BLANK,DV09-076,VERIFIED_SUBSET
6949,322,BOILERPLATE,DV09-076,VERIFIED_SUBSET
6950,322,BOILERPLATE,DV09-076,VERIFIED_SUBSET
6951,322,REVIEWED_TEXT,DV09-076,VERIFIED_SUBSET
6952,322,REVIEWED_TEXT,DV09-076,VERIFIED_SUBSET
6953,322,REVIEWED_TEXT,DV09-076,VERIFIED_SUBSET
6954,322,BLANK,DV09-076,VERIFIED_SUBSET
6955,323,PAGE_MARKER,DV09-077,VERIFIED_SUBSET
6956,323,BOILERPLATE,DV09-077,VERIFIED_SUBSET
6957,323,BOILERPLATE,DV09-077,VERIFIED_SUBSET
6958,323,BLANK,DV09-077,VERIFIED_SUBSET
6959,323,BOILERPLATE,DV09-077,VERIFIED_SUBSET
6960,323,BOILERPLATE,DV09-077,VERIFIED_SUBSET
6961,323,REVIEWED_TEXT,DV09-077,VERIFIED_SUBSET
6962,323,REVIEWED_TEXT,DV09-077,VERIFIED_SUBSET
6963,323,REVIEWED_TEXT,DV09-077,VERIFIED_SUBSET
6964,323,BLANK,DV09-077,VERIFIED_SUBSET
6965,323,BLANK,DV09-077,VERIFIED_SUBSET
6966,324,PAGE_MARKER,DV09-077,VERIFIED_SUBSET
6967,324,BOILERPLATE,DV09-077,VERIFIED_SUBSET
6968,324,BOILERPLATE,DV09-077,VERIFIED_SUBSET
6969,324,BLANK,DV09-077,VERIFIED_SUBSET
6970,324,BOILERPLATE,DV09-077,VERIFIED_SUBSET
6971,324,BOILERPLATE,DV09-077,VERIFIED_SUBSET
6972,324,REVIEWED_TEXT,DV09-077,VERIFIED_SUBSET
6973,324,REVIEWED_TEXT,DV09-077,VERIFIED_SUBSET
6974,324,REVIEWED_TEXT,DV09-077,VERIFIED_SUBSET
6975,324,BLANK,DV09-077,VERIFIED_SUBSET
6976,325,PAGE_MARKER,DV09-077,VERIFIED_SUBSET
6977,325,BOILERPLATE,DV09-077,VERIFIED_SUBSET
6978,325,BOILERPLATE,DV09-077,VERIFIED_SUBSET
6979,325,BLANK,DV09-077,VERIFIED_SUBSET
6980,325,BOILERPLATE,DV09-077,VERIFIED_SUBSET
6981,325,BOILERPLATE,DV09-077,VERIFIED_SUBSET
6982,325,REVIEWED_TEXT,DV09-077,VERIFIED_SUBSET
6983,325,REVIEWED_TEXT,DV09-077,VERIFIED_SUBSET
6984,325,REVIEWED_TEXT,DV09-077,VERIFIED_SUBSET
6985,325,BLANK,DV09-077,VERIFIED_SUBSET
6986,325,BLANK,DV09-077,VERIFIED_SUBSET
6987,326,PAGE_MARKER,DV09-077,VERIFIED_SUBSET
6988,326,BOILERPLATE,DV09-077,VERIFIED_SUBSET
6989,326,BOILERPLATE,DV09-077,VERIFIED_SUBSET
6990,326,BLANK,DV09-077,VERIFIED_SUBSET
6991,326,BOILERPLATE,DV09-077,VERIFIED_SUBSET
6992,326,BOILERPLATE,DV09-077,VERIFIED_SUBSET
6993,326,REVIEWED_TEXT,DV09-077,VERIFIED_SUBSET
6994,326,REVIEWED_TEXT,DV09-077,VERIFIED_SUBSET
6995,326,REVIEWED_TEXT,DV09-077,VERIFIED_SUBSET
6996,326,BLANK,DV09-077,VERIFIED_SUBSET
6997,326,REVIEWED_TEXT,DV09-077,VERIFIED_SUBSET
6998,326,BLANK,DV09-077,VERIFIED_SUBSET
6999,327,PAGE_MARKER,DV09-077,VERIFIED_SUBSET
7000,327,BOILERPLATE,DV09-077,VERIFIED_SUBSET
7001,327,BOILERPLATE,DV09-077,VERIFIED_SUBSET
7002,327,BLANK,DV09-077,VERIFIED_SUBSET
7003,327,BOILERPLATE,DV09-077,VERIFIED_SUBSET
7004,327,BOILERPLATE,DV09-077,VERIFIED_SUBSET
7005,327,REVIEWED_TEXT,DV09-077,VERIFIED_SUBSET
7006,327,REVIEWED_TEXT,DV09-077,VERIFIED_SUBSET
7007,327,REVIEWED_TEXT,DV09-077,VERIFIED_SUBSET
7008,327,BLANK,DV09-077,VERIFIED_SUBSET
7009,327,BLANK,DV09-077,VERIFIED_SUBSET
7010,328,PAGE_MARKER,DV09-077,VERIFIED_SUBSET
7011,328,BOILERPLATE,DV09-077,VERIFIED_SUBSET
7012,328,BOILERPLATE,DV09-077,VERIFIED_SUBSET
7013,328,BLANK,DV09-077,VERIFIED_SUBSET
7014,328,BOILERPLATE,DV09-077,VERIFIED_SUBSET
7015,328,BOILERPLATE,DV09-077,VERIFIED_SUBSET
7016,328,REVIEWED_TEXT,DV09-077,VERIFIED_SUBSET
7017,328,REVIEWED_TEXT,DV09-077,VERIFIED_SUBSET
7018,328,REVIEWED_TEXT,DV09-077,VERIFIED_SUBSET
7019,328,BLANK,DV09-077,VERIFIED_SUBSET
7020,328,REVIEWED_TEXT,DV09-077,VERIFIED_SUBSET
7021,328,BLANK,DV09-077,VERIFIED_SUBSET
7022,329,PAGE_MARKER,DV09-078,BOUNDARY
7023,329,BOILERPLATE,DV09-078,BOUNDARY
7024,329,BOILERPLATE,DV09-078,BOUNDARY
7025,329,BLANK,DV09-078,BOUNDARY
7026,329,BOILERPLATE,DV09-078,BOUNDARY
7027,329,BOILERPLATE,DV09-078,BOUNDARY
7028,329,REVIEWED_TEXT,DV09-078,BOUNDARY
7029,329,REVIEWED_TEXT,DV09-078,BOUNDARY
7030,329,REVIEWED_TEXT,DV09-078,BOUNDARY
7031,329,REVIEWED_TEXT,DV09-078,BOUNDARY
7032,329,BLANK,DV09-078,BOUNDARY
7033,329,BLANK,DV09-078,BOUNDARY
7034,329,REVIEWED_TEXT,DV09-078,BOUNDARY
7035,329,BOILERPLATE,DV09-078,BOUNDARY
7036,329,REVIEWED_TEXT,DV09-078,BOUNDARY
7037,329,REVIEWED_TEXT,DV09-078,BOUNDARY
7038,329,BOILERPLATE,DV09-078,BOUNDARY
7039,329,REVIEWED_TEXT,DV09-078,BOUNDARY
7040,329,REVIEWED_TEXT,DV09-078,BOUNDARY
7041,329,REVIEWED_TEXT,DV09-078,BOUNDARY
7042,329,REVIEWED_TEXT,DV09-078,BOUNDARY
7043,329,REVIEWED_TEXT,DV09-078,BOUNDARY
7044,329,REVIEWED_TEXT,DV09-078,BOUNDARY
7045,329,REVIEWED_TEXT,DV09-078,BOUNDARY
7046,329,BLANK,DV09-078,BOUNDARY
7047,330,PAGE_MARKER,DV09-078,BOUNDARY
7048,330,BOILERPLATE,DV09-078,BOUNDARY
7049,330,BOILERPLATE,DV09-078,BOUNDARY
7050,330,BLANK,DV09-078,BOUNDARY
7051,330,BOILERPLATE,DV09-078,BOUNDARY
7052,330,BOILERPLATE,DV09-078,BOUNDARY
7053,330,REVIEWED_TEXT,DV09-078,BOUNDARY
7054,330,REVIEWED_TEXT,DV09-078,BOUNDARY
7055,330,REVIEWED_TEXT,DV09-078,BOUNDARY
7056,330,REVIEWED_TEXT,DV09-078,BOUNDARY
7057,330,REVIEWED_TEXT,DV09-078,BOUNDARY
7058,330,REVIEWED_TEXT,DV09-078,BOUNDARY
7059,330,REVIEWED_TEXT,DV09-078,BOUNDARY
7060,330,REVIEWED_TEXT,DV09-078,BOUNDARY
7061,330,REVIEWED_TEXT,DV09-078,BOUNDARY
7062,330,REVIEWED_TEXT,DV09-078,BOUNDARY
7063,330,REVIEWED_TEXT,DV09-078,BOUNDARY
7064,330,BLANK,DV09-078,BOUNDARY
7065,330,REVIEWED_TEXT,DV09-078,BOUNDARY
7066,330,BLANK,DV09-078,BOUNDARY
7067,331,PAGE_MARKER,DV09-079,VERIFIED_SUBSET
7068,331,BOILERPLATE,DV09-079,VERIFIED_SUBSET
7069,331,BOILERPLATE,DV09-079,VERIFIED_SUBSET
7070,331,BLANK,DV09-079,VERIFIED_SUBSET
7071,331,BOILERPLATE,DV09-079,VERIFIED_SUBSET
7072,331,BOILERPLATE,DV09-079,VERIFIED_SUBSET
7073,331,REVIEWED_TEXT,DV09-079,VERIFIED_SUBSET
7074,331,REVIEWED_TEXT,DV09-079,VERIFIED_SUBSET
7075,331,REVIEWED_TEXT,DV09-079,VERIFIED_SUBSET
7076,331,REVIEWED_TEXT,DV09-079,VERIFIED_SUBSET
7077,331,REVIEWED_TEXT,DV09-079,VERIFIED_SUBSET
7078,331,REVIEWED_TEXT,DV09-079,VERIFIED_SUBSET
7079,331,REVIEWED_TEXT,DV09-079,VERIFIED_SUBSET
7080,331,REVIEWED_TEXT,DV09-079,VERIFIED_SUBSET
7081,331,BLANK,DV09-079,VERIFIED_SUBSET
7082,332,PAGE_MARKER,DV09-079,VERIFIED_SUBSET
7083,332,BOILERPLATE,DV09-079,VERIFIED_SUBSET
7084,332,BOILERPLATE,DV09-079,VERIFIED_SUBSET
7085,332,BLANK,DV09-079,VERIFIED_SUBSET
7086,332,BOILERPLATE,DV09-079,VERIFIED_SUBSET
7087,332,BOILERPLATE,DV09-079,VERIFIED_SUBSET
7088,332,REVIEWED_TEXT,DV09-079,VERIFIED_SUBSET
7089,332,REVIEWED_TEXT,DV09-079,VERIFIED_SUBSET
7090,332,REVIEWED_TEXT,DV09-079,VERIFIED_SUBSET
7091,332,BLANK,DV09-079,VERIFIED_SUBSET
7092,332,REVIEWED_TEXT,DV09-079,VERIFIED_SUBSET
7093,332,REVIEWED_TEXT,DV09-079,VERIFIED_SUBSET
7094,332,BLANK,DV09-079,VERIFIED_SUBSET
7095,332,REVIEWED_TEXT,DV09-079,VERIFIED_SUBSET
7096,332,BLANK,DV09-079,VERIFIED_SUBSET
7097,332,REVIEWED_TEXT,DV09-079,VERIFIED_SUBSET
7098,332,REVIEWED_TEXT,DV09-079,VERIFIED_SUBSET
7099,332,BLANK,DV09-079,VERIFIED_SUBSET
7100,332,REVIEWED_TEXT,DV09-079,VERIFIED_SUBSET
7101,332,REVIEWED_TEXT,DV09-079,VERIFIED_SUBSET
7102,332,REVIEWED_TEXT,DV09-079,VERIFIED_SUBSET
7103,332,BLANK,DV09-079,VERIFIED_SUBSET
7104,332,REVIEWED_TEXT,DV09-079,VERIFIED_SUBSET
7105,332,REVIEWED_TEXT,DV09-079,VERIFIED_SUBSET
7106,332,BLANK,DV09-079,VERIFIED_SUBSET
7107,332,REVIEWED_TEXT,DV09-079,VERIFIED_SUBSET
7108,332,BLANK,DV09-079,VERIFIED_SUBSET
7109,332,REVIEWED_TEXT,DV09-079,VERIFIED_SUBSET
7110,332,REVIEWED_TEXT,DV09-079,VERIFIED_SUBSET
7111,332,BLANK,DV09-079,VERIFIED_SUBSET
7112,332,REVIEWED_TEXT,DV09-079,VERIFIED_SUBSET
7113,332,BLANK,DV09-079,VERIFIED_SUBSET
7114,333,PAGE_MARKER,DV09-079,VERIFIED_SUBSET
7115,333,BOILERPLATE,DV09-079,VERIFIED_SUBSET
7116,333,BOILERPLATE,DV09-079,VERIFIED_SUBSET
7117,333,BLANK,DV09-079,VERIFIED_SUBSET
7118,333,BOILERPLATE,DV09-079,VERIFIED_SUBSET
7119,333,BOILERPLATE,DV09-079,VERIFIED_SUBSET
7120,333,REVIEWED_TEXT,DV09-079,VERIFIED_SUBSET
7121,333,REVIEWED_TEXT,DV09-079,VERIFIED_SUBSET
7122,333,REVIEWED_TEXT,DV09-079,VERIFIED_SUBSET
7123,333,REVIEWED_TEXT,DV09-079,VERIFIED_SUBSET
7124,333,REVIEWED_TEXT,DV09-079,VERIFIED_SUBSET
7125,333,BLANK,DV09-079,VERIFIED_SUBSET
7126,333,REVIEWED_TEXT,DV09-079,VERIFIED_SUBSET
7127,333,REVIEWED_TEXT,DV09-079,VERIFIED_SUBSET
7128,333,BLANK,DV09-079,VERIFIED_SUBSET
7129,333,REVIEWED_TEXT,DV09-079,VERIFIED_SUBSET
7130,333,REVIEWED_TEXT,DV09-079,VERIFIED_SUBSET
7131,333,BLANK,DV09-079,VERIFIED_SUBSET
7132,333,BLANK,DV09-079,VERIFIED_SUBSET
7133,333,REVIEWED_TEXT,DV09-079,VERIFIED_SUBSET
7134,333,REVIEWED_TEXT,DV09-079,VERIFIED_SUBSET
7135,333,REVIEWED_TEXT,DV09-079,VERIFIED_SUBSET
7136,333,BLANK,DV09-079,VERIFIED_SUBSET
7137,333,BLANK,DV09-079,VERIFIED_SUBSET
7138,333,REVIEWED_TEXT,DV09-079,VERIFIED_SUBSET
7139,333,REVIEWED_TEXT,DV09-079,VERIFIED_SUBSET
7140,333,BLANK,DV09-079,VERIFIED_SUBSET
7141,334,PAGE_MARKER,DV09-080,VERIFIED_SUBSET
7142,334,BOILERPLATE,DV09-080,VERIFIED_SUBSET
7143,334,BOILERPLATE,DV09-080,VERIFIED_SUBSET
7144,334,BLANK,DV09-080,VERIFIED_SUBSET
7145,334,BOILERPLATE,DV09-080,VERIFIED_SUBSET
7146,334,BOILERPLATE,DV09-080,VERIFIED_SUBSET
7147,334,REVIEWED_TEXT,DV09-080,VERIFIED_SUBSET
7148,334,REVIEWED_TEXT,DV09-080,VERIFIED_SUBSET
7149,334,REVIEWED_TEXT,DV09-080,VERIFIED_SUBSET
7150,334,REVIEWED_TEXT,DV09-080,VERIFIED_SUBSET
7151,334,REVIEWED_TEXT,DV09-080,VERIFIED_SUBSET
7152,334,REVIEWED_TEXT,DV09-080,VERIFIED_SUBSET
7153,334,REVIEWED_TEXT,DV09-080,VERIFIED_SUBSET
7154,334,REVIEWED_TEXT,DV09-080,VERIFIED_SUBSET
7155,334,REVIEWED_TEXT,DV09-080,VERIFIED_SUBSET
7156,334,REVIEWED_TEXT,DV09-080,VERIFIED_SUBSET
7157,334,REVIEWED_TEXT,DV09-080,VERIFIED_SUBSET
7158,334,BLANK,DV09-080,VERIFIED_SUBSET
7159,335,PAGE_MARKER,DV09-080,VERIFIED_SUBSET
7160,335,BOILERPLATE,DV09-080,VERIFIED_SUBSET
7161,335,BOILERPLATE,DV09-080,VERIFIED_SUBSET
7162,335,BLANK,DV09-080,VERIFIED_SUBSET
7163,335,BOILERPLATE,DV09-080,VERIFIED_SUBSET
7164,335,BOILERPLATE,DV09-080,VERIFIED_SUBSET
7165,335,REVIEWED_TEXT,DV09-080,VERIFIED_SUBSET
7166,335,REVIEWED_TEXT,DV09-080,VERIFIED_SUBSET
7167,335,REVIEWED_TEXT,DV09-080,VERIFIED_SUBSET
7168,335,REVIEWED_TEXT,DV09-080,VERIFIED_SUBSET
7169,335,REVIEWED_TEXT,DV09-080,VERIFIED_SUBSET
7170,335,REVIEWED_TEXT,DV09-080,VERIFIED_SUBSET
7171,335,REVIEWED_TEXT,DV09-080,VERIFIED_SUBSET
7172,335,REVIEWED_TEXT,DV09-080,VERIFIED_SUBSET
7173,335,BLANK,DV09-080,VERIFIED_SUBSET
7174,335,BLANK,DV09-080,VERIFIED_SUBSET
7175,335,BLANK,DV09-080,VERIFIED_SUBSET
7176,336,PAGE_MARKER,DV09-080,VERIFIED_SUBSET
7177,336,BOILERPLATE,DV09-080,VERIFIED_SUBSET
7178,336,BOILERPLATE,DV09-080,VERIFIED_SUBSET
7179,336,BLANK,DV09-080,VERIFIED_SUBSET
7180,336,BOILERPLATE,DV09-080,VERIFIED_SUBSET
7181,336,BOILERPLATE,DV09-080,VERIFIED_SUBSET
7182,336,REVIEWED_TEXT,DV09-080,VERIFIED_SUBSET
7183,336,REVIEWED_TEXT,DV09-080,VERIFIED_SUBSET
7184,336,REVIEWED_TEXT,DV09-080,VERIFIED_SUBSET
7185,336,BLANK,DV09-080,VERIFIED_SUBSET
7186,337,PAGE_MARKER,DV09-080,VERIFIED_SUBSET
7187,337,BOILERPLATE,DV09-080,VERIFIED_SUBSET
7188,337,BOILERPLATE,DV09-080,VERIFIED_SUBSET
7189,337,BLANK,DV09-080,VERIFIED_SUBSET
7190,337,BOILERPLATE,DV09-080,VERIFIED_SUBSET
7191,337,BOILERPLATE,DV09-080,VERIFIED_SUBSET
7192,337,REVIEWED_TEXT,DV09-080,VERIFIED_SUBSET
7193,337,REVIEWED_TEXT,DV09-080,VERIFIED_SUBSET
7194,337,REVIEWED_TEXT,DV09-080,VERIFIED_SUBSET
7195,337,BLANK,DV09-080,VERIFIED_SUBSET
7196,338,PAGE_MARKER,DV09-080,VERIFIED_SUBSET
7197,338,BOILERPLATE,DV09-080,VERIFIED_SUBSET
7198,338,BOILERPLATE,DV09-080,VERIFIED_SUBSET
7199,338,BLANK,DV09-080,VERIFIED_SUBSET
7200,338,BOILERPLATE,DV09-080,VERIFIED_SUBSET
7201,338,BOILERPLATE,DV09-080,VERIFIED_SUBSET
7202,338,REVIEWED_TEXT,DV09-080,VERIFIED_SUBSET
7203,338,REVIEWED_TEXT,DV09-080,VERIFIED_SUBSET
7204,338,REVIEWED_TEXT,DV09-080,VERIFIED_SUBSET
7205,338,REVIEWED_TEXT,DV09-080,VERIFIED_SUBSET
7206,338,BLANK,DV09-080,VERIFIED_SUBSET
7207,339,PAGE_MARKER,DV09-080,VERIFIED_SUBSET
7208,339,BOILERPLATE,DV09-080,VERIFIED_SUBSET
7209,339,BOILERPLATE,DV09-080,VERIFIED_SUBSET
7210,339,BLANK,DV09-080,VERIFIED_SUBSET
7211,339,BOILERPLATE,DV09-080,VERIFIED_SUBSET
7212,339,BOILERPLATE,DV09-080,VERIFIED_SUBSET
7213,339,REVIEWED_TEXT,DV09-080,VERIFIED_SUBSET
7214,339,REVIEWED_TEXT,DV09-080,VERIFIED_SUBSET
7215,339,REVIEWED_TEXT,DV09-080,VERIFIED_SUBSET
7216,339,BLANK,DV09-080,VERIFIED_SUBSET
7217,340,PAGE_MARKER,DV09-080,VERIFIED_SUBSET
7218,340,BOILERPLATE,DV09-080,VERIFIED_SUBSET
7219,340,BOILERPLATE,DV09-080,VERIFIED_SUBSET
7220,340,BLANK,DV09-080,VERIFIED_SUBSET
7221,340,BOILERPLATE,DV09-080,VERIFIED_SUBSET
7222,340,BOILERPLATE,DV09-080,VERIFIED_SUBSET
7223,340,REVIEWED_TEXT,DV09-080,VERIFIED_SUBSET
7224,340,REVIEWED_TEXT,DV09-080,VERIFIED_SUBSET
7225,340,REVIEWED_TEXT,DV09-080,VERIFIED_SUBSET
7226,340,REVIEWED_TEXT,DV09-080,VERIFIED_SUBSET
7227,340,BLANK,DV09-080,VERIFIED_SUBSET
7228,340,BLANK,DV09-080,VERIFIED_SUBSET
7229,340,BLANK,DV09-080,VERIFIED_SUBSET
7230,340,BLANK,DV09-080,VERIFIED_SUBSET
7231,340,BLANK,DV09-080,VERIFIED_SUBSET
7232,340,BLANK,DV09-080,VERIFIED_SUBSET
7233,340,BLANK,DV09-080,VERIFIED_SUBSET
7234,340,BLANK,DV09-080,VERIFIED_SUBSET
7235,340,REVIEWED_TEXT,DV09-080,VERIFIED_SUBSET
7236,340,REVIEWED_TEXT,DV09-080,VERIFIED_SUBSET
7237,340,BLANK,DV09-080,VERIFIED_SUBSET
7238,341,PAGE_MARKER,DV09-080,VERIFIED_SUBSET
7239,341,BOILERPLATE,DV09-080,VERIFIED_SUBSET
7240,341,BOILERPLATE,DV09-080,VERIFIED_SUBSET
7241,341,BLANK,DV09-080,VERIFIED_SUBSET
7242,341,BOILERPLATE,DV09-080,VERIFIED_SUBSET
7243,341,BOILERPLATE,DV09-080,VERIFIED_SUBSET
7244,341,REVIEWED_TEXT,DV09-080,VERIFIED_SUBSET
7245,341,REVIEWED_TEXT,DV09-080,VERIFIED_SUBSET
7246,341,REVIEWED_TEXT,DV09-080,VERIFIED_SUBSET
7247,341,BLANK,DV09-080,VERIFIED_SUBSET
7248,342,PAGE_MARKER,DV09-080,VERIFIED_SUBSET
7249,342,BOILERPLATE,DV09-080,VERIFIED_SUBSET
7250,342,BOILERPLATE,DV09-080,VERIFIED_SUBSET
7251,342,BLANK,DV09-080,VERIFIED_SUBSET
7252,342,BOILERPLATE,DV09-080,VERIFIED_SUBSET
7253,342,BOILERPLATE,DV09-080,VERIFIED_SUBSET
7254,342,REVIEWED_TEXT,DV09-080,VERIFIED_SUBSET
7255,342,REVIEWED_TEXT,DV09-080,VERIFIED_SUBSET
7256,342,REVIEWED_TEXT,DV09-080,VERIFIED_SUBSET
7257,342,REVIEWED_TEXT,DV09-080,VERIFIED_SUBSET
7258,342,REVIEWED_TEXT,DV09-080,VERIFIED_SUBSET
7259,342,BLANK,DV09-080,VERIFIED_SUBSET
7260,343,PAGE_MARKER,DV09-081,BOUNDARY
7261,343,BOILERPLATE,DV09-081,BOUNDARY
7262,343,BOILERPLATE,DV09-081,BOUNDARY
7263,343,BLANK,DV09-081,BOUNDARY
7264,343,BOILERPLATE,DV09-081,BOUNDARY
7265,343,BOILERPLATE,DV09-081,BOUNDARY
7266,343,REVIEWED_TEXT,DV09-081,BOUNDARY
7267,343,REVIEWED_TEXT,DV09-081,BOUNDARY
7268,343,REVIEWED_TEXT,DV09-081,BOUNDARY
7269,343,REVIEWED_TEXT,DV09-081,BOUNDARY
7270,343,REVIEWED_TEXT,DV09-081,BOUNDARY
7271,343,REVIEWED_TEXT,DV09-081,BOUNDARY
7272,343,BLANK,DV09-081,BOUNDARY
7273,343,REVIEWED_TEXT,DV09-081,BOUNDARY
7274,343,REVIEWED_TEXT,DV09-081,BOUNDARY
7275,343,REVIEWED_TEXT,DV09-081,BOUNDARY
7276,343,REVIEWED_TEXT,DV09-081,BOUNDARY
7277,343,REVIEWED_TEXT,DV09-081,BOUNDARY
7278,343,REVIEWED_TEXT,DV09-081,BOUNDARY
7279,343,REVIEWED_TEXT,DV09-081,BOUNDARY
7280,343,REVIEWED_TEXT,DV09-081,BOUNDARY
7281,343,REVIEWED_TEXT,DV09-081,BOUNDARY
7282,343,REVIEWED_TEXT,DV09-081,BOUNDARY
7283,343,REVIEWED_TEXT,DV09-081,BOUNDARY
7284,343,BLANK,DV09-081,BOUNDARY
7285,343,REVIEWED_TEXT,DV09-081,BOUNDARY
7286,343,BLANK,DV09-081,BOUNDARY
7287,343,REVIEWED_TEXT,DV09-081,BOUNDARY
7288,343,REVIEWED_TEXT,DV09-081,BOUNDARY
7289,343,REVIEWED_TEXT,DV09-081,BOUNDARY
7290,343,REVIEWED_TEXT,DV09-081,BOUNDARY
7291,343,REVIEWED_TEXT,DV09-081,BOUNDARY
7292,343,REVIEWED_TEXT,DV09-081,BOUNDARY
7293,343,REVIEWED_TEXT,DV09-081,BOUNDARY
7294,343,REVIEWED_TEXT,DV09-081,BOUNDARY
7295,343,REVIEWED_TEXT,DV09-081,BOUNDARY
7296,343,REVIEWED_TEXT,DV09-081,BOUNDARY
7297,343,REVIEWED_TEXT,DV09-081,BOUNDARY
7298,343,REVIEWED_TEXT,DV09-081,BOUNDARY
7299,343,REVIEWED_TEXT,DV09-081,BOUNDARY
7300,343,REVIEWED_TEXT,DV09-081,BOUNDARY
7301,343,REVIEWED_TEXT,DV09-081,BOUNDARY
7302,343,REVIEWED_TEXT,DV09-081,BOUNDARY
7303,343,REVIEWED_TEXT,DV09-081,BOUNDARY
7304,343,REVIEWED_TEXT,DV09-081,BOUNDARY
7305,343,REVIEWED_TEXT,DV09-081,BOUNDARY
7306,343,REVIEWED_TEXT,DV09-081,BOUNDARY
7307,343,REVIEWED_TEXT,DV09-081,BOUNDARY
7308,343,REVIEWED_TEXT,DV09-081,BOUNDARY
7309,343,REVIEWED_TEXT,DV09-081,BOUNDARY
7310,343,REVIEWED_TEXT,DV09-081,BOUNDARY
7311,343,REVIEWED_TEXT,DV09-081,BOUNDARY
7312,343,REVIEWED_TEXT,DV09-081,BOUNDARY
7313,343,REVIEWED_TEXT,DV09-081,BOUNDARY
7314,343,REVIEWED_TEXT,DV09-081,BOUNDARY
7315,343,REVIEWED_TEXT,DV09-081,BOUNDARY
7316,343,REVIEWED_TEXT,DV09-081,BOUNDARY
7317,343,REVIEWED_TEXT,DV09-081,BOUNDARY
7318,343,BLANK,DV09-081,BOUNDARY
7319,344,PAGE_MARKER,DV09-081,BOUNDARY
7320,344,BOILERPLATE,DV09-081,BOUNDARY
7321,344,BOILERPLATE,DV09-081,BOUNDARY
7322,344,BLANK,DV09-081,BOUNDARY
7323,344,BOILERPLATE,DV09-081,BOUNDARY
7324,344,BOILERPLATE,DV09-081,BOUNDARY
7325,344,REVIEWED_TEXT,DV09-081,BOUNDARY
7326,344,REVIEWED_TEXT,DV09-081,BOUNDARY
7327,344,REVIEWED_TEXT,DV09-081,BOUNDARY
7328,344,REVIEWED_TEXT,DV09-081,BOUNDARY
7329,344,BLANK,DV09-081,BOUNDARY
7330,344,REVIEWED_TEXT,DV09-081,BOUNDARY
7331,344,REVIEWED_TEXT,DV09-081,BOUNDARY
7332,344,REVIEWED_TEXT,DV09-081,BOUNDARY
7333,344,REVIEWED_TEXT,DV09-081,BOUNDARY
7334,344,REVIEWED_TEXT,DV09-081,BOUNDARY
7335,344,REVIEWED_TEXT,DV09-081,BOUNDARY
7336,344,REVIEWED_TEXT,DV09-081,BOUNDARY
7337,344,REVIEWED_TEXT,DV09-081,BOUNDARY
7338,344,REVIEWED_TEXT,DV09-081,BOUNDARY
7339,344,REVIEWED_TEXT,DV09-081,BOUNDARY
7340,344,REVIEWED_TEXT,DV09-081,BOUNDARY
7341,344,REVIEWED_TEXT,DV09-081,BOUNDARY
7342,344,REVIEWED_TEXT,DV09-081,BOUNDARY
7343,344,REVIEWED_TEXT,DV09-081,BOUNDARY
7344,344,REVIEWED_TEXT,DV09-081,BOUNDARY
7345,344,REVIEWED_TEXT,DV09-081,BOUNDARY
7346,344,REVIEWED_TEXT,DV09-081,BOUNDARY
7347,344,REVIEWED_TEXT,DV09-081,BOUNDARY
7348,344,REVIEWED_TEXT,DV09-081,BOUNDARY
7349,344,REVIEWED_TEXT,DV09-081,BOUNDARY
7350,344,REVIEWED_TEXT,DV09-081,BOUNDARY
7351,344,REVIEWED_TEXT,DV09-081,BOUNDARY
7352,344,REVIEWED_TEXT,DV09-081,BOUNDARY
7353,344,REVIEWED_TEXT,DV09-081,BOUNDARY
7354,344,REVIEWED_TEXT,DV09-081,BOUNDARY
7355,344,REVIEWED_TEXT,DV09-081,BOUNDARY
7356,344,REVIEWED_TEXT,DV09-081,BOUNDARY
7357,344,REVIEWED_TEXT,DV09-081,BOUNDARY
7358,344,REVIEWED_TEXT,DV09-081,BOUNDARY
7359,344,REVIEWED_TEXT,DV09-081,BOUNDARY
7360,344,REVIEWED_TEXT,DV09-081,BOUNDARY
7361,344,BLANK,DV09-081,BOUNDARY
7362,344,REVIEWED_TEXT,DV09-081,BOUNDARY
7363,344,BLANK,DV09-081,BOUNDARY
7364,344,REVIEWED_TEXT,DV09-081,BOUNDARY
7365,344,REVIEWED_TEXT,DV09-081,BOUNDARY
7366,344,REVIEWED_TEXT,DV09-081,BOUNDARY
7367,344,REVIEWED_TEXT,DV09-081,BOUNDARY
7368,344,REVIEWED_TEXT,DV09-081,BOUNDARY
7369,344,REVIEWED_TEXT,DV09-081,BOUNDARY
7370,344,REVIEWED_TEXT,DV09-081,BOUNDARY
7371,344,REVIEWED_TEXT,DV09-081,BOUNDARY
7372,344,REVIEWED_TEXT,DV09-081,BOUNDARY
7373,344,BLANK,DV09-081,BOUNDARY
7374,345,PAGE_MARKER,DV09-081,BOUNDARY
7375,345,BOILERPLATE,DV09-081,BOUNDARY
7376,345,BOILERPLATE,DV09-081,BOUNDARY
7377,345,BLANK,DV09-081,BOUNDARY
7378,345,BOILERPLATE,DV09-081,BOUNDARY
7379,345,BOILERPLATE,DV09-081,BOUNDARY
7380,345,REVIEWED_TEXT,DV09-081,BOUNDARY
7381,345,REVIEWED_TEXT,DV09-081,BOUNDARY
7382,345,BLANK,DV09-081,BOUNDARY
7383,345,REVIEWED_TEXT,DV09-081,BOUNDARY
7384,345,REVIEWED_TEXT,DV09-081,BOUNDARY
7385,345,BLANK,DV09-081,BOUNDARY
7386,345,REVIEWED_TEXT,DV09-081,BOUNDARY
7387,345,REVIEWED_TEXT,DV09-081,BOUNDARY
7388,345,REVIEWED_TEXT,DV09-081,BOUNDARY
7389,345,REVIEWED_TEXT,DV09-081,BOUNDARY
7390,345,REVIEWED_TEXT,DV09-081,BOUNDARY
7391,345,REVIEWED_TEXT,DV09-081,BOUNDARY
7392,345,REVIEWED_TEXT,DV09-081,BOUNDARY
7393,345,BLANK,DV09-081,BOUNDARY
7394,345,REVIEWED_TEXT,DV09-081,BOUNDARY
7395,345,BLANK,DV09-081,BOUNDARY
7396,345,REVIEWED_TEXT,DV09-081,BOUNDARY
7397,345,BLANK,DV09-081,BOUNDARY
7398,345,REVIEWED_TEXT,DV09-081,BOUNDARY
7399,345,REVIEWED_TEXT,DV09-081,BOUNDARY
7400,345,REVIEWED_TEXT,DV09-081,BOUNDARY
7401,345,REVIEWED_TEXT,DV09-081,BOUNDARY
7402,345,REVIEWED_TEXT,DV09-081,BOUNDARY
7403,345,REVIEWED_TEXT,DV09-081,BOUNDARY
7404,345,REVIEWED_TEXT,DV09-081,BOUNDARY
7405,345,REVIEWED_TEXT,DV09-081,BOUNDARY
7406,345,REVIEWED_TEXT,DV09-081,BOUNDARY
7407,345,REVIEWED_TEXT,DV09-081,BOUNDARY
7408,345,REVIEWED_TEXT,DV09-081,BOUNDARY
7409,345,REVIEWED_TEXT,DV09-081,BOUNDARY
7410,345,REVIEWED_TEXT,DV09-081,BOUNDARY
7411,345,REVIEWED_TEXT,DV09-081,BOUNDARY
7412,345,REVIEWED_TEXT,DV09-081,BOUNDARY
7413,345,REVIEWED_TEXT,DV09-081,BOUNDARY
7414,345,REVIEWED_TEXT,DV09-081,BOUNDARY
7415,345,BLANK,DV09-081,BOUNDARY
7416,345,REVIEWED_TEXT,DV09-081,BOUNDARY
7417,345,BLANK,DV09-081,BOUNDARY
7418,345,REVIEWED_TEXT,DV09-081,BOUNDARY
7419,345,REVIEWED_TEXT,DV09-081,BOUNDARY
7420,345,REVIEWED_TEXT,DV09-081,BOUNDARY
7421,345,REVIEWED_TEXT,DV09-081,BOUNDARY
7422,345,REVIEWED_TEXT,DV09-081,BOUNDARY
7423,345,REVIEWED_TEXT,DV09-081,BOUNDARY
7424,345,REVIEWED_TEXT,DV09-081,BOUNDARY
7425,345,REVIEWED_TEXT,DV09-081,BOUNDARY
7426,345,REVIEWED_TEXT,DV09-081,BOUNDARY
7427,345,REVIEWED_TEXT,DV09-081,BOUNDARY
7428,345,REVIEWED_TEXT,DV09-081,BOUNDARY
7429,345,REVIEWED_TEXT,DV09-081,BOUNDARY
7430,345,REVIEWED_TEXT,DV09-081,BOUNDARY
7431,345,REVIEWED_TEXT,DV09-081,BOUNDARY
7432,345,REVIEWED_TEXT,DV09-081,BOUNDARY
7433,345,REVIEWED_TEXT,DV09-081,BOUNDARY
7434,345,REVIEWED_TEXT,DV09-081,BOUNDARY
7435,345,REVIEWED_TEXT,DV09-081,BOUNDARY
7436,345,BLANK,DV09-081,BOUNDARY
7437,346,PAGE_MARKER,DV09-081,BOUNDARY
7438,346,BOILERPLATE,DV09-081,BOUNDARY
7439,346,BOILERPLATE,DV09-081,BOUNDARY
7440,346,BLANK,DV09-081,BOUNDARY
7441,346,BOILERPLATE,DV09-081,BOUNDARY
7442,346,BOILERPLATE,DV09-081,BOUNDARY
7443,346,REVIEWED_TEXT,DV09-081,BOUNDARY
7444,346,REVIEWED_TEXT,DV09-081,BOUNDARY
7445,346,REVIEWED_TEXT,DV09-081,BOUNDARY
7446,346,REVIEWED_TEXT,DV09-081,BOUNDARY
7447,346,BLANK,DV09-081,BOUNDARY
7448,346,REVIEWED_TEXT,DV09-081,BOUNDARY
7449,346,REVIEWED_TEXT,DV09-081,BOUNDARY
7450,346,BLANK,DV09-081,BOUNDARY
7451,346,REVIEWED_TEXT,DV09-081,BOUNDARY
7452,346,REVIEWED_TEXT,DV09-081,BOUNDARY
7453,346,REVIEWED_TEXT,DV09-081,BOUNDARY
7454,346,REVIEWED_TEXT,DV09-081,BOUNDARY
7455,346,REVIEWED_TEXT,DV09-081,BOUNDARY
7456,346,REVIEWED_TEXT,DV09-081,BOUNDARY
7457,346,REVIEWED_TEXT,DV09-081,BOUNDARY
7458,346,REVIEWED_TEXT,DV09-081,BOUNDARY
7459,346,BLANK,DV09-081,BOUNDARY
7460,346,REVIEWED_TEXT,DV09-081,BOUNDARY
7461,346,REVIEWED_TEXT,DV09-081,BOUNDARY
7462,346,REVIEWED_TEXT,DV09-081,BOUNDARY
7463,346,REVIEWED_TEXT,DV09-081,BOUNDARY
7464,346,REVIEWED_TEXT,DV09-081,BOUNDARY
7465,346,REVIEWED_TEXT,DV09-081,BOUNDARY
7466,346,BLANK,DV09-081,BOUNDARY
7467,346,REVIEWED_TEXT,DV09-081,BOUNDARY
7468,346,REVIEWED_TEXT,DV09-081,BOUNDARY
7469,346,REVIEWED_TEXT,DV09-081,BOUNDARY
7470,346,BLANK,DV09-081,BOUNDARY
7471,346,REVIEWED_TEXT,DV09-081,BOUNDARY
7472,346,REVIEWED_TEXT,DV09-081,BOUNDARY
7473,346,REVIEWED_TEXT,DV09-081,BOUNDARY
7474,346,REVIEWED_TEXT,DV09-081,BOUNDARY
7475,346,REVIEWED_TEXT,DV09-081,BOUNDARY
7476,346,REVIEWED_TEXT,DV09-081,BOUNDARY
7477,346,REVIEWED_TEXT,DV09-081,BOUNDARY
7478,346,REVIEWED_TEXT,DV09-081,BOUNDARY
7479,346,BLANK,DV09-081,BOUNDARY
7480,346,REVIEWED_TEXT,DV09-081,BOUNDARY
7481,346,BLANK,DV09-081,BOUNDARY
7482,346,REVIEWED_TEXT,DV09-081,BOUNDARY
7483,346,REVIEWED_TEXT,DV09-081,BOUNDARY
7484,346,REVIEWED_TEXT,DV09-081,BOUNDARY
7485,346,BLANK,DV09-081,BOUNDARY
7486,346,REVIEWED_TEXT,DV09-081,BOUNDARY
7487,346,REVIEWED_TEXT,DV09-081,BOUNDARY
7488,346,REVIEWED_TEXT,DV09-081,BOUNDARY
7489,346,REVIEWED_TEXT,DV09-081,BOUNDARY
7490,346,REVIEWED_TEXT,DV09-081,BOUNDARY
7491,346,REVIEWED_TEXT,DV09-081,BOUNDARY
7492,346,REVIEWED_TEXT,DV09-081,BOUNDARY
7493,346,REVIEWED_TEXT,DV09-081,BOUNDARY
7494,346,REVIEWED_TEXT,DV09-081,BOUNDARY
7495,346,REVIEWED_TEXT,DV09-081,BOUNDARY
7496,346,REVIEWED_TEXT,DV09-081,BOUNDARY
7497,346,BLANK,DV09-081,BOUNDARY
7498,346,REVIEWED_TEXT,DV09-081,BOUNDARY
7499,346,BLANK,DV09-081,BOUNDARY
7500,347,PAGE_MARKER,DV09-081,BOUNDARY
7501,347,BOILERPLATE,DV09-081,BOUNDARY
7502,347,BOILERPLATE,DV09-081,BOUNDARY
7503,347,BLANK,DV09-081,BOUNDARY
7504,347,BOILERPLATE,DV09-081,BOUNDARY
7505,347,BOILERPLATE,DV09-081,BOUNDARY
7506,347,REVIEWED_TEXT,DV09-081,BOUNDARY
7507,347,REVIEWED_TEXT,DV09-081,BOUNDARY
7508,347,REVIEWED_TEXT,DV09-081,BOUNDARY
7509,347,REVIEWED_TEXT,DV09-081,BOUNDARY
7510,347,REVIEWED_TEXT,DV09-081,BOUNDARY
7511,347,REVIEWED_TEXT,DV09-081,BOUNDARY
7512,347,REVIEWED_TEXT,DV09-081,BOUNDARY
7513,347,REVIEWED_TEXT,DV09-081,BOUNDARY
7514,347,REVIEWED_TEXT,DV09-081,BOUNDARY
7515,347,REVIEWED_TEXT,DV09-081,BOUNDARY
7516,347,REVIEWED_TEXT,DV09-081,BOUNDARY
7517,347,REVIEWED_TEXT,DV09-081,BOUNDARY
7518,347,REVIEWED_TEXT,DV09-081,BOUNDARY
7519,347,REVIEWED_TEXT,DV09-081,BOUNDARY
7520,347,REVIEWED_TEXT,DV09-081,BOUNDARY
7521,347,REVIEWED_TEXT,DV09-081,BOUNDARY
7522,347,REVIEWED_TEXT,DV09-081,BOUNDARY
7523,347,BLANK,DV09-081,BOUNDARY
7524,347,REVIEWED_TEXT,DV09-081,BOUNDARY
7525,347,BLANK,DV09-081,BOUNDARY
7526,347,REVIEWED_TEXT,DV09-081,BOUNDARY
7527,347,REVIEWED_TEXT,DV09-081,BOUNDARY
7528,347,REVIEWED_TEXT,DV09-081,BOUNDARY
7529,347,REVIEWED_TEXT,DV09-081,BOUNDARY
7530,347,REVIEWED_TEXT,DV09-081,BOUNDARY
7531,347,BLANK,DV09-081,BOUNDARY
7532,347,REVIEWED_TEXT,DV09-081,BOUNDARY
7533,347,REVIEWED_TEXT,DV09-081,BOUNDARY
7534,347,REVIEWED_TEXT,DV09-081,BOUNDARY
7535,347,BLANK,DV09-081,BOUNDARY
7536,347,REVIEWED_TEXT,DV09-081,BOUNDARY
7537,347,REVIEWED_TEXT,DV09-081,BOUNDARY
7538,347,REVIEWED_TEXT,DV09-081,BOUNDARY
7539,347,REVIEWED_TEXT,DV09-081,BOUNDARY
7540,347,REVIEWED_TEXT,DV09-081,BOUNDARY
7541,347,REVIEWED_TEXT,DV09-081,BOUNDARY
7542,347,REVIEWED_TEXT,DV09-081,BOUNDARY
7543,347,REVIEWED_TEXT,DV09-081,BOUNDARY
7544,347,REVIEWED_TEXT,DV09-081,BOUNDARY
7545,347,BLANK,DV09-081,BOUNDARY
7546,347,REVIEWED_TEXT,DV09-081,BOUNDARY
7547,347,BLANK,DV09-081,BOUNDARY
7548,347,REVIEWED_TEXT,DV09-081,BOUNDARY
7549,347,REVIEWED_TEXT,DV09-081,BOUNDARY
7550,347,REVIEWED_TEXT,DV09-081,BOUNDARY
7551,347,BLANK,DV09-081,BOUNDARY
7552,348,PAGE_MARKER,DV09-081,BOUNDARY
7553,348,BOILERPLATE,DV09-081,BOUNDARY
7554,348,BOILERPLATE,DV09-081,BOUNDARY
7555,348,BLANK,DV09-081,BOUNDARY
7556,348,BOILERPLATE,DV09-081,BOUNDARY
7557,348,BOILERPLATE,DV09-081,BOUNDARY
7558,348,REVIEWED_TEXT,DV09-081,BOUNDARY
7559,348,REVIEWED_TEXT,DV09-081,BOUNDARY
7560,348,REVIEWED_TEXT,DV09-081,BOUNDARY
7561,348,REVIEWED_TEXT,DV09-081,BOUNDARY
7562,348,REVIEWED_TEXT,DV09-081,BOUNDARY
7563,348,REVIEWED_TEXT,DV09-081,BOUNDARY
7564,348,REVIEWED_TEXT,DV09-081,BOUNDARY
7565,348,REVIEWED_TEXT,DV09-081,BOUNDARY
7566,348,REVIEWED_TEXT,DV09-081,BOUNDARY
7567,348,REVIEWED_TEXT,DV09-081,BOUNDARY
7568,348,REVIEWED_TEXT,DV09-081,BOUNDARY
7569,348,REVIEWED_TEXT,DV09-081,BOUNDARY
7570,348,REVIEWED_TEXT,DV09-081,BOUNDARY
7571,348,REVIEWED_TEXT,DV09-081,BOUNDARY
7572,348,REVIEWED_TEXT,DV09-081,BOUNDARY
7573,348,REVIEWED_TEXT,DV09-081,BOUNDARY
7574,348,REVIEWED_TEXT,DV09-081,BOUNDARY
7575,348,REVIEWED_TEXT,DV09-081,BOUNDARY
7576,348,REVIEWED_TEXT,DV09-081,BOUNDARY
7577,348,REVIEWED_TEXT,DV09-081,BOUNDARY
7578,348,REVIEWED_TEXT,DV09-081,BOUNDARY
7579,348,BLANK,DV09-081,BOUNDARY
7580,348,REVIEWED_TEXT,DV09-081,BOUNDARY
7581,348,REVIEWED_TEXT,DV09-081,BOUNDARY
7582,348,REVIEWED_TEXT,DV09-081,BOUNDARY
7583,348,REVIEWED_TEXT,DV09-081,BOUNDARY
7584,348,REVIEWED_TEXT,DV09-081,BOUNDARY
7585,348,REVIEWED_TEXT,DV09-081,BOUNDARY
7586,348,BLANK,DV09-081,BOUNDARY
7587,348,REVIEWED_TEXT,DV09-081,BOUNDARY
7588,348,REVIEWED_TEXT,DV09-081,BOUNDARY
7589,348,BLANK,DV09-081,BOUNDARY
7590,348,REVIEWED_TEXT,DV09-081,BOUNDARY
7591,348,REVIEWED_TEXT,DV09-081,BOUNDARY
7592,348,REVIEWED_TEXT,DV09-081,BOUNDARY
7593,348,REVIEWED_TEXT,DV09-081,BOUNDARY
7594,348,REVIEWED_TEXT,DV09-081,BOUNDARY
7595,348,REVIEWED_TEXT,DV09-081,BOUNDARY
7596,348,REVIEWED_TEXT,DV09-081,BOUNDARY
7597,348,REVIEWED_TEXT,DV09-081,BOUNDARY
7598,348,BLANK,DV09-081,BOUNDARY
7599,348,REVIEWED_TEXT,DV09-081,BOUNDARY
7600,348,REVIEWED_TEXT,DV09-081,BOUNDARY
7601,348,REVIEWED_TEXT,DV09-081,BOUNDARY
7602,348,BLANK,DV09-081,BOUNDARY
7603,348,REVIEWED_TEXT,DV09-081,BOUNDARY
7604,348,REVIEWED_TEXT,DV09-081,BOUNDARY
7605,348,REVIEWED_TEXT,DV09-081,BOUNDARY
7606,348,REVIEWED_TEXT,DV09-081,BOUNDARY
7607,348,REVIEWED_TEXT,DV09-081,BOUNDARY
7608,348,BLANK,DV09-081,BOUNDARY
7609,348,BLANK,DV09-081,BOUNDARY
7610,349,PAGE_MARKER,DV09-081,BOUNDARY
7611,349,BOILERPLATE,DV09-081,BOUNDARY
7612,349,BOILERPLATE,DV09-081,BOUNDARY
7613,349,BLANK,DV09-081,BOUNDARY
7614,349,BOILERPLATE,DV09-081,BOUNDARY
7615,349,BOILERPLATE,DV09-081,BOUNDARY
7616,349,BLANK,DV09-081,BOUNDARY
7617,350,PAGE_MARKER,DV09-082,VERIFIED_SUBSET
7618,350,BOILERPLATE,DV09-082,VERIFIED_SUBSET
7619,350,BOILERPLATE,DV09-082,VERIFIED_SUBSET
7620,350,BLANK,DV09-082,VERIFIED_SUBSET
7621,350,BOILERPLATE,DV09-082,VERIFIED_SUBSET
7622,350,BOILERPLATE,DV09-082,VERIFIED_SUBSET
7623,350,REVIEWED_TEXT,DV09-082,VERIFIED_SUBSET
7624,350,REVIEWED_TEXT,DV09-082,VERIFIED_SUBSET
7625,350,REVIEWED_TEXT,DV09-082,VERIFIED_SUBSET
7626,350,BOILERPLATE,DV09-082,VERIFIED_SUBSET
7627,350,REVIEWED_TEXT,DV09-082,VERIFIED_SUBSET
7628,350,REVIEWED_TEXT,DV09-082,VERIFIED_SUBSET
7629,350,BOILERPLATE,DV09-082,VERIFIED_SUBSET
7630,350,REVIEWED_TEXT,DV09-082,VERIFIED_SUBSET
7631,350,REVIEWED_TEXT,DV09-082,VERIFIED_SUBSET
7632,350,BOILERPLATE,DV09-082,VERIFIED_SUBSET
7633,350,REVIEWED_TEXT,DV09-082,VERIFIED_SUBSET
7634,350,REVIEWED_TEXT,DV09-082,VERIFIED_SUBSET
7635,350,BOILERPLATE,DV09-082,VERIFIED_SUBSET
7636,350,REVIEWED_TEXT,DV09-082,VERIFIED_SUBSET
7637,350,REVIEWED_TEXT,DV09-082,VERIFIED_SUBSET
7638,350,BLANK,DV09-082,VERIFIED_SUBSET
7639,351,PAGE_MARKER,DV09-082,VERIFIED_SUBSET
7640,351,BOILERPLATE,DV09-082,VERIFIED_SUBSET
7641,351,BOILERPLATE,DV09-082,VERIFIED_SUBSET
7642,351,BLANK,DV09-082,VERIFIED_SUBSET
7643,351,BOILERPLATE,DV09-082,VERIFIED_SUBSET
7644,351,BOILERPLATE,DV09-082,VERIFIED_SUBSET
7645,351,REVIEWED_TEXT,DV09-082,VERIFIED_SUBSET
7646,351,REVIEWED_TEXT,DV09-082,VERIFIED_SUBSET
7647,351,REVIEWED_TEXT,DV09-082,VERIFIED_SUBSET
7648,351,BOILERPLATE,DV09-082,VERIFIED_SUBSET
7649,351,REVIEWED_TEXT,DV09-082,VERIFIED_SUBSET
7650,351,REVIEWED_TEXT,DV09-082,VERIFIED_SUBSET
7651,351,REVIEWED_TEXT,DV09-082,VERIFIED_SUBSET
7652,351,BOILERPLATE,DV09-082,VERIFIED_SUBSET
7653,351,REVIEWED_TEXT,DV09-082,VERIFIED_SUBSET
7654,351,REVIEWED_TEXT,DV09-082,VERIFIED_SUBSET
7655,351,REVIEWED_TEXT,DV09-082,VERIFIED_SUBSET
7656,351,BOILERPLATE,DV09-082,VERIFIED_SUBSET
7657,351,REVIEWED_TEXT,DV09-082,VERIFIED_SUBSET
7658,351,REVIEWED_TEXT,DV09-082,VERIFIED_SUBSET
7659,351,BLANK,DV09-082,VERIFIED_SUBSET
7660,352,PAGE_MARKER,DV09-082,VERIFIED_SUBSET
7661,352,BOILERPLATE,DV09-082,VERIFIED_SUBSET
7662,352,BOILERPLATE,DV09-082,VERIFIED_SUBSET
7663,352,BLANK,DV09-082,VERIFIED_SUBSET
7664,352,BOILERPLATE,DV09-082,VERIFIED_SUBSET
7665,352,BOILERPLATE,DV09-082,VERIFIED_SUBSET
7666,352,REVIEWED_TEXT,DV09-082,VERIFIED_SUBSET
7667,352,BOILERPLATE,DV09-082,VERIFIED_SUBSET
7668,352,REVIEWED_TEXT,DV09-082,VERIFIED_SUBSET
7669,352,REVIEWED_TEXT,DV09-082,VERIFIED_SUBSET
7670,352,BOILERPLATE,DV09-082,VERIFIED_SUBSET
7671,352,REVIEWED_TEXT,DV09-082,VERIFIED_SUBSET
7672,352,REVIEWED_TEXT,DV09-082,VERIFIED_SUBSET
7673,352,REVIEWED_TEXT,DV09-082,VERIFIED_SUBSET
7674,352,REVIEWED_TEXT,DV09-082,VERIFIED_SUBSET
7675,352,REVIEWED_TEXT,DV09-082,VERIFIED_SUBSET
7676,352,BLANK,DV09-082,VERIFIED_SUBSET
7677,353,PAGE_MARKER,DV09-083,BOUNDARY
7678,353,BOILERPLATE,DV09-083,BOUNDARY
7679,353,BOILERPLATE,DV09-083,BOUNDARY
7680,353,BLANK,DV09-083,BOUNDARY
7681,353,BOILERPLATE,DV09-083,BOUNDARY
7682,353,BOILERPLATE,DV09-083,BOUNDARY
7683,353,REVIEWED_TEXT,DV09-083,BOUNDARY
7684,353,REVIEWED_TEXT,DV09-083,BOUNDARY
7685,353,REVIEWED_TEXT,DV09-083,BOUNDARY
7686,353,REVIEWED_TEXT,DV09-083,BOUNDARY
7687,353,REVIEWED_TEXT,DV09-083,BOUNDARY
7688,353,BOILERPLATE,DV09-083,BOUNDARY
7689,353,REVIEWED_TEXT,DV09-083,BOUNDARY
7690,353,BOILERPLATE,DV09-083,BOUNDARY
7691,353,REVIEWED_TEXT,DV09-083,BOUNDARY
7692,353,BOILERPLATE,DV09-083,BOUNDARY
7693,353,REVIEWED_TEXT,DV09-083,BOUNDARY
7694,353,BOILERPLATE,DV09-083,BOUNDARY
7695,353,REVIEWED_TEXT,DV09-083,BOUNDARY
7696,353,BLANK,DV09-083,BOUNDARY
7697,354,PAGE_MARKER,DV09-083,BOUNDARY
7698,354,BOILERPLATE,DV09-083,BOUNDARY
7699,354,BOILERPLATE,DV09-083,BOUNDARY
7700,354,BLANK,DV09-083,BOUNDARY
7701,354,BOILERPLATE,DV09-083,BOUNDARY
7702,354,BOILERPLATE,DV09-083,BOUNDARY
7703,354,REVIEWED_TEXT,DV09-083,BOUNDARY
7704,354,REVIEWED_TEXT,DV09-083,BOUNDARY
7705,354,REVIEWED_TEXT,DV09-083,BOUNDARY
7706,354,REVIEWED_TEXT,DV09-083,BOUNDARY
7707,354,REVIEWED_TEXT,DV09-083,BOUNDARY
7708,354,REVIEWED_TEXT,DV09-083,BOUNDARY
7709,354,BOILERPLATE,DV09-083,BOUNDARY
7710,354,REVIEWED_TEXT,DV09-083,BOUNDARY
7711,354,BOILERPLATE,DV09-083,BOUNDARY
7712,354,REVIEWED_TEXT,DV09-083,BOUNDARY
7713,354,BOILERPLATE,DV09-083,BOUNDARY
7714,354,REVIEWED_TEXT,DV09-083,BOUNDARY
7715,354,BOILERPLATE,DV09-083,BOUNDARY
7716,354,REVIEWED_TEXT,DV09-083,BOUNDARY
7717,354,BOILERPLATE,DV09-083,BOUNDARY
7718,354,REVIEWED_TEXT,DV09-083,BOUNDARY
7719,354,BOILERPLATE,DV09-083,BOUNDARY
7720,354,REVIEWED_TEXT,DV09-083,BOUNDARY
7721,354,BOILERPLATE,DV09-083,BOUNDARY
7722,354,REVIEWED_TEXT,DV09-083,BOUNDARY
7723,354,BOILERPLATE,DV09-083,BOUNDARY
7724,354,REVIEWED_TEXT,DV09-083,BOUNDARY
7725,354,BLANK,DV09-083,BOUNDARY
7726,355,PAGE_MARKER,DV09-084,VERIFIED_SUBSET
7727,355,BOILERPLATE,DV09-084,VERIFIED_SUBSET
7728,355,BOILERPLATE,DV09-084,VERIFIED_SUBSET
7729,355,BLANK,DV09-084,VERIFIED_SUBSET
7730,355,BOILERPLATE,DV09-084,VERIFIED_SUBSET
7731,355,BOILERPLATE,DV09-084,VERIFIED_SUBSET
7732,355,REVIEWED_TEXT,DV09-084,VERIFIED_SUBSET
7733,355,REVIEWED_TEXT,DV09-084,VERIFIED_SUBSET
7734,355,REVIEWED_TEXT,DV09-084,VERIFIED_SUBSET
7735,355,REVIEWED_TEXT,DV09-084,VERIFIED_SUBSET
7736,355,BLANK,DV09-084,VERIFIED_SUBSET
7737,356,PAGE_MARKER,DV09-084,VERIFIED_SUBSET
7738,356,BOILERPLATE,DV09-084,VERIFIED_SUBSET
7739,356,BOILERPLATE,DV09-084,VERIFIED_SUBSET
7740,356,BLANK,DV09-084,VERIFIED_SUBSET
7741,356,BOILERPLATE,DV09-084,VERIFIED_SUBSET
7742,356,BOILERPLATE,DV09-084,VERIFIED_SUBSET
7743,356,REVIEWED_TEXT,DV09-084,VERIFIED_SUBSET
7744,356,REVIEWED_TEXT,DV09-084,VERIFIED_SUBSET
7745,356,BLANK,DV09-084,VERIFIED_SUBSET
7746,356,REVIEWED_TEXT,DV09-084,VERIFIED_SUBSET
7747,356,REVIEWED_TEXT,DV09-084,VERIFIED_SUBSET
7748,356,BLANK,DV09-084,VERIFIED_SUBSET
7749,357,PAGE_MARKER,DV09-084,VERIFIED_SUBSET
7750,357,BOILERPLATE,DV09-084,VERIFIED_SUBSET
7751,357,BOILERPLATE,DV09-084,VERIFIED_SUBSET
7752,357,BLANK,DV09-084,VERIFIED_SUBSET
7753,357,BOILERPLATE,DV09-084,VERIFIED_SUBSET
7754,357,BOILERPLATE,DV09-084,VERIFIED_SUBSET
7755,357,REVIEWED_TEXT,DV09-084,VERIFIED_SUBSET
7756,357,REVIEWED_TEXT,DV09-084,VERIFIED_SUBSET
7757,357,REVIEWED_TEXT,DV09-084,VERIFIED_SUBSET
7758,357,BLANK,DV09-084,VERIFIED_SUBSET
7759,357,REVIEWED_TEXT,DV09-084,VERIFIED_SUBSET
7760,357,BLANK,DV09-084,VERIFIED_SUBSET
7761,358,PAGE_MARKER,DV09-084,VERIFIED_SUBSET
7762,358,BOILERPLATE,DV09-084,VERIFIED_SUBSET
7763,358,BOILERPLATE,DV09-084,VERIFIED_SUBSET
7764,358,BLANK,DV09-084,VERIFIED_SUBSET
7765,358,BOILERPLATE,DV09-084,VERIFIED_SUBSET
7766,358,BOILERPLATE,DV09-084,VERIFIED_SUBSET
7767,358,REVIEWED_TEXT,DV09-084,VERIFIED_SUBSET
7768,358,REVIEWED_TEXT,DV09-084,VERIFIED_SUBSET
7769,358,REVIEWED_TEXT,DV09-084,VERIFIED_SUBSET
7770,358,BLANK,DV09-084,VERIFIED_SUBSET
7771,358,REVIEWED_TEXT,DV09-084,VERIFIED_SUBSET
7772,358,BLANK,DV09-084,VERIFIED_SUBSET
7773,359,PAGE_MARKER,DV09-084,VERIFIED_SUBSET
7774,359,BOILERPLATE,DV09-084,VERIFIED_SUBSET
7775,359,BOILERPLATE,DV09-084,VERIFIED_SUBSET
7776,359,BLANK,DV09-084,VERIFIED_SUBSET
7777,359,BOILERPLATE,DV09-084,VERIFIED_SUBSET
7778,359,BOILERPLATE,DV09-084,VERIFIED_SUBSET
7779,359,REVIEWED_TEXT,DV09-084,VERIFIED_SUBSET
7780,359,REVIEWED_TEXT,DV09-084,VERIFIED_SUBSET
7781,359,REVIEWED_TEXT,DV09-084,VERIFIED_SUBSET
7782,359,BLANK,DV09-084,VERIFIED_SUBSET
7783,359,REVIEWED_TEXT,DV09-084,VERIFIED_SUBSET
7784,359,BLANK,DV09-084,VERIFIED_SUBSET
7785,360,PAGE_MARKER,DV09-084,VERIFIED_SUBSET
7786,360,BOILERPLATE,DV09-084,VERIFIED_SUBSET
7787,360,BOILERPLATE,DV09-084,VERIFIED_SUBSET
7788,360,BLANK,DV09-084,VERIFIED_SUBSET
7789,360,BOILERPLATE,DV09-084,VERIFIED_SUBSET
7790,360,BOILERPLATE,DV09-084,VERIFIED_SUBSET
7791,360,REVIEWED_TEXT,DV09-084,VERIFIED_SUBSET
7792,360,REVIEWED_TEXT,DV09-084,VERIFIED_SUBSET
7793,360,REVIEWED_TEXT,DV09-084,VERIFIED_SUBSET
7794,360,BLANK,DV09-084,VERIFIED_SUBSET
7795,361,PAGE_MARKER,DV09-084,VERIFIED_SUBSET
7796,361,BOILERPLATE,DV09-084,VERIFIED_SUBSET
7797,361,BOILERPLATE,DV09-084,VERIFIED_SUBSET
7798,361,BLANK,DV09-084,VERIFIED_SUBSET
7799,361,BOILERPLATE,DV09-084,VERIFIED_SUBSET
7800,361,BOILERPLATE,DV09-084,VERIFIED_SUBSET
7801,361,REVIEWED_TEXT,DV09-084,VERIFIED_SUBSET
7802,361,REVIEWED_TEXT,DV09-084,VERIFIED_SUBSET
7803,361,REVIEWED_TEXT,DV09-084,VERIFIED_SUBSET
7804,361,BLANK,DV09-084,VERIFIED_SUBSET
7805,361,REVIEWED_TEXT,DV09-084,VERIFIED_SUBSET
7806,361,REVIEWED_TEXT,DV09-084,VERIFIED_SUBSET
7807,361,REVIEWED_TEXT,DV09-084,VERIFIED_SUBSET
7808,361,REVIEWED_TEXT,DV09-084,VERIFIED_SUBSET
7809,361,BLANK,DV09-084,VERIFIED_SUBSET
7810,362,PAGE_MARKER,DV09-085,VERIFIED_SUBSET
7811,362,BOILERPLATE,DV09-085,VERIFIED_SUBSET
7812,362,BOILERPLATE,DV09-085,VERIFIED_SUBSET
7813,362,BLANK,DV09-085,VERIFIED_SUBSET
7814,362,BOILERPLATE,DV09-085,VERIFIED_SUBSET
7815,362,BOILERPLATE,DV09-085,VERIFIED_SUBSET
7816,362,REVIEWED_TEXT,DV09-085,VERIFIED_SUBSET
7817,362,REVIEWED_TEXT,DV09-085,VERIFIED_SUBSET
7818,362,REVIEWED_TEXT,DV09-085,VERIFIED_SUBSET
7819,362,REVIEWED_TEXT,DV09-085,VERIFIED_SUBSET
7820,362,REVIEWED_TEXT,DV09-085,VERIFIED_SUBSET
7821,362,REVIEWED_TEXT,DV09-085,VERIFIED_SUBSET
7822,362,REVIEWED_TEXT,DV09-085,VERIFIED_SUBSET
7823,362,REVIEWED_TEXT,DV09-085,VERIFIED_SUBSET
7824,362,REVIEWED_TEXT,DV09-085,VERIFIED_SUBSET
7825,362,BLANK,DV09-085,VERIFIED_SUBSET
7826,362,BLANK,DV09-085,VERIFIED_SUBSET
7827,363,PAGE_MARKER,DV09-085,VERIFIED_SUBSET
7828,363,BOILERPLATE,DV09-085,VERIFIED_SUBSET
7829,363,BOILERPLATE,DV09-085,VERIFIED_SUBSET
7830,363,BLANK,DV09-085,VERIFIED_SUBSET
7831,363,BOILERPLATE,DV09-085,VERIFIED_SUBSET
7832,363,BOILERPLATE,DV09-085,VERIFIED_SUBSET
7833,363,REVIEWED_TEXT,DV09-085,VERIFIED_SUBSET
7834,363,REVIEWED_TEXT,DV09-085,VERIFIED_SUBSET
7835,363,BOILERPLATE,DV09-085,VERIFIED_SUBSET
7836,363,REVIEWED_TEXT,DV09-085,VERIFIED_SUBSET
7837,363,BOILERPLATE,DV09-085,VERIFIED_SUBSET
7838,363,REVIEWED_TEXT,DV09-085,VERIFIED_SUBSET
7839,363,BOILERPLATE,DV09-085,VERIFIED_SUBSET
7840,363,REVIEWED_TEXT,DV09-085,VERIFIED_SUBSET
7841,363,BOILERPLATE,DV09-085,VERIFIED_SUBSET
7842,363,REVIEWED_TEXT,DV09-085,VERIFIED_SUBSET
7843,363,BOILERPLATE,DV09-085,VERIFIED_SUBSET
7844,363,REVIEWED_TEXT,DV09-085,VERIFIED_SUBSET
7845,363,BOILERPLATE,DV09-085,VERIFIED_SUBSET
7846,363,REVIEWED_TEXT,DV09-085,VERIFIED_SUBSET
7847,363,BOILERPLATE,DV09-085,VERIFIED_SUBSET
7848,363,REVIEWED_TEXT,DV09-085,VERIFIED_SUBSET
7849,363,BOILERPLATE,DV09-085,VERIFIED_SUBSET
7850,363,REVIEWED_TEXT,DV09-085,VERIFIED_SUBSET
7851,363,BOILERPLATE,DV09-085,VERIFIED_SUBSET
7852,363,REVIEWED_TEXT,DV09-085,VERIFIED_SUBSET
7853,363,BOILERPLATE,DV09-085,VERIFIED_SUBSET
7854,363,REVIEWED_TEXT,DV09-085,VERIFIED_SUBSET
7855,363,BOILERPLATE,DV09-085,VERIFIED_SUBSET
7856,363,REVIEWED_TEXT,DV09-085,VERIFIED_SUBSET
7857,363,BLANK,DV09-085,VERIFIED_SUBSET
7858,364,PAGE_MARKER,DV09-086,VERIFIED_SUBSET
7859,364,BLANK,DV09-086,VERIFIED_SUBSET
7860,364,BLANK,DV09-086,VERIFIED_SUBSET
7861,364,BLANK,DV09-086,VERIFIED_SUBSET
7862,364,BLANK,DV09-086,VERIFIED_SUBSET
7863,364,BLANK,DV09-086,VERIFIED_SUBSET
7864,364,BOILERPLATE,DV09-086,VERIFIED_SUBSET
7865,364,BOILERPLATE,DV09-086,VERIFIED_SUBSET
7866,364,REVIEWED_TEXT,DV09-086,VERIFIED_SUBSET
7867,364,BLANK,DV09-086,VERIFIED_SUBSET
7868,365,PAGE_MARKER,DV09-086,VERIFIED_SUBSET
7869,365,BOILERPLATE,DV09-086,VERIFIED_SUBSET
7870,365,BOILERPLATE,DV09-086,VERIFIED_SUBSET
7871,365,BLANK,DV09-086,VERIFIED_SUBSET
7872,365,BOILERPLATE,DV09-086,VERIFIED_SUBSET
7873,365,BOILERPLATE,DV09-086,VERIFIED_SUBSET
7874,365,BLANK,DV09-086,VERIFIED_SUBSET
7875,366,PAGE_MARKER,DV09-086,VERIFIED_SUBSET
7876,366,BOILERPLATE,DV09-086,VERIFIED_SUBSET
7877,366,BOILERPLATE,DV09-086,VERIFIED_SUBSET
7878,366,BLANK,DV09-086,VERIFIED_SUBSET
7879,366,BOILERPLATE,DV09-086,VERIFIED_SUBSET
7880,366,BOILERPLATE,DV09-086,VERIFIED_SUBSET
7881,366,REVIEWED_TEXT,DV09-086,VERIFIED_SUBSET
7882,366,REVIEWED_TEXT,DV09-086,VERIFIED_SUBSET
7883,366,BOILERPLATE,DV09-086,VERIFIED_SUBSET
7884,366,REVIEWED_TEXT,DV09-086,VERIFIED_SUBSET
7885,366,BOILERPLATE,DV09-086,VERIFIED_SUBSET
7886,366,REVIEWED_TEXT,DV09-086,VERIFIED_SUBSET
7887,366,BOILERPLATE,DV09-086,VERIFIED_SUBSET
7888,366,REVIEWED_TEXT,DV09-086,VERIFIED_SUBSET
7889,366,BOILERPLATE,DV09-086,VERIFIED_SUBSET
7890,366,REVIEWED_TEXT,DV09-086,VERIFIED_SUBSET
7891,366,BLANK,DV09-086,VERIFIED_SUBSET
7892,366,REVIEWED_TEXT,DV09-086,VERIFIED_SUBSET
7893,366,BOILERPLATE,DV09-086,VERIFIED_SUBSET
7894,366,REVIEWED_TEXT,DV09-086,VERIFIED_SUBSET
7895,366,BOILERPLATE,DV09-086,VERIFIED_SUBSET
7896,366,REVIEWED_TEXT,DV09-086,VERIFIED_SUBSET
7897,366,BOILERPLATE,DV09-086,VERIFIED_SUBSET
7898,366,REVIEWED_TEXT,DV09-086,VERIFIED_SUBSET
7899,366,BLANK,DV09-086,VERIFIED_SUBSET
7900,367,PAGE_MARKER,DV09-086,VERIFIED_SUBSET
7901,367,BOILERPLATE,DV09-086,VERIFIED_SUBSET
7902,367,BOILERPLATE,DV09-086,VERIFIED_SUBSET
7903,367,BLANK,DV09-086,VERIFIED_SUBSET
7904,367,BOILERPLATE,DV09-086,VERIFIED_SUBSET
7905,367,BOILERPLATE,DV09-086,VERIFIED_SUBSET
7906,367,REVIEWED_TEXT,DV09-086,VERIFIED_SUBSET
7907,367,REVIEWED_TEXT,DV09-086,VERIFIED_SUBSET
7908,367,REVIEWED_TEXT,DV09-086,VERIFIED_SUBSET
7909,367,REVIEWED_TEXT,DV09-086,VERIFIED_SUBSET
7910,367,REVIEWED_TEXT,DV09-086,VERIFIED_SUBSET
7911,367,REVIEWED_TEXT,DV09-086,VERIFIED_SUBSET
7912,367,REVIEWED_TEXT,DV09-086,VERIFIED_SUBSET
7913,367,REVIEWED_TEXT,DV09-086,VERIFIED_SUBSET
7914,367,REVIEWED_TEXT,DV09-086,VERIFIED_SUBSET
7915,367,REVIEWED_TEXT,DV09-086,VERIFIED_SUBSET
7916,367,BLANK,DV09-086,VERIFIED_SUBSET
7917,368,PAGE_MARKER,DV09-086,VERIFIED_SUBSET
7918,368,BOILERPLATE,DV09-086,VERIFIED_SUBSET
7919,368,BOILERPLATE,DV09-086,VERIFIED_SUBSET
7920,368,BLANK,DV09-086,VERIFIED_SUBSET
7921,368,BOILERPLATE,DV09-086,VERIFIED_SUBSET
7922,368,BOILERPLATE,DV09-086,VERIFIED_SUBSET
7923,368,REVIEWED_TEXT,DV09-086,VERIFIED_SUBSET
7924,368,REVIEWED_TEXT,DV09-086,VERIFIED_SUBSET
7925,368,REVIEWED_TEXT,DV09-086,VERIFIED_SUBSET
7926,368,REVIEWED_TEXT,DV09-086,VERIFIED_SUBSET
7927,368,REVIEWED_TEXT,DV09-086,VERIFIED_SUBSET
7928,368,REVIEWED_TEXT,DV09-086,VERIFIED_SUBSET
7929,368,REVIEWED_TEXT,DV09-086,VERIFIED_SUBSET
7930,368,REVIEWED_TEXT,DV09-086,VERIFIED_SUBSET
7931,368,REVIEWED_TEXT,DV09-086,VERIFIED_SUBSET
7932,368,REVIEWED_TEXT,DV09-086,VERIFIED_SUBSET
7933,368,REVIEWED_TEXT,DV09-086,VERIFIED_SUBSET
7934,368,REVIEWED_TEXT,DV09-086,VERIFIED_SUBSET
7935,368,REVIEWED_TEXT,DV09-086,VERIFIED_SUBSET
7936,368,REVIEWED_TEXT,DV09-086,VERIFIED_SUBSET
7937,368,REVIEWED_TEXT,DV09-086,VERIFIED_SUBSET
7938,368,REVIEWED_TEXT,DV09-086,VERIFIED_SUBSET
7939,368,REVIEWED_TEXT,DV09-086,VERIFIED_SUBSET
7940,368,REVIEWED_TEXT,DV09-086,VERIFIED_SUBSET
7941,368,BLANK,DV09-086,VERIFIED_SUBSET
7942,368,REVIEWED_TEXT,DV09-086,VERIFIED_SUBSET
7943,368,BLANK,DV09-086,VERIFIED_SUBSET
7944,368,REVIEWED_TEXT,DV09-086,VERIFIED_SUBSET
7945,368,BLANK,DV09-086,VERIFIED_SUBSET
7946,368,REVIEWED_TEXT,DV09-086,VERIFIED_SUBSET
7947,368,BLANK,DV09-086,VERIFIED_SUBSET
7948,368,REVIEWED_TEXT,DV09-086,VERIFIED_SUBSET
7949,368,BLANK,DV09-086,VERIFIED_SUBSET
7950,368,REVIEWED_TEXT,DV09-086,VERIFIED_SUBSET
7951,368,REVIEWED_TEXT,DV09-086,VERIFIED_SUBSET
7952,368,BLANK,DV09-086,VERIFIED_SUBSET
7953,368,REVIEWED_TEXT,DV09-086,VERIFIED_SUBSET
7954,368,BLANK,DV09-086,VERIFIED_SUBSET
7955,368,REVIEWED_TEXT,DV09-086,VERIFIED_SUBSET
7956,368,BLANK,DV09-086,VERIFIED_SUBSET
7957,368,REVIEWED_TEXT,DV09-086,VERIFIED_SUBSET
7958,368,BLANK,DV09-086,VERIFIED_SUBSET
7959,368,REVIEWED_TEXT,DV09-086,VERIFIED_SUBSET
7960,368,BLANK,DV09-086,VERIFIED_SUBSET
7961,368,REVIEWED_TEXT,DV09-086,VERIFIED_SUBSET
7962,368,BLANK,DV09-086,VERIFIED_SUBSET
7963,368,REVIEWED_TEXT,DV09-086,VERIFIED_SUBSET
7964,368,BLANK,DV09-086,VERIFIED_SUBSET
7965,368,REVIEWED_TEXT,DV09-086,VERIFIED_SUBSET
7966,368,BLANK,DV09-086,VERIFIED_SUBSET
7967,369,PAGE_MARKER,DV09-086,VERIFIED_SUBSET
7968,369,BOILERPLATE,DV09-086,VERIFIED_SUBSET
7969,369,BOILERPLATE,DV09-086,VERIFIED_SUBSET
7970,369,BLANK,DV09-086,VERIFIED_SUBSET
7971,369,BOILERPLATE,DV09-086,VERIFIED_SUBSET
7972,369,BOILERPLATE,DV09-086,VERIFIED_SUBSET
7973,369,BLANK,DV09-086,VERIFIED_SUBSET
7974,370,PAGE_MARKER,DV09-086,VERIFIED_SUBSET
7975,370,BOILERPLATE,DV09-086,VERIFIED_SUBSET
7976,370,BOILERPLATE,DV09-086,VERIFIED_SUBSET
7977,370,BLANK,DV09-086,VERIFIED_SUBSET
7978,370,BOILERPLATE,DV09-086,VERIFIED_SUBSET
7979,370,BOILERPLATE,DV09-086,VERIFIED_SUBSET
7980,370,REVIEWED_TEXT,DV09-086,VERIFIED_SUBSET
7981,370,REVIEWED_TEXT,DV09-086,VERIFIED_SUBSET
7982,370,BLANK,DV09-086,VERIFIED_SUBSET
7983,370,REVIEWED_TEXT,DV09-086,VERIFIED_SUBSET
7984,370,REVIEWED_TEXT,DV09-086,VERIFIED_SUBSET
7985,370,REVIEWED_TEXT,DV09-086,VERIFIED_SUBSET
7986,370,REVIEWED_TEXT,DV09-086,VERIFIED_SUBSET
7987,370,REVIEWED_TEXT,DV09-086,VERIFIED_SUBSET
7988,370,REVIEWED_TEXT,DV09-086,VERIFIED_SUBSET
7989,370,REVIEWED_TEXT,DV09-086,VERIFIED_SUBSET
7990,370,REVIEWED_TEXT,DV09-086,VERIFIED_SUBSET
7991,370,BLANK,DV09-086,VERIFIED_SUBSET
7992,370,REVIEWED_TEXT,DV09-086,VERIFIED_SUBSET
7993,370,BLANK,DV09-086,VERIFIED_SUBSET
7994,370,REVIEWED_TEXT,DV09-086,VERIFIED_SUBSET
7995,370,BLANK,DV09-086,VERIFIED_SUBSET
7996,370,BLANK,DV09-086,VERIFIED_SUBSET
7997,370,REVIEWED_TEXT,DV09-086,VERIFIED_SUBSET
7998,370,REVIEWED_TEXT,DV09-086,VERIFIED_SUBSET
7999,370,REVIEWED_TEXT,DV09-086,VERIFIED_SUBSET
8000,370,REVIEWED_TEXT,DV09-086,VERIFIED_SUBSET
8001,370,REVIEWED_TEXT,DV09-086,VERIFIED_SUBSET
8002,370,REVIEWED_TEXT,DV09-086,VERIFIED_SUBSET
8003,370,REVIEWED_TEXT,DV09-086,VERIFIED_SUBSET
8004,370,REVIEWED_TEXT,DV09-086,VERIFIED_SUBSET
8005,370,REVIEWED_TEXT,DV09-086,VERIFIED_SUBSET
8006,370,REVIEWED_TEXT,DV09-086,VERIFIED_SUBSET
8007,370,REVIEWED_TEXT,DV09-086,VERIFIED_SUBSET
8008,370,BLANK,DV09-086,VERIFIED_SUBSET
8009,370,REVIEWED_TEXT,DV09-086,VERIFIED_SUBSET
8010,370,BLANK,DV09-086,VERIFIED_SUBSET
8011,370,REVIEWED_TEXT,DV09-086,VERIFIED_SUBSET
8012,370,BLANK,DV09-086,VERIFIED_SUBSET
8013,370,REVIEWED_TEXT,DV09-086,VERIFIED_SUBSET
8014,370,REVIEWED_TEXT,DV09-086,VERIFIED_SUBSET
8015,370,REVIEWED_TEXT,DV09-086,VERIFIED_SUBSET
8016,370,BLANK,DV09-086,VERIFIED_SUBSET
8017,370,REVIEWED_TEXT,DV09-086,VERIFIED_SUBSET
8018,370,BLANK,DV09-086,VERIFIED_SUBSET
8019,370,REVIEWED_TEXT,DV09-086,VERIFIED_SUBSET
8020,370,BLANK,DV09-086,VERIFIED_SUBSET
8021,370,REVIEWED_TEXT,DV09-086,VERIFIED_SUBSET
8022,370,BLANK,DV09-086,VERIFIED_SUBSET
8023,370,REVIEWED_TEXT,DV09-086,VERIFIED_SUBSET
8024,370,REVIEWED_TEXT,DV09-086,VERIFIED_SUBSET
8025,370,REVIEWED_TEXT,DV09-086,VERIFIED_SUBSET
8026,370,REVIEWED_TEXT,DV09-086,VERIFIED_SUBSET
8027,370,BLANK,DV09-086,VERIFIED_SUBSET
8028,370,REVIEWED_TEXT,DV09-086,VERIFIED_SUBSET
8029,370,REVIEWED_TEXT,DV09-086,VERIFIED_SUBSET
8030,370,REVIEWED_TEXT,DV09-086,VERIFIED_SUBSET
8031,370,REVIEWED_TEXT,DV09-086,VERIFIED_SUBSET
8032,370,REVIEWED_TEXT,DV09-086,VERIFIED_SUBSET
8033,370,BLANK,DV09-086,VERIFIED_SUBSET
8034,371,PAGE_MARKER,DV09-086,VERIFIED_SUBSET
8035,371,BOILERPLATE,DV09-086,VERIFIED_SUBSET
8036,371,BOILERPLATE,DV09-086,VERIFIED_SUBSET
8037,371,BLANK,DV09-086,VERIFIED_SUBSET
8038,371,BOILERPLATE,DV09-086,VERIFIED_SUBSET
8039,371,BOILERPLATE,DV09-086,VERIFIED_SUBSET
8040,371,REVIEWED_TEXT,DV09-086,VERIFIED_SUBSET
8041,371,REVIEWED_TEXT,DV09-086,VERIFIED_SUBSET
8042,371,REVIEWED_TEXT,DV09-086,VERIFIED_SUBSET
8043,371,REVIEWED_TEXT,DV09-086,VERIFIED_SUBSET
8044,371,REVIEWED_TEXT,DV09-086,VERIFIED_SUBSET
8045,371,REVIEWED_TEXT,DV09-086,VERIFIED_SUBSET
8046,371,REVIEWED_TEXT,DV09-086,VERIFIED_SUBSET
8047,371,REVIEWED_TEXT,DV09-086,VERIFIED_SUBSET
8048,371,REVIEWED_TEXT,DV09-086,VERIFIED_SUBSET
8049,371,REVIEWED_TEXT,DV09-086,VERIFIED_SUBSET
8050,371,REVIEWED_TEXT,DV09-086,VERIFIED_SUBSET
8051,371,REVIEWED_TEXT,DV09-086,VERIFIED_SUBSET
8052,371,REVIEWED_TEXT,DV09-086,VERIFIED_SUBSET
8053,371,REVIEWED_TEXT,DV09-086,VERIFIED_SUBSET
8054,371,BLANK,DV09-086,VERIFIED_SUBSET
8055,372,PAGE_MARKER,DV09-087,VERIFIED_SUBSET
8056,372,BOILERPLATE,DV09-087,VERIFIED_SUBSET
8057,372,BOILERPLATE,DV09-087,VERIFIED_SUBSET
8058,372,BLANK,DV09-087,VERIFIED_SUBSET
8059,372,BOILERPLATE,DV09-087,VERIFIED_SUBSET
8060,372,BOILERPLATE,DV09-087,VERIFIED_SUBSET
8061,372,REVIEWED_TEXT,DV09-087,VERIFIED_SUBSET
8062,372,BLANK,DV09-087,VERIFIED_SUBSET
8063,372,BLANK,DV09-087,VERIFIED_SUBSET
8064,372,BLANK,DV09-087,VERIFIED_SUBSET
8065,372,BLANK,DV09-087,VERIFIED_SUBSET
8066,372,BLANK,DV09-087,VERIFIED_SUBSET
8067,372,BLANK,DV09-087,VERIFIED_SUBSET
8068,372,BLANK,DV09-087,VERIFIED_SUBSET
8069,372,BLANK,DV09-087,VERIFIED_SUBSET
8070,372,BLANK,DV09-087,VERIFIED_SUBSET
8071,372,BLANK,DV09-087,VERIFIED_SUBSET
8072,372,BLANK,DV09-087,VERIFIED_SUBSET
8073,372,BLANK,DV09-087,VERIFIED_SUBSET
8074,372,BLANK,DV09-087,VERIFIED_SUBSET
8075,373,PAGE_MARKER,DV09-087,VERIFIED_SUBSET
8076,373,BOILERPLATE,DV09-087,VERIFIED_SUBSET
8077,373,BOILERPLATE,DV09-087,VERIFIED_SUBSET
8078,373,BLANK,DV09-087,VERIFIED_SUBSET
8079,373,BOILERPLATE,DV09-087,VERIFIED_SUBSET
8080,373,BOILERPLATE,DV09-087,VERIFIED_SUBSET
8081,373,REVIEWED_TEXT,DV09-087,VERIFIED_SUBSET
8082,373,REVIEWED_TEXT,DV09-087,VERIFIED_SUBSET
8083,373,REVIEWED_TEXT,DV09-087,VERIFIED_SUBSET
8084,373,REVIEWED_TEXT,DV09-087,VERIFIED_SUBSET
8085,373,REVIEWED_TEXT,DV09-087,VERIFIED_SUBSET
8086,373,REVIEWED_TEXT,DV09-087,VERIFIED_SUBSET
8087,373,REVIEWED_TEXT,DV09-087,VERIFIED_SUBSET
8088,373,BLANK,DV09-087,VERIFIED_SUBSET
8089,374,PAGE_MARKER,DV09-087,VERIFIED_SUBSET
8090,374,BOILERPLATE,DV09-087,VERIFIED_SUBSET
8091,374,BOILERPLATE,DV09-087,VERIFIED_SUBSET
8092,374,BLANK,DV09-087,VERIFIED_SUBSET
8093,374,BOILERPLATE,DV09-087,VERIFIED_SUBSET
8094,374,BOILERPLATE,DV09-087,VERIFIED_SUBSET
8095,374,REVIEWED_TEXT,DV09-087,VERIFIED_SUBSET
8096,374,BLANK,DV09-087,VERIFIED_SUBSET
8097,374,BLANK,DV09-087,VERIFIED_SUBSET
8098,375,PAGE_MARKER,DV09-087,VERIFIED_SUBSET
8099,375,BOILERPLATE,DV09-087,VERIFIED_SUBSET
8100,375,BOILERPLATE,DV09-087,VERIFIED_SUBSET
8101,375,BLANK,DV09-087,VERIFIED_SUBSET
8102,375,BOILERPLATE,DV09-087,VERIFIED_SUBSET
8103,375,BOILERPLATE,DV09-087,VERIFIED_SUBSET
8104,375,REVIEWED_TEXT,DV09-087,VERIFIED_SUBSET
8105,375,REVIEWED_TEXT,DV09-087,VERIFIED_SUBSET
8106,375,REVIEWED_TEXT,DV09-087,VERIFIED_SUBSET
8107,375,REVIEWED_TEXT,DV09-087,VERIFIED_SUBSET
8108,375,REVIEWED_TEXT,DV09-087,VERIFIED_SUBSET
8109,375,BOILERPLATE,DV09-087,VERIFIED_SUBSET
8110,375,REVIEWED_TEXT,DV09-087,VERIFIED_SUBSET
8111,375,REVIEWED_TEXT,DV09-087,VERIFIED_SUBSET
8112,375,BOILERPLATE,DV09-087,VERIFIED_SUBSET
8113,375,REVIEWED_TEXT,DV09-087,VERIFIED_SUBSET
8114,375,REVIEWED_TEXT,DV09-087,VERIFIED_SUBSET
8115,375,BLANK,DV09-087,VERIFIED_SUBSET
8116,376,PAGE_MARKER,DV09-087,VERIFIED_SUBSET
8117,376,BOILERPLATE,DV09-087,VERIFIED_SUBSET
8118,376,BOILERPLATE,DV09-087,VERIFIED_SUBSET
8119,376,BLANK,DV09-087,VERIFIED_SUBSET
8120,376,BOILERPLATE,DV09-087,VERIFIED_SUBSET
8121,376,BOILERPLATE,DV09-087,VERIFIED_SUBSET
8122,376,REVIEWED_TEXT,DV09-087,VERIFIED_SUBSET
8123,376,BLANK,DV09-087,VERIFIED_SUBSET
8124,376,BLANK,DV09-087,VERIFIED_SUBSET
8125,377,PAGE_MARKER,DV09-087,VERIFIED_SUBSET
8126,377,BOILERPLATE,DV09-087,VERIFIED_SUBSET
8127,377,BOILERPLATE,DV09-087,VERIFIED_SUBSET
8128,377,BLANK,DV09-087,VERIFIED_SUBSET
8129,377,BOILERPLATE,DV09-087,VERIFIED_SUBSET
8130,377,BOILERPLATE,DV09-087,VERIFIED_SUBSET
8131,377,REVIEWED_TEXT,DV09-087,VERIFIED_SUBSET
8132,377,REVIEWED_TEXT,DV09-087,VERIFIED_SUBSET
8133,377,REVIEWED_TEXT,DV09-087,VERIFIED_SUBSET
8134,377,BOILERPLATE,DV09-087,VERIFIED_SUBSET
8135,377,REVIEWED_TEXT,DV09-087,VERIFIED_SUBSET
8136,377,REVIEWED_TEXT,DV09-087,VERIFIED_SUBSET
8137,377,BOILERPLATE,DV09-087,VERIFIED_SUBSET
8138,377,REVIEWED_TEXT,DV09-087,VERIFIED_SUBSET
8139,377,BOILERPLATE,DV09-087,VERIFIED_SUBSET
8140,377,REVIEWED_TEXT,DV09-087,VERIFIED_SUBSET
8141,377,REVIEWED_TEXT,DV09-087,VERIFIED_SUBSET
8142,377,REVIEWED_TEXT,DV09-087,VERIFIED_SUBSET
8143,377,REVIEWED_TEXT,DV09-087,VERIFIED_SUBSET
8144,377,BOILERPLATE,DV09-087,VERIFIED_SUBSET
8145,377,REVIEWED_TEXT,DV09-087,VERIFIED_SUBSET
8146,377,REVIEWED_TEXT,DV09-087,VERIFIED_SUBSET
8147,377,BOILERPLATE,DV09-087,VERIFIED_SUBSET
8148,377,REVIEWED_TEXT,DV09-087,VERIFIED_SUBSET
8149,377,REVIEWED_TEXT,DV09-087,VERIFIED_SUBSET
8150,377,REVIEWED_TEXT,DV09-087,VERIFIED_SUBSET
8151,377,BOILERPLATE,DV09-087,VERIFIED_SUBSET
8152,377,REVIEWED_TEXT,DV09-087,VERIFIED_SUBSET
8153,377,REVIEWED_TEXT,DV09-087,VERIFIED_SUBSET
8154,377,BLANK,DV09-087,VERIFIED_SUBSET
8155,378,PAGE_MARKER,DV09-087,VERIFIED_SUBSET
8156,378,BOILERPLATE,DV09-087,VERIFIED_SUBSET
8157,378,BOILERPLATE,DV09-087,VERIFIED_SUBSET
8158,378,BLANK,DV09-087,VERIFIED_SUBSET
8159,378,BOILERPLATE,DV09-087,VERIFIED_SUBSET
8160,378,BOILERPLATE,DV09-087,VERIFIED_SUBSET
8161,378,BLANK,DV09-087,VERIFIED_SUBSET
8162,378,REVIEWED_TEXT,DV09-087,VERIFIED_SUBSET
8163,378,BLANK,DV09-087,VERIFIED_SUBSET
8164,379,PAGE_MARKER,DV09-087,VERIFIED_SUBSET
8165,379,BOILERPLATE,DV09-087,VERIFIED_SUBSET
8166,379,BOILERPLATE,DV09-087,VERIFIED_SUBSET
8167,379,BLANK,DV09-087,VERIFIED_SUBSET
8168,379,BOILERPLATE,DV09-087,VERIFIED_SUBSET
8169,379,BOILERPLATE,DV09-087,VERIFIED_SUBSET
8170,379,REVIEWED_TEXT,DV09-087,VERIFIED_SUBSET
8171,379,REVIEWED_TEXT,DV09-087,VERIFIED_SUBSET
8172,379,REVIEWED_TEXT,DV09-087,VERIFIED_SUBSET
8173,379,BOILERPLATE,DV09-087,VERIFIED_SUBSET
8174,379,REVIEWED_TEXT,DV09-087,VERIFIED_SUBSET
8175,379,REVIEWED_TEXT,DV09-087,VERIFIED_SUBSET
8176,379,BOILERPLATE,DV09-087,VERIFIED_SUBSET
8177,379,REVIEWED_TEXT,DV09-087,VERIFIED_SUBSET
8178,379,BOILERPLATE,DV09-087,VERIFIED_SUBSET
8179,379,REVIEWED_TEXT,DV09-087,VERIFIED_SUBSET
8180,379,BOILERPLATE,DV09-087,VERIFIED_SUBSET
8181,379,REVIEWED_TEXT,DV09-087,VERIFIED_SUBSET
8182,379,BOILERPLATE,DV09-087,VERIFIED_SUBSET
8183,379,REVIEWED_TEXT,DV09-087,VERIFIED_SUBSET
8184,379,BLANK,DV09-087,VERIFIED_SUBSET
8185,380,PAGE_MARKER,DV09-088,VERIFIED_SUBSET
8186,380,BOILERPLATE,DV09-088,VERIFIED_SUBSET
8187,380,BOILERPLATE,DV09-088,VERIFIED_SUBSET
8188,380,BLANK,DV09-088,VERIFIED_SUBSET
8189,380,BOILERPLATE,DV09-088,VERIFIED_SUBSET
8190,380,BOILERPLATE,DV09-088,VERIFIED_SUBSET
8191,380,REVIEWED_TEXT,DV09-088,VERIFIED_SUBSET
8192,380,BLANK,DV09-088,VERIFIED_SUBSET
8193,381,PAGE_MARKER,DV09-088,VERIFIED_SUBSET
8194,381,BOILERPLATE,DV09-088,VERIFIED_SUBSET
8195,381,BOILERPLATE,DV09-088,VERIFIED_SUBSET
8196,381,BLANK,DV09-088,VERIFIED_SUBSET
8197,381,BOILERPLATE,DV09-088,VERIFIED_SUBSET
8198,381,BOILERPLATE,DV09-088,VERIFIED_SUBSET
8199,381,REVIEWED_TEXT,DV09-088,VERIFIED_SUBSET
8200,381,REVIEWED_TEXT,DV09-088,VERIFIED_SUBSET
8201,381,REVIEWED_TEXT,DV09-088,VERIFIED_SUBSET
8202,381,REVIEWED_TEXT,DV09-088,VERIFIED_SUBSET
8203,381,REVIEWED_TEXT,DV09-088,VERIFIED_SUBSET
8204,381,REVIEWED_TEXT,DV09-088,VERIFIED_SUBSET
8205,381,REVIEWED_TEXT,DV09-088,VERIFIED_SUBSET
8206,381,REVIEWED_TEXT,DV09-088,VERIFIED_SUBSET
8207,381,BLANK,DV09-088,VERIFIED_SUBSET
8208,382,PAGE_MARKER,DV09-088,VERIFIED_SUBSET
8209,382,BOILERPLATE,DV09-088,VERIFIED_SUBSET
8210,382,BOILERPLATE,DV09-088,VERIFIED_SUBSET
8211,382,BLANK,DV09-088,VERIFIED_SUBSET
8212,382,BOILERPLATE,DV09-088,VERIFIED_SUBSET
8213,382,BOILERPLATE,DV09-088,VERIFIED_SUBSET
8214,382,REVIEWED_TEXT,DV09-088,VERIFIED_SUBSET
8215,382,BLANK,DV09-088,VERIFIED_SUBSET
8216,382,BLANK,DV09-088,VERIFIED_SUBSET
8217,383,PAGE_MARKER,DV09-088,VERIFIED_SUBSET
8218,383,BOILERPLATE,DV09-088,VERIFIED_SUBSET
8219,383,BOILERPLATE,DV09-088,VERIFIED_SUBSET
8220,383,BLANK,DV09-088,VERIFIED_SUBSET
8221,383,BOILERPLATE,DV09-088,VERIFIED_SUBSET
8222,383,BOILERPLATE,DV09-088,VERIFIED_SUBSET
8223,383,REVIEWED_TEXT,DV09-088,VERIFIED_SUBSET
8224,383,REVIEWED_TEXT,DV09-088,VERIFIED_SUBSET
8225,383,REVIEWED_TEXT,DV09-088,VERIFIED_SUBSET
8226,383,REVIEWED_TEXT,DV09-088,VERIFIED_SUBSET
8227,383,REVIEWED_TEXT,DV09-088,VERIFIED_SUBSET
8228,383,BLANK,DV09-088,VERIFIED_SUBSET
8229,384,PAGE_MARKER,DV09-088,VERIFIED_SUBSET
8230,384,BOILERPLATE,DV09-088,VERIFIED_SUBSET
8231,384,BOILERPLATE,DV09-088,VERIFIED_SUBSET
8232,384,BLANK,DV09-088,VERIFIED_SUBSET
8233,384,BOILERPLATE,DV09-088,VERIFIED_SUBSET
8234,384,BOILERPLATE,DV09-088,VERIFIED_SUBSET
8235,384,REVIEWED_TEXT,DV09-088,VERIFIED_SUBSET
8236,384,REVIEWED_TEXT,DV09-088,VERIFIED_SUBSET
8237,384,BOILERPLATE,DV09-088,VERIFIED_SUBSET
8238,384,REVIEWED_TEXT,DV09-088,VERIFIED_SUBSET
8239,384,BOILERPLATE,DV09-088,VERIFIED_SUBSET
8240,384,REVIEWED_TEXT,DV09-088,VERIFIED_SUBSET
8241,384,REVIEWED_TEXT,DV09-088,VERIFIED_SUBSET
8242,384,BOILERPLATE,DV09-088,VERIFIED_SUBSET
8243,384,REVIEWED_TEXT,DV09-088,VERIFIED_SUBSET
8244,384,REVIEWED_TEXT,DV09-088,VERIFIED_SUBSET
8245,384,REVIEWED_TEXT,DV09-088,VERIFIED_SUBSET
8246,384,REVIEWED_TEXT,DV09-088,VERIFIED_SUBSET
8247,384,BOILERPLATE,DV09-088,VERIFIED_SUBSET
8248,384,REVIEWED_TEXT,DV09-088,VERIFIED_SUBSET
8249,384,REVIEWED_TEXT,DV09-088,VERIFIED_SUBSET
8250,384,REVIEWED_TEXT,DV09-088,VERIFIED_SUBSET
8251,384,REVIEWED_TEXT,DV09-088,VERIFIED_SUBSET
8252,384,REVIEWED_TEXT,DV09-088,VERIFIED_SUBSET
8253,384,BLANK,DV09-088,VERIFIED_SUBSET
8254,385,PAGE_MARKER,DV09-088,VERIFIED_SUBSET
8255,385,BOILERPLATE,DV09-088,VERIFIED_SUBSET
8256,385,BOILERPLATE,DV09-088,VERIFIED_SUBSET
8257,385,BLANK,DV09-088,VERIFIED_SUBSET
8258,385,BOILERPLATE,DV09-088,VERIFIED_SUBSET
8259,385,BOILERPLATE,DV09-088,VERIFIED_SUBSET
8260,385,BLANK,DV09-088,VERIFIED_SUBSET
8261,386,PAGE_MARKER,DV09-088,VERIFIED_SUBSET
8262,386,BOILERPLATE,DV09-088,VERIFIED_SUBSET
8263,386,BOILERPLATE,DV09-088,VERIFIED_SUBSET
8264,386,BLANK,DV09-088,VERIFIED_SUBSET
8265,386,BOILERPLATE,DV09-088,VERIFIED_SUBSET
8266,386,BOILERPLATE,DV09-088,VERIFIED_SUBSET
8267,386,REVIEWED_TEXT,DV09-088,VERIFIED_SUBSET
8268,386,BLANK,DV09-088,VERIFIED_SUBSET
8269,386,BLANK,DV09-088,VERIFIED_SUBSET
8270,387,PAGE_MARKER,DV09-088,VERIFIED_SUBSET
8271,387,BOILERPLATE,DV09-088,VERIFIED_SUBSET
8272,387,BOILERPLATE,DV09-088,VERIFIED_SUBSET
8273,387,BLANK,DV09-088,VERIFIED_SUBSET
8274,387,BOILERPLATE,DV09-088,VERIFIED_SUBSET
8275,387,BOILERPLATE,DV09-088,VERIFIED_SUBSET
8276,387,REVIEWED_TEXT,DV09-088,VERIFIED_SUBSET
8277,387,REVIEWED_TEXT,DV09-088,VERIFIED_SUBSET
8278,387,BOILERPLATE,DV09-088,VERIFIED_SUBSET
8279,387,REVIEWED_TEXT,DV09-088,VERIFIED_SUBSET
8280,387,REVIEWED_TEXT,DV09-088,VERIFIED_SUBSET
8281,387,REVIEWED_TEXT,DV09-088,VERIFIED_SUBSET
8282,387,BOILERPLATE,DV09-088,VERIFIED_SUBSET
8283,387,REVIEWED_TEXT,DV09-088,VERIFIED_SUBSET
8284,387,REVIEWED_TEXT,DV09-088,VERIFIED_SUBSET
8285,387,BLANK,DV09-088,VERIFIED_SUBSET
8286,387,REVIEWED_TEXT,DV09-088,VERIFIED_SUBSET
8287,387,BLANK,DV09-088,VERIFIED_SUBSET
8288,387,REVIEWED_TEXT,DV09-088,VERIFIED_SUBSET
8289,387,BLANK,DV09-088,VERIFIED_SUBSET
8290,387,REVIEWED_TEXT,DV09-088,VERIFIED_SUBSET
8291,387,BLANK,DV09-088,VERIFIED_SUBSET
8292,388,PAGE_MARKER,DV09-088,VERIFIED_SUBSET
8293,388,BOILERPLATE,DV09-088,VERIFIED_SUBSET
8294,388,BOILERPLATE,DV09-088,VERIFIED_SUBSET
8295,388,BLANK,DV09-088,VERIFIED_SUBSET
8296,388,BOILERPLATE,DV09-088,VERIFIED_SUBSET
8297,388,BOILERPLATE,DV09-088,VERIFIED_SUBSET
8298,388,REVIEWED_TEXT,DV09-088,VERIFIED_SUBSET
8299,388,BLANK,DV09-088,VERIFIED_SUBSET
8300,388,BLANK,DV09-088,VERIFIED_SUBSET
8301,389,PAGE_MARKER,DV09-088,VERIFIED_SUBSET
8302,389,BOILERPLATE,DV09-088,VERIFIED_SUBSET
8303,389,BOILERPLATE,DV09-088,VERIFIED_SUBSET
8304,389,BLANK,DV09-088,VERIFIED_SUBSET
8305,389,BOILERPLATE,DV09-088,VERIFIED_SUBSET
8306,389,BOILERPLATE,DV09-088,VERIFIED_SUBSET
8307,389,REVIEWED_TEXT,DV09-088,VERIFIED_SUBSET
8308,389,REVIEWED_TEXT,DV09-088,VERIFIED_SUBSET
8309,389,BOILERPLATE,DV09-088,VERIFIED_SUBSET
8310,389,REVIEWED_TEXT,DV09-088,VERIFIED_SUBSET
8311,389,REVIEWED_TEXT,DV09-088,VERIFIED_SUBSET
8312,389,BOILERPLATE,DV09-088,VERIFIED_SUBSET
8313,389,REVIEWED_TEXT,DV09-088,VERIFIED_SUBSET
8314,389,REVIEWED_TEXT,DV09-088,VERIFIED_SUBSET
8315,389,BOILERPLATE,DV09-088,VERIFIED_SUBSET
8316,389,REVIEWED_TEXT,DV09-088,VERIFIED_SUBSET
8317,389,REVIEWED_TEXT,DV09-088,VERIFIED_SUBSET
8318,389,BOILERPLATE,DV09-088,VERIFIED_SUBSET
8319,389,REVIEWED_TEXT,DV09-088,VERIFIED_SUBSET
8320,389,REVIEWED_TEXT,DV09-088,VERIFIED_SUBSET
8321,389,BLANK,DV09-088,VERIFIED_SUBSET
8322,390,PAGE_MARKER,DV09-089,VERIFIED_SUBSET
8323,390,BOILERPLATE,DV09-089,VERIFIED_SUBSET
8324,390,BOILERPLATE,DV09-089,VERIFIED_SUBSET
8325,390,BLANK,DV09-089,VERIFIED_SUBSET
8326,390,BOILERPLATE,DV09-089,VERIFIED_SUBSET
8327,390,BOILERPLATE,DV09-089,VERIFIED_SUBSET
8328,390,REVIEWED_TEXT,DV09-089,VERIFIED_SUBSET
8329,390,REVIEWED_TEXT,DV09-089,VERIFIED_SUBSET
8330,390,REVIEWED_TEXT,DV09-089,VERIFIED_SUBSET
8331,390,REVIEWED_TEXT,DV09-089,VERIFIED_SUBSET
8332,390,REVIEWED_TEXT,DV09-089,VERIFIED_SUBSET
8333,390,REVIEWED_TEXT,DV09-089,VERIFIED_SUBSET
8334,390,BLANK,DV09-089,VERIFIED_SUBSET
8335,391,PAGE_MARKER,DV09-089,VERIFIED_SUBSET
8336,391,BOILERPLATE,DV09-089,VERIFIED_SUBSET
8337,391,BOILERPLATE,DV09-089,VERIFIED_SUBSET
8338,391,BLANK,DV09-089,VERIFIED_SUBSET
8339,391,BOILERPLATE,DV09-089,VERIFIED_SUBSET
8340,391,BOILERPLATE,DV09-089,VERIFIED_SUBSET
8341,391,REVIEWED_TEXT,DV09-089,VERIFIED_SUBSET
8342,391,REVIEWED_TEXT,DV09-089,VERIFIED_SUBSET
8343,391,REVIEWED_TEXT,DV09-089,VERIFIED_SUBSET
8344,391,BLANK,DV09-089,VERIFIED_SUBSET
8345,392,PAGE_MARKER,DV09-089,VERIFIED_SUBSET
8346,392,BOILERPLATE,DV09-089,VERIFIED_SUBSET
8347,392,BOILERPLATE,DV09-089,VERIFIED_SUBSET
8348,392,BLANK,DV09-089,VERIFIED_SUBSET
8349,392,BOILERPLATE,DV09-089,VERIFIED_SUBSET
8350,392,BOILERPLATE,DV09-089,VERIFIED_SUBSET
8351,392,REVIEWED_TEXT,DV09-089,VERIFIED_SUBSET
8352,392,REVIEWED_TEXT,DV09-089,VERIFIED_SUBSET
8353,392,REVIEWED_TEXT,DV09-089,VERIFIED_SUBSET
8354,392,BLANK,DV09-089,VERIFIED_SUBSET
8355,393,PAGE_MARKER,DV09-089,VERIFIED_SUBSET
8356,393,BOILERPLATE,DV09-089,VERIFIED_SUBSET
8357,393,BOILERPLATE,DV09-089,VERIFIED_SUBSET
8358,393,BLANK,DV09-089,VERIFIED_SUBSET
8359,393,BOILERPLATE,DV09-089,VERIFIED_SUBSET
8360,393,BOILERPLATE,DV09-089,VERIFIED_SUBSET
8361,393,REVIEWED_TEXT,DV09-089,VERIFIED_SUBSET
8362,393,REVIEWED_TEXT,DV09-089,VERIFIED_SUBSET
8363,393,REVIEWED_TEXT,DV09-089,VERIFIED_SUBSET
8364,393,BLANK,DV09-089,VERIFIED_SUBSET
8365,394,PAGE_MARKER,DV09-090,VERIFIED_SUBSET
8366,394,BOILERPLATE,DV09-090,VERIFIED_SUBSET
8367,394,BOILERPLATE,DV09-090,VERIFIED_SUBSET
8368,394,BLANK,DV09-090,VERIFIED_SUBSET
8369,394,BOILERPLATE,DV09-090,VERIFIED_SUBSET
8370,394,BOILERPLATE,DV09-090,VERIFIED_SUBSET
8371,394,REVIEWED_TEXT,DV09-090,VERIFIED_SUBSET
8372,394,REVIEWED_TEXT,DV09-090,VERIFIED_SUBSET
8373,394,REVIEWED_TEXT,DV09-090,VERIFIED_SUBSET
8374,394,REVIEWED_TEXT,DV09-090,VERIFIED_SUBSET
8375,394,REVIEWED_TEXT,DV09-090,VERIFIED_SUBSET
8376,394,REVIEWED_TEXT,DV09-090,VERIFIED_SUBSET
8377,394,REVIEWED_TEXT,DV09-090,VERIFIED_SUBSET
8378,394,REVIEWED_TEXT,DV09-090,VERIFIED_SUBSET
8379,394,REVIEWED_TEXT,DV09-090,VERIFIED_SUBSET
8380,394,REVIEWED_TEXT,DV09-090,VERIFIED_SUBSET
8381,394,REVIEWED_TEXT,DV09-090,VERIFIED_SUBSET
8382,394,BLANK,DV09-090,VERIFIED_SUBSET
8383,394,BLANK,DV09-090,VERIFIED_SUBSET
8384,394,BLANK,DV09-090,VERIFIED_SUBSET
8385,394,REVIEWED_TEXT,DV09-090,VERIFIED_SUBSET
8386,394,REVIEWED_TEXT,DV09-090,VERIFIED_SUBSET
8387,394,REVIEWED_TEXT,DV09-090,VERIFIED_SUBSET
8388,394,REVIEWED_TEXT,DV09-090,VERIFIED_SUBSET
8389,394,REVIEWED_TEXT,DV09-090,VERIFIED_SUBSET
8390,394,REVIEWED_TEXT,DV09-090,VERIFIED_SUBSET
8391,394,REVIEWED_TEXT,DV09-090,VERIFIED_SUBSET
8392,394,REVIEWED_TEXT,DV09-090,VERIFIED_SUBSET
8393,394,REVIEWED_TEXT,DV09-090,VERIFIED_SUBSET
8394,394,BLANK,DV09-090,VERIFIED_SUBSET
8395,395,PAGE_MARKER,DV09-090,VERIFIED_SUBSET
8396,395,BOILERPLATE,DV09-090,VERIFIED_SUBSET
8397,395,BOILERPLATE,DV09-090,VERIFIED_SUBSET
8398,395,BLANK,DV09-090,VERIFIED_SUBSET
8399,395,BOILERPLATE,DV09-090,VERIFIED_SUBSET
8400,395,BOILERPLATE,DV09-090,VERIFIED_SUBSET
8401,395,REVIEWED_TEXT,DV09-090,VERIFIED_SUBSET
8402,395,REVIEWED_TEXT,DV09-090,VERIFIED_SUBSET
8403,395,REVIEWED_TEXT,DV09-090,VERIFIED_SUBSET
8404,395,REVIEWED_TEXT,DV09-090,VERIFIED_SUBSET
8405,395,REVIEWED_TEXT,DV09-090,VERIFIED_SUBSET
8406,395,REVIEWED_TEXT,DV09-090,VERIFIED_SUBSET
8407,395,REVIEWED_TEXT,DV09-090,VERIFIED_SUBSET
8408,395,REVIEWED_TEXT,DV09-090,VERIFIED_SUBSET
8409,395,REVIEWED_TEXT,DV09-090,VERIFIED_SUBSET
8410,395,REVIEWED_TEXT,DV09-090,VERIFIED_SUBSET
8411,395,REVIEWED_TEXT,DV09-090,VERIFIED_SUBSET
8412,395,REVIEWED_TEXT,DV09-090,VERIFIED_SUBSET
8413,395,REVIEWED_TEXT,DV09-090,VERIFIED_SUBSET
8414,395,REVIEWED_TEXT,DV09-090,VERIFIED_SUBSET
8415,395,REVIEWED_TEXT,DV09-090,VERIFIED_SUBSET
8416,395,BLANK,DV09-090,VERIFIED_SUBSET
8417,395,REVIEWED_TEXT,DV09-090,VERIFIED_SUBSET
8418,395,REVIEWED_TEXT,DV09-090,VERIFIED_SUBSET
8419,395,REVIEWED_TEXT,DV09-090,VERIFIED_SUBSET
8420,395,REVIEWED_TEXT,DV09-090,VERIFIED_SUBSET
8421,395,REVIEWED_TEXT,DV09-090,VERIFIED_SUBSET
8422,395,REVIEWED_TEXT,DV09-090,VERIFIED_SUBSET
8423,395,REVIEWED_TEXT,DV09-090,VERIFIED_SUBSET
8424,395,REVIEWED_TEXT,DV09-090,VERIFIED_SUBSET
8425,395,REVIEWED_TEXT,DV09-090,VERIFIED_SUBSET
8426,395,REVIEWED_TEXT,DV09-090,VERIFIED_SUBSET
8427,395,REVIEWED_TEXT,DV09-090,VERIFIED_SUBSET
8428,395,BLANK,DV09-090,VERIFIED_SUBSET
8429,395,BLANK,DV09-090,VERIFIED_SUBSET
8430,395,BLANK,DV09-090,VERIFIED_SUBSET
8431,395,BLANK,DV09-090,VERIFIED_SUBSET
8432,395,BLANK,DV09-090,VERIFIED_SUBSET
8433,395,BLANK,DV09-090,VERIFIED_SUBSET
8434,395,BLANK,DV09-090,VERIFIED_SUBSET
8435,396,PAGE_MARKER,DV09-090,VERIFIED_SUBSET
8436,396,BOILERPLATE,DV09-090,VERIFIED_SUBSET
8437,396,BOILERPLATE,DV09-090,VERIFIED_SUBSET
8438,396,BLANK,DV09-090,VERIFIED_SUBSET
8439,396,BOILERPLATE,DV09-090,VERIFIED_SUBSET
8440,396,BOILERPLATE,DV09-090,VERIFIED_SUBSET
8441,396,REVIEWED_TEXT,DV09-090,VERIFIED_SUBSET
8442,396,REVIEWED_TEXT,DV09-090,VERIFIED_SUBSET
8443,396,REVIEWED_TEXT,DV09-090,VERIFIED_SUBSET
8444,396,REVIEWED_TEXT,DV09-090,VERIFIED_SUBSET
8445,396,REVIEWED_TEXT,DV09-090,VERIFIED_SUBSET
8446,396,REVIEWED_TEXT,DV09-090,VERIFIED_SUBSET
8447,396,REVIEWED_TEXT,DV09-090,VERIFIED_SUBSET
8448,396,REVIEWED_TEXT,DV09-090,VERIFIED_SUBSET
8449,396,REVIEWED_TEXT,DV09-090,VERIFIED_SUBSET
8450,396,REVIEWED_TEXT,DV09-090,VERIFIED_SUBSET
8451,396,REVIEWED_TEXT,DV09-090,VERIFIED_SUBSET
8452,396,REVIEWED_TEXT,DV09-090,VERIFIED_SUBSET
8453,396,REVIEWED_TEXT,DV09-090,VERIFIED_SUBSET
8454,396,REVIEWED_TEXT,DV09-090,VERIFIED_SUBSET
8455,396,REVIEWED_TEXT,DV09-090,VERIFIED_SUBSET
8456,396,REVIEWED_TEXT,DV09-090,VERIFIED_SUBSET
8457,396,REVIEWED_TEXT,DV09-090,VERIFIED_SUBSET
8458,396,REVIEWED_TEXT,DV09-090,VERIFIED_SUBSET
8459,396,BLANK,DV09-090,VERIFIED_SUBSET
8460,396,REVIEWED_TEXT,DV09-090,VERIFIED_SUBSET
8461,396,REVIEWED_TEXT,DV09-090,VERIFIED_SUBSET
8462,396,REVIEWED_TEXT,DV09-090,VERIFIED_SUBSET
8463,396,BLANK,DV09-090,VERIFIED_SUBSET
8464,396,REVIEWED_TEXT,DV09-090,VERIFIED_SUBSET
8465,396,BLANK,DV09-090,VERIFIED_SUBSET
8466,397,PAGE_MARKER,DV09-090,VERIFIED_SUBSET
8467,397,BOILERPLATE,DV09-090,VERIFIED_SUBSET
8468,397,BOILERPLATE,DV09-090,VERIFIED_SUBSET
8469,397,BLANK,DV09-090,VERIFIED_SUBSET
8470,397,BOILERPLATE,DV09-090,VERIFIED_SUBSET
8471,397,BOILERPLATE,DV09-090,VERIFIED_SUBSET
8472,397,REVIEWED_TEXT,DV09-090,VERIFIED_SUBSET
8473,397,REVIEWED_TEXT,DV09-090,VERIFIED_SUBSET
8474,397,REVIEWED_TEXT,DV09-090,VERIFIED_SUBSET
8475,397,REVIEWED_TEXT,DV09-090,VERIFIED_SUBSET
8476,397,REVIEWED_TEXT,DV09-090,VERIFIED_SUBSET
8477,397,REVIEWED_TEXT,DV09-090,VERIFIED_SUBSET
8478,397,BLANK,DV09-090,VERIFIED_SUBSET
8479,397,REVIEWED_TEXT,DV09-090,VERIFIED_SUBSET
8480,397,BLANK,DV09-090,VERIFIED_SUBSET
8481,397,REVIEWED_TEXT,DV09-090,VERIFIED_SUBSET
8482,397,BLANK,DV09-090,VERIFIED_SUBSET
8483,397,REVIEWED_TEXT,DV09-090,VERIFIED_SUBSET
8484,397,BLANK,DV09-090,VERIFIED_SUBSET
8485,397,REVIEWED_TEXT,DV09-090,VERIFIED_SUBSET
8486,397,REVIEWED_TEXT,DV09-090,VERIFIED_SUBSET
8487,397,REVIEWED_TEXT,DV09-090,VERIFIED_SUBSET
8488,397,REVIEWED_TEXT,DV09-090,VERIFIED_SUBSET
8489,397,BLANK,DV09-090,VERIFIED_SUBSET
8490,397,REVIEWED_TEXT,DV09-090,VERIFIED_SUBSET
8491,397,BLANK,DV09-090,VERIFIED_SUBSET
8492,397,REVIEWED_TEXT,DV09-090,VERIFIED_SUBSET
8493,397,BLANK,DV09-090,VERIFIED_SUBSET
8494,397,REVIEWED_TEXT,DV09-090,VERIFIED_SUBSET
8495,397,BLANK,DV09-090,VERIFIED_SUBSET
8496,397,REVIEWED_TEXT,DV09-090,VERIFIED_SUBSET
8497,397,BLANK,DV09-090,VERIFIED_SUBSET
8498,398,PAGE_MARKER,DV09-090,VERIFIED_SUBSET
8499,398,BOILERPLATE,DV09-090,VERIFIED_SUBSET
8500,398,BOILERPLATE,DV09-090,VERIFIED_SUBSET
8501,398,BLANK,DV09-090,VERIFIED_SUBSET
8502,398,BOILERPLATE,DV09-090,VERIFIED_SUBSET
8503,398,BOILERPLATE,DV09-090,VERIFIED_SUBSET
8504,398,REVIEWED_TEXT,DV09-090,VERIFIED_SUBSET
8505,398,REVIEWED_TEXT,DV09-090,VERIFIED_SUBSET
8506,398,REVIEWED_TEXT,DV09-090,VERIFIED_SUBSET
8507,398,REVIEWED_TEXT,DV09-090,VERIFIED_SUBSET
8508,398,REVIEWED_TEXT,DV09-090,VERIFIED_SUBSET
8509,398,REVIEWED_TEXT,DV09-090,VERIFIED_SUBSET
8510,398,REVIEWED_TEXT,DV09-090,VERIFIED_SUBSET
8511,398,REVIEWED_TEXT,DV09-090,VERIFIED_SUBSET
8512,398,REVIEWED_TEXT,DV09-090,VERIFIED_SUBSET
8513,398,BLANK,DV09-090,VERIFIED_SUBSET
8514,398,BLANK,DV09-090,VERIFIED_SUBSET
8515,399,PAGE_MARKER,DV09-090,VERIFIED_SUBSET
8516,399,BOILERPLATE,DV09-090,VERIFIED_SUBSET
8517,399,BOILERPLATE,DV09-090,VERIFIED_SUBSET
8518,399,BLANK,DV09-090,VERIFIED_SUBSET
8519,399,BOILERPLATE,DV09-090,VERIFIED_SUBSET
8520,399,BOILERPLATE,DV09-090,VERIFIED_SUBSET
8521,399,REVIEWED_TEXT,DV09-090,VERIFIED_SUBSET
8522,399,REVIEWED_TEXT,DV09-090,VERIFIED_SUBSET
8523,399,REVIEWED_TEXT,DV09-090,VERIFIED_SUBSET
8524,399,BOILERPLATE,DV09-090,VERIFIED_SUBSET
8525,399,REVIEWED_TEXT,DV09-090,VERIFIED_SUBSET
8526,399,BOILERPLATE,DV09-090,VERIFIED_SUBSET
8527,399,REVIEWED_TEXT,DV09-090,VERIFIED_SUBSET
8528,399,BOILERPLATE,DV09-090,VERIFIED_SUBSET
8529,399,REVIEWED_TEXT,DV09-090,VERIFIED_SUBSET
8530,399,BOILERPLATE,DV09-090,VERIFIED_SUBSET
8531,399,REVIEWED_TEXT,DV09-090,VERIFIED_SUBSET
8532,399,BOILERPLATE,DV09-090,VERIFIED_SUBSET
8533,399,REVIEWED_TEXT,DV09-090,VERIFIED_SUBSET
8534,399,BOILERPLATE,DV09-090,VERIFIED_SUBSET
8535,399,REVIEWED_TEXT,DV09-090,VERIFIED_SUBSET
8536,399,BOILERPLATE,DV09-090,VERIFIED_SUBSET
8537,399,REVIEWED_TEXT,DV09-090,VERIFIED_SUBSET
8538,399,BOILERPLATE,DV09-090,VERIFIED_SUBSET
8539,399,REVIEWED_TEXT,DV09-090,VERIFIED_SUBSET
8540,399,BOILERPLATE,DV09-090,VERIFIED_SUBSET
8541,399,REVIEWED_TEXT,DV09-090,VERIFIED_SUBSET
8542,399,BOILERPLATE,DV09-090,VERIFIED_SUBSET
8543,399,REVIEWED_TEXT,DV09-090,VERIFIED_SUBSET
8544,399,BOILERPLATE,DV09-090,VERIFIED_SUBSET
8545,399,REVIEWED_TEXT,DV09-090,VERIFIED_SUBSET
8546,399,BOILERPLATE,DV09-090,VERIFIED_SUBSET
8547,399,REVIEWED_TEXT,DV09-090,VERIFIED_SUBSET
8548,399,BOILERPLATE,DV09-090,VERIFIED_SUBSET
8549,399,REVIEWED_TEXT,DV09-090,VERIFIED_SUBSET
8550,399,BOILERPLATE,DV09-090,VERIFIED_SUBSET
8551,399,REVIEWED_TEXT,DV09-090,VERIFIED_SUBSET
8552,399,BOILERPLATE,DV09-090,VERIFIED_SUBSET
8553,399,REVIEWED_TEXT,DV09-090,VERIFIED_SUBSET
8554,399,BLANK,DV09-090,VERIFIED_SUBSET
8555,400,PAGE_MARKER,DV09-090,VERIFIED_SUBSET
8556,400,BOILERPLATE,DV09-090,VERIFIED_SUBSET
8557,400,BOILERPLATE,DV09-090,VERIFIED_SUBSET
8558,400,BLANK,DV09-090,VERIFIED_SUBSET
8559,400,BOILERPLATE,DV09-090,VERIFIED_SUBSET
8560,400,BOILERPLATE,DV09-090,VERIFIED_SUBSET
8561,400,REVIEWED_TEXT,DV09-090,VERIFIED_SUBSET
8562,400,REVIEWED_TEXT,DV09-090,VERIFIED_SUBSET
8563,400,BOILERPLATE,DV09-090,VERIFIED_SUBSET
8564,400,REVIEWED_TEXT,DV09-090,VERIFIED_SUBSET
8565,400,BOILERPLATE,DV09-090,VERIFIED_SUBSET
8566,400,REVIEWED_TEXT,DV09-090,VERIFIED_SUBSET
8567,400,BOILERPLATE,DV09-090,VERIFIED_SUBSET
8568,400,REVIEWED_TEXT,DV09-090,VERIFIED_SUBSET
8569,400,BOILERPLATE,DV09-090,VERIFIED_SUBSET
8570,400,REVIEWED_TEXT,DV09-090,VERIFIED_SUBSET
8571,400,BOILERPLATE,DV09-090,VERIFIED_SUBSET
8572,400,REVIEWED_TEXT,DV09-090,VERIFIED_SUBSET
8573,400,BOILERPLATE,DV09-090,VERIFIED_SUBSET
8574,400,REVIEWED_TEXT,DV09-090,VERIFIED_SUBSET
8575,400,BOILERPLATE,DV09-090,VERIFIED_SUBSET
8576,400,REVIEWED_TEXT,DV09-090,VERIFIED_SUBSET
8577,400,BOILERPLATE,DV09-090,VERIFIED_SUBSET
8578,400,REVIEWED_TEXT,DV09-090,VERIFIED_SUBSET
8579,400,BOILERPLATE,DV09-090,VERIFIED_SUBSET
8580,400,REVIEWED_TEXT,DV09-090,VERIFIED_SUBSET
8581,400,BOILERPLATE,DV09-090,VERIFIED_SUBSET
8582,400,REVIEWED_TEXT,DV09-090,VERIFIED_SUBSET
8583,400,BOILERPLATE,DV09-090,VERIFIED_SUBSET
8584,400,REVIEWED_TEXT,DV09-090,VERIFIED_SUBSET
8585,400,BOILERPLATE,DV09-090,VERIFIED_SUBSET
8586,400,REVIEWED_TEXT,DV09-090,VERIFIED_SUBSET
8587,400,BLANK,DV09-090,VERIFIED_SUBSET
8588,401,PAGE_MARKER,DV09-091,VERIFIED_SUBSET
8589,401,BOILERPLATE,DV09-091,VERIFIED_SUBSET
8590,401,BOILERPLATE,DV09-091,VERIFIED_SUBSET
8591,401,BLANK,DV09-091,VERIFIED_SUBSET
8592,401,BOILERPLATE,DV09-091,VERIFIED_SUBSET
8593,401,BOILERPLATE,DV09-091,VERIFIED_SUBSET
8594,401,REVIEWED_TEXT,DV09-091,VERIFIED_SUBSET
8595,401,REVIEWED_TEXT,DV09-091,VERIFIED_SUBSET
8596,401,REVIEWED_TEXT,DV09-091,VERIFIED_SUBSET
8597,401,REVIEWED_TEXT,DV09-091,VERIFIED_SUBSET
8598,401,REVIEWED_TEXT,DV09-091,VERIFIED_SUBSET
8599,401,REVIEWED_TEXT,DV09-091,VERIFIED_SUBSET
8600,401,BLANK,DV09-091,VERIFIED_SUBSET
8601,401,REVIEWED_TEXT,DV09-091,VERIFIED_SUBSET
8602,401,REVIEWED_TEXT,DV09-091,VERIFIED_SUBSET
8603,401,REVIEWED_TEXT,DV09-091,VERIFIED_SUBSET
8604,401,REVIEWED_TEXT,DV09-091,VERIFIED_SUBSET
8605,401,BLANK,DV09-091,VERIFIED_SUBSET
8606,402,PAGE_MARKER,DV09-091,VERIFIED_SUBSET
8607,402,BOILERPLATE,DV09-091,VERIFIED_SUBSET
8608,402,BOILERPLATE,DV09-091,VERIFIED_SUBSET
8609,402,BLANK,DV09-091,VERIFIED_SUBSET
8610,402,BOILERPLATE,DV09-091,VERIFIED_SUBSET
8611,402,BOILERPLATE,DV09-091,VERIFIED_SUBSET
8612,402,REVIEWED_TEXT,DV09-091,VERIFIED_SUBSET
8613,402,REVIEWED_TEXT,DV09-091,VERIFIED_SUBSET
8614,402,REVIEWED_TEXT,DV09-091,VERIFIED_SUBSET
8615,402,REVIEWED_TEXT,DV09-091,VERIFIED_SUBSET
8616,402,REVIEWED_TEXT,DV09-091,VERIFIED_SUBSET
8617,402,REVIEWED_TEXT,DV09-091,VERIFIED_SUBSET
8618,402,REVIEWED_TEXT,DV09-091,VERIFIED_SUBSET
8619,402,REVIEWED_TEXT,DV09-091,VERIFIED_SUBSET
8620,402,REVIEWED_TEXT,DV09-091,VERIFIED_SUBSET
8621,402,REVIEWED_TEXT,DV09-091,VERIFIED_SUBSET
8622,402,REVIEWED_TEXT,DV09-091,VERIFIED_SUBSET
8623,402,REVIEWED_TEXT,DV09-091,VERIFIED_SUBSET
8624,402,REVIEWED_TEXT,DV09-091,VERIFIED_SUBSET
8625,402,REVIEWED_TEXT,DV09-091,VERIFIED_SUBSET
8626,402,REVIEWED_TEXT,DV09-091,VERIFIED_SUBSET
8627,402,REVIEWED_TEXT,DV09-091,VERIFIED_SUBSET
8628,402,REVIEWED_TEXT,DV09-091,VERIFIED_SUBSET
8629,402,REVIEWED_TEXT,DV09-091,VERIFIED_SUBSET
8630,402,REVIEWED_TEXT,DV09-091,VERIFIED_SUBSET
8631,402,REVIEWED_TEXT,DV09-091,VERIFIED_SUBSET
8632,402,REVIEWED_TEXT,DV09-091,VERIFIED_SUBSET
8633,402,REVIEWED_TEXT,DV09-091,VERIFIED_SUBSET
8634,402,BLANK,DV09-091,VERIFIED_SUBSET
8635,403,PAGE_MARKER,DV09-091,VERIFIED_SUBSET
8636,403,BOILERPLATE,DV09-091,VERIFIED_SUBSET
8637,403,BOILERPLATE,DV09-091,VERIFIED_SUBSET
8638,403,BLANK,DV09-091,VERIFIED_SUBSET
8639,403,BOILERPLATE,DV09-091,VERIFIED_SUBSET
8640,403,BOILERPLATE,DV09-091,VERIFIED_SUBSET
8641,403,REVIEWED_TEXT,DV09-091,VERIFIED_SUBSET
8642,403,REVIEWED_TEXT,DV09-091,VERIFIED_SUBSET
8643,403,REVIEWED_TEXT,DV09-091,VERIFIED_SUBSET
8644,403,REVIEWED_TEXT,DV09-091,VERIFIED_SUBSET
8645,403,REVIEWED_TEXT,DV09-091,VERIFIED_SUBSET
8646,403,REVIEWED_TEXT,DV09-091,VERIFIED_SUBSET
8647,403,REVIEWED_TEXT,DV09-091,VERIFIED_SUBSET
8648,403,BLANK,DV09-091,VERIFIED_SUBSET
8649,404,PAGE_MARKER,DV09-091,VERIFIED_SUBSET
8650,404,BOILERPLATE,DV09-091,VERIFIED_SUBSET
8651,404,BOILERPLATE,DV09-091,VERIFIED_SUBSET
8652,404,BLANK,DV09-091,VERIFIED_SUBSET
8653,404,BOILERPLATE,DV09-091,VERIFIED_SUBSET
8654,404,BOILERPLATE,DV09-091,VERIFIED_SUBSET
8655,404,REVIEWED_TEXT,DV09-091,VERIFIED_SUBSET
8656,404,REVIEWED_TEXT,DV09-091,VERIFIED_SUBSET
8657,404,REVIEWED_TEXT,DV09-091,VERIFIED_SUBSET
8658,404,REVIEWED_TEXT,DV09-091,VERIFIED_SUBSET
8659,404,REVIEWED_TEXT,DV09-091,VERIFIED_SUBSET
8660,404,REVIEWED_TEXT,DV09-091,VERIFIED_SUBSET
8661,404,REVIEWED_TEXT,DV09-091,VERIFIED_SUBSET
8662,404,REVIEWED_TEXT,DV09-091,VERIFIED_SUBSET
8663,404,REVIEWED_TEXT,DV09-091,VERIFIED_SUBSET
8664,404,REVIEWED_TEXT,DV09-091,VERIFIED_SUBSET
8665,404,REVIEWED_TEXT,DV09-091,VERIFIED_SUBSET
8666,404,REVIEWED_TEXT,DV09-091,VERIFIED_SUBSET
8667,404,REVIEWED_TEXT,DV09-091,VERIFIED_SUBSET
8668,404,REVIEWED_TEXT,DV09-091,VERIFIED_SUBSET
8669,404,REVIEWED_TEXT,DV09-091,VERIFIED_SUBSET
8670,404,REVIEWED_TEXT,DV09-091,VERIFIED_SUBSET
8671,404,REVIEWED_TEXT,DV09-091,VERIFIED_SUBSET
8672,404,REVIEWED_TEXT,DV09-091,VERIFIED_SUBSET
8673,404,REVIEWED_TEXT,DV09-091,VERIFIED_SUBSET
8674,404,REVIEWED_TEXT,DV09-091,VERIFIED_SUBSET
8675,404,REVIEWED_TEXT,DV09-091,VERIFIED_SUBSET
8676,404,REVIEWED_TEXT,DV09-091,VERIFIED_SUBSET
8677,404,REVIEWED_TEXT,DV09-091,VERIFIED_SUBSET
8678,404,BLANK,DV09-091,VERIFIED_SUBSET
8679,405,PAGE_MARKER,DV09-092,PARTIAL
8680,405,BOILERPLATE,DV09-092,PARTIAL
8681,405,BOILERPLATE,DV09-092,PARTIAL
8682,405,BLANK,DV09-092,PARTIAL
8683,405,BOILERPLATE,DV09-092,PARTIAL
8684,405,BOILERPLATE,DV09-092,PARTIAL
8685,405,REVIEWED_TEXT,DV09-092,PARTIAL
8686,405,REVIEWED_TEXT,DV09-092,PARTIAL
8687,405,REVIEWED_TEXT,DV09-092,PARTIAL
8688,405,REVIEWED_TEXT,DV09-092,PARTIAL
8689,405,BLANK,DV09-092,PARTIAL
8690,405,REVIEWED_TEXT,DV09-092,PARTIAL
8691,405,REVIEWED_TEXT,DV09-092,PARTIAL
8692,405,REVIEWED_TEXT,DV09-092,PARTIAL
8693,405,REVIEWED_TEXT,DV09-092,PARTIAL
8694,405,REVIEWED_TEXT,DV09-092,PARTIAL
8695,405,BLANK,DV09-092,PARTIAL
8696,405,REVIEWED_TEXT,DV09-092,PARTIAL
8697,405,BLANK,DV09-092,PARTIAL
8698,405,REVIEWED_TEXT,DV09-092,PARTIAL
8699,405,REVIEWED_TEXT,DV09-092,PARTIAL
8700,405,BLANK,DV09-092,PARTIAL
8701,405,REVIEWED_TEXT,DV09-092,PARTIAL
8702,405,REVIEWED_TEXT,DV09-092,PARTIAL
8703,405,REVIEWED_TEXT,DV09-092,PARTIAL
8704,405,REVIEWED_TEXT,DV09-092,PARTIAL
8705,405,REVIEWED_TEXT,DV09-092,PARTIAL
8706,405,REVIEWED_TEXT,DV09-092,PARTIAL
8707,405,BLANK,DV09-092,PARTIAL
8708,406,PAGE_MARKER,DV09-092,PARTIAL
8709,406,BOILERPLATE,DV09-092,PARTIAL
8710,406,BOILERPLATE,DV09-092,PARTIAL
8711,406,BLANK,DV09-092,PARTIAL
8712,406,BOILERPLATE,DV09-092,PARTIAL
8713,406,BOILERPLATE,DV09-092,PARTIAL
8714,406,REVIEWED_TEXT,DV09-092,PARTIAL
8715,406,REVIEWED_TEXT,DV09-092,PARTIAL
8716,406,REVIEWED_TEXT,DV09-092,PARTIAL
8717,406,BLANK,DV09-092,PARTIAL
8718,406,REVIEWED_TEXT,DV09-092,PARTIAL
8719,406,REVIEWED_TEXT,DV09-092,PARTIAL
8720,406,REVIEWED_TEXT,DV09-092,PARTIAL
8721,406,REVIEWED_TEXT,DV09-092,PARTIAL
8722,406,REVIEWED_TEXT,DV09-092,PARTIAL
8723,406,REVIEWED_TEXT,DV09-092,PARTIAL
8724,406,BLANK,DV09-092,PARTIAL
8725,406,REVIEWED_TEXT,DV09-092,PARTIAL
8726,406,BLANK,DV09-092,PARTIAL
8727,407,PAGE_MARKER,DV09-093,PARTIAL
8728,407,BOILERPLATE,DV09-093,PARTIAL
8729,407,BOILERPLATE,DV09-093,PARTIAL
8730,407,BLANK,DV09-093,PARTIAL
8731,407,BOILERPLATE,DV09-093,PARTIAL
8732,407,BOILERPLATE,DV09-093,PARTIAL
8733,407,REVIEWED_TEXT,DV09-093,PARTIAL
8734,407,REVIEWED_TEXT,DV09-093,PARTIAL
8735,407,REVIEWED_TEXT,DV09-093,PARTIAL
8736,407,REVIEWED_TEXT,DV09-093,PARTIAL
8737,407,BLANK,DV09-093,PARTIAL
8738,407,REVIEWED_TEXT,DV09-093,PARTIAL
8739,407,REVIEWED_TEXT,DV09-093,PARTIAL
8740,407,REVIEWED_TEXT,DV09-093,PARTIAL
8741,407,REVIEWED_TEXT,DV09-093,PARTIAL
8742,407,REVIEWED_TEXT,DV09-093,PARTIAL
8743,407,BLANK,DV09-093,PARTIAL
8744,407,REVIEWED_TEXT,DV09-093,PARTIAL
8745,407,BLANK,DV09-093,PARTIAL
8746,407,REVIEWED_TEXT,DV09-093,PARTIAL
8747,407,REVIEWED_TEXT,DV09-093,PARTIAL
8748,407,BLANK,DV09-093,PARTIAL
8749,407,REVIEWED_TEXT,DV09-093,PARTIAL
8750,407,REVIEWED_TEXT,DV09-093,PARTIAL
8751,407,BLANK,DV09-093,PARTIAL
8752,408,PAGE_MARKER,DV09-093,PARTIAL
8753,408,BOILERPLATE,DV09-093,PARTIAL
8754,408,BOILERPLATE,DV09-093,PARTIAL
8755,408,BLANK,DV09-093,PARTIAL
8756,408,BOILERPLATE,DV09-093,PARTIAL
8757,408,BOILERPLATE,DV09-093,PARTIAL
8758,408,REVIEWED_TEXT,DV09-093,PARTIAL
8759,408,REVIEWED_TEXT,DV09-093,PARTIAL
8760,408,REVIEWED_TEXT,DV09-093,PARTIAL
8761,408,REVIEWED_TEXT,DV09-093,PARTIAL
8762,408,REVIEWED_TEXT,DV09-093,PARTIAL
8763,408,REVIEWED_TEXT,DV09-093,PARTIAL
8764,408,REVIEWED_TEXT,DV09-093,PARTIAL
8765,408,BLANK,DV09-093,PARTIAL
8766,408,REVIEWED_TEXT,DV09-093,PARTIAL
8767,408,REVIEWED_TEXT,DV09-093,PARTIAL
8768,408,REVIEWED_TEXT,DV09-093,PARTIAL
8769,408,REVIEWED_TEXT,DV09-093,PARTIAL
8770,408,REVIEWED_TEXT,DV09-093,PARTIAL
8771,408,REVIEWED_TEXT,DV09-093,PARTIAL
8772,408,BLANK,DV09-093,PARTIAL
8773,408,REVIEWED_TEXT,DV09-093,PARTIAL
8774,408,BLANK,DV09-093,PARTIAL
8775,409,PAGE_MARKER,DV09-093,PARTIAL
8776,409,BOILERPLATE,DV09-093,PARTIAL
8777,409,BOILERPLATE,DV09-093,PARTIAL
8778,409,BLANK,DV09-093,PARTIAL
8779,409,BOILERPLATE,DV09-093,PARTIAL
8780,409,BOILERPLATE,DV09-093,PARTIAL
8781,409,REVIEWED_TEXT,DV09-093,PARTIAL
8782,409,REVIEWED_TEXT,DV09-093,PARTIAL
8783,409,BOILERPLATE,DV09-093,PARTIAL
8784,409,REVIEWED_TEXT,DV09-093,PARTIAL
8785,409,BOILERPLATE,DV09-093,PARTIAL
8786,409,REVIEWED_TEXT,DV09-093,PARTIAL
8787,409,BOILERPLATE,DV09-093,PARTIAL
8788,409,REVIEWED_TEXT,DV09-093,PARTIAL
8789,409,BOILERPLATE,DV09-093,PARTIAL
8790,409,REVIEWED_TEXT,DV09-093,PARTIAL
8791,409,BOILERPLATE,DV09-093,PARTIAL
8792,409,REVIEWED_TEXT,DV09-093,PARTIAL
8793,409,BOILERPLATE,DV09-093,PARTIAL
8794,409,REVIEWED_TEXT,DV09-093,PARTIAL
8795,409,BLANK,DV09-093,PARTIAL
8796,410,PAGE_MARKER,DV09-093,PARTIAL
8797,410,BOILERPLATE,DV09-093,PARTIAL
8798,410,BOILERPLATE,DV09-093,PARTIAL
8799,410,BLANK,DV09-093,PARTIAL
8800,410,BOILERPLATE,DV09-093,PARTIAL
8801,410,BOILERPLATE,DV09-093,PARTIAL
8802,410,BLANK,DV09-093,PARTIAL
8803,411,PAGE_MARKER,DV09-094,BOUNDARY
8804,411,BLANK,DV09-094,BOUNDARY
8805,411,BLANK,DV09-094,BOUNDARY
8806,411,BLANK,DV09-094,BOUNDARY
8807,411,BLANK,DV09-094,BOUNDARY
8808,411,BLANK,DV09-094,BOUNDARY
8809,411,BOILERPLATE,DV09-094,BOUNDARY
8810,411,BOILERPLATE,DV09-094,BOUNDARY
8811,411,REVIEWED_TEXT,DV09-094,BOUNDARY
8812,411,REVIEWED_TEXT,DV09-094,BOUNDARY
8813,411,REVIEWED_TEXT,DV09-094,BOUNDARY
8814,411,BLANK,DV09-094,BOUNDARY
8815,412,PAGE_MARKER,DV09-094,BOUNDARY
8816,412,BOILERPLATE,DV09-094,BOUNDARY
8817,412,BOILERPLATE,DV09-094,BOUNDARY
8818,412,BLANK,DV09-094,BOUNDARY
8819,412,BOILERPLATE,DV09-094,BOUNDARY
8820,412,BOILERPLATE,DV09-094,BOUNDARY
8821,412,BLANK,DV09-094,BOUNDARY
8822,413,PAGE_MARKER,DV09-094,BOUNDARY
8823,413,BOILERPLATE,DV09-094,BOUNDARY
8824,413,BOILERPLATE,DV09-094,BOUNDARY
8825,413,BLANK,DV09-094,BOUNDARY
8826,413,BOILERPLATE,DV09-094,BOUNDARY
8827,413,BOILERPLATE,DV09-094,BOUNDARY
8828,413,REVIEWED_TEXT,DV09-094,BOUNDARY
8829,413,REVIEWED_TEXT,DV09-094,BOUNDARY
8830,413,BOILERPLATE,DV09-094,BOUNDARY
8831,413,REVIEWED_TEXT,DV09-094,BOUNDARY
8832,413,BOILERPLATE,DV09-094,BOUNDARY
8833,413,REVIEWED_TEXT,DV09-094,BOUNDARY
8834,413,BOILERPLATE,DV09-094,BOUNDARY
8835,413,REVIEWED_TEXT,DV09-094,BOUNDARY
8836,413,BOILERPLATE,DV09-094,BOUNDARY
8837,413,REVIEWED_TEXT,DV09-094,BOUNDARY
8838,413,BLANK,DV09-094,BOUNDARY
8839,413,BLANK,DV09-094,BOUNDARY
8840,414,PAGE_MARKER,DV09-094,BOUNDARY
8841,414,BOILERPLATE,DV09-094,BOUNDARY
8842,414,BOILERPLATE,DV09-094,BOUNDARY
8843,414,BLANK,DV09-094,BOUNDARY
8844,414,BOILERPLATE,DV09-094,BOUNDARY
8845,414,BOILERPLATE,DV09-094,BOUNDARY
8846,414,REVIEWED_TEXT,DV09-094,BOUNDARY
8847,414,REVIEWED_TEXT,DV09-094,BOUNDARY
8848,414,REVIEWED_TEXT,DV09-094,BOUNDARY
8849,414,REVIEWED_TEXT,DV09-094,BOUNDARY
8850,414,BOILERPLATE,DV09-094,BOUNDARY
8851,414,REVIEWED_TEXT,DV09-094,BOUNDARY
8852,414,REVIEWED_TEXT,DV09-094,BOUNDARY
8853,414,REVIEWED_TEXT,DV09-094,BOUNDARY
8854,414,REVIEWED_TEXT,DV09-094,BOUNDARY
8855,414,REVIEWED_TEXT,DV09-094,BOUNDARY
8856,414,BOILERPLATE,DV09-094,BOUNDARY
8857,414,REVIEWED_TEXT,DV09-094,BOUNDARY
8858,414,BOILERPLATE,DV09-094,BOUNDARY
8859,414,REVIEWED_TEXT,DV09-094,BOUNDARY
8860,414,BLANK,DV09-094,BOUNDARY
8861,414,BLANK,DV09-094,BOUNDARY
8862,415,PAGE_MARKER,DV09-094,BOUNDARY
8863,415,BOILERPLATE,DV09-094,BOUNDARY
8864,415,BOILERPLATE,DV09-094,BOUNDARY
8865,415,BLANK,DV09-094,BOUNDARY
8866,415,BOILERPLATE,DV09-094,BOUNDARY
8867,415,BOILERPLATE,DV09-094,BOUNDARY
8868,415,REVIEWED_TEXT,DV09-094,BOUNDARY
8869,415,REVIEWED_TEXT,DV09-094,BOUNDARY
8870,415,BOILERPLATE,DV09-094,BOUNDARY
8871,415,REVIEWED_TEXT,DV09-094,BOUNDARY
8872,415,REVIEWED_TEXT,DV09-094,BOUNDARY
8873,415,BOILERPLATE,DV09-094,BOUNDARY
8874,415,REVIEWED_TEXT,DV09-094,BOUNDARY
8875,415,BOILERPLATE,DV09-094,BOUNDARY
8876,415,REVIEWED_TEXT,DV09-094,BOUNDARY
8877,415,REVIEWED_TEXT,DV09-094,BOUNDARY
8878,415,REVIEWED_TEXT,DV09-094,BOUNDARY
8879,415,BLANK,DV09-094,BOUNDARY
8880,415,BLANK,DV09-094,BOUNDARY
8881,416,PAGE_MARKER,DV09-094,BOUNDARY
8882,416,BOILERPLATE,DV09-094,BOUNDARY
8883,416,BOILERPLATE,DV09-094,BOUNDARY
8884,416,BLANK,DV09-094,BOUNDARY
8885,416,BOILERPLATE,DV09-094,BOUNDARY
8886,416,BOILERPLATE,DV09-094,BOUNDARY
8887,416,REVIEWED_TEXT,DV09-094,BOUNDARY
8888,416,BLANK,DV09-094,BOUNDARY
8889,417,PAGE_MARKER,DV09-094,BOUNDARY
8890,417,BOILERPLATE,DV09-094,BOUNDARY
8891,417,BOILERPLATE,DV09-094,BOUNDARY
8892,417,BLANK,DV09-094,BOUNDARY
8893,417,BOILERPLATE,DV09-094,BOUNDARY
8894,417,BOILERPLATE,DV09-094,BOUNDARY
8895,417,REVIEWED_TEXT,DV09-094,BOUNDARY
8896,417,REVIEWED_TEXT,DV09-094,BOUNDARY
8897,417,REVIEWED_TEXT,DV09-094,BOUNDARY
8898,417,REVIEWED_TEXT,DV09-094,BOUNDARY
8899,417,REVIEWED_TEXT,DV09-094,BOUNDARY
8900,417,REVIEWED_TEXT,DV09-094,BOUNDARY
8901,417,REVIEWED_TEXT,DV09-094,BOUNDARY
8902,417,REVIEWED_TEXT,DV09-094,BOUNDARY
8903,417,BOILERPLATE,DV09-094,BOUNDARY
8904,417,REVIEWED_TEXT,DV09-094,BOUNDARY
8905,417,BOILERPLATE,DV09-094,BOUNDARY
8906,417,REVIEWED_TEXT,DV09-094,BOUNDARY
8907,417,BOILERPLATE,DV09-094,BOUNDARY
8908,417,REVIEWED_TEXT,DV09-094,BOUNDARY
8909,417,BOILERPLATE,DV09-094,BOUNDARY
8910,417,REVIEWED_TEXT,DV09-094,BOUNDARY
8911,417,REVIEWED_TEXT,DV09-094,BOUNDARY
8912,417,BOILERPLATE,DV09-094,BOUNDARY
8913,417,REVIEWED_TEXT,DV09-094,BOUNDARY
8914,417,BLANK,DV09-094,BOUNDARY
8915,418,PAGE_MARKER,DV09-094,BOUNDARY
8916,418,BOILERPLATE,DV09-094,BOUNDARY
8917,418,BOILERPLATE,DV09-094,BOUNDARY
8918,418,BLANK,DV09-094,BOUNDARY
8919,418,BOILERPLATE,DV09-094,BOUNDARY
8920,418,BOILERPLATE,DV09-094,BOUNDARY
8921,418,REVIEWED_TEXT,DV09-094,BOUNDARY
8922,418,REVIEWED_TEXT,DV09-094,BOUNDARY
8923,418,REVIEWED_TEXT,DV09-094,BOUNDARY
8924,418,REVIEWED_TEXT,DV09-094,BOUNDARY
8925,418,REVIEWED_TEXT,DV09-094,BOUNDARY
8926,418,REVIEWED_TEXT,DV09-094,BOUNDARY
8927,418,REVIEWED_TEXT,DV09-094,BOUNDARY
8928,418,REVIEWED_TEXT,DV09-094,BOUNDARY
8929,418,REVIEWED_TEXT,DV09-094,BOUNDARY
8930,418,BLANK,DV09-094,BOUNDARY
8931,418,BLANK,DV09-094,BOUNDARY
8932,418,BLANK,DV09-094,BOUNDARY
8933,418,BLANK,DV09-094,BOUNDARY
8934,418,BLANK,DV09-094,BOUNDARY
8935,418,REVIEWED_TEXT,DV09-094,BOUNDARY
8936,418,BLANK,DV09-094,BOUNDARY
8937,419,PAGE_MARKER,DV09-094,BOUNDARY
8938,419,BOILERPLATE,DV09-094,BOUNDARY
8939,419,BOILERPLATE,DV09-094,BOUNDARY
8940,419,BLANK,DV09-094,BOUNDARY
8941,419,BOILERPLATE,DV09-094,BOUNDARY
8942,419,BOILERPLATE,DV09-094,BOUNDARY
8943,419,REVIEWED_TEXT,DV09-094,BOUNDARY
8944,419,REVIEWED_TEXT,DV09-094,BOUNDARY
8945,419,REVIEWED_TEXT,DV09-094,BOUNDARY
8946,419,BOILERPLATE,DV09-094,BOUNDARY
8947,419,REVIEWED_TEXT,DV09-094,BOUNDARY
8948,419,REVIEWED_TEXT,DV09-094,BOUNDARY
8949,419,REVIEWED_TEXT,DV09-094,BOUNDARY
8950,419,REVIEWED_TEXT,DV09-094,BOUNDARY
8951,419,BOILERPLATE,DV09-094,BOUNDARY
8952,419,REVIEWED_TEXT,DV09-094,BOUNDARY
8953,419,REVIEWED_TEXT,DV09-094,BOUNDARY
8954,419,BOILERPLATE,DV09-094,BOUNDARY
8955,419,REVIEWED_TEXT,DV09-094,BOUNDARY
8956,419,REVIEWED_TEXT,DV09-094,BOUNDARY
8957,419,REVIEWED_TEXT,DV09-094,BOUNDARY
8958,419,BOILERPLATE,DV09-094,BOUNDARY
8959,419,REVIEWED_TEXT,DV09-094,BOUNDARY
8960,419,REVIEWED_TEXT,DV09-094,BOUNDARY
8961,419,REVIEWED_TEXT,DV09-094,BOUNDARY
8962,419,BLANK,DV09-094,BOUNDARY
8963,420,PAGE_MARKER,DV09-094,BOUNDARY
8964,420,BOILERPLATE,DV09-094,BOUNDARY
8965,420,BOILERPLATE,DV09-094,BOUNDARY
8966,420,BLANK,DV09-094,BOUNDARY
8967,420,BOILERPLATE,DV09-094,BOUNDARY
8968,420,BOILERPLATE,DV09-094,BOUNDARY
8969,420,REVIEWED_TEXT,DV09-094,BOUNDARY
8970,420,BOILERPLATE,DV09-094,BOUNDARY
8971,420,REVIEWED_TEXT,DV09-094,BOUNDARY
8972,420,REVIEWED_TEXT,DV09-094,BOUNDARY
8973,420,BOILERPLATE,DV09-094,BOUNDARY
8974,420,REVIEWED_TEXT,DV09-094,BOUNDARY
8975,420,REVIEWED_TEXT,DV09-094,BOUNDARY
8976,420,BLANK,DV09-094,BOUNDARY
8977,420,BLANK,DV09-094,BOUNDARY
8978,421,PAGE_MARKER,DV09-095,BOUNDARY
8979,421,BOILERPLATE,DV09-095,BOUNDARY
8980,421,BOILERPLATE,DV09-095,BOUNDARY
8981,421,BLANK,DV09-095,BOUNDARY
8982,421,BOILERPLATE,DV09-095,BOUNDARY
8983,421,BOILERPLATE,DV09-095,BOUNDARY
8984,421,BLANK,DV09-095,BOUNDARY
8985,422,PAGE_MARKER,DV09-095,BOUNDARY
8986,422,BOILERPLATE,DV09-095,BOUNDARY
8987,422,BOILERPLATE,DV09-095,BOUNDARY
8988,422,BLANK,DV09-095,BOUNDARY
8989,422,BOILERPLATE,DV09-095,BOUNDARY
8990,422,BOILERPLATE,DV09-095,BOUNDARY
8991,422,BLANK,DV09-095,BOUNDARY
8992,422,REVIEWED_TEXT,DV09-095,BOUNDARY
8993,422,REVIEWED_TEXT,DV09-095,BOUNDARY
8994,422,REVIEWED_TEXT,DV09-095,BOUNDARY
8995,422,REVIEWED_TEXT,DV09-095,BOUNDARY
8996,422,BLANK,DV09-095,BOUNDARY
8997,422,REVIEWED_TEXT,DV09-095,BOUNDARY
8998,422,BLANK,DV09-095,BOUNDARY
8999,422,REVIEWED_TEXT,DV09-095,BOUNDARY
9000,422,REVIEWED_TEXT,DV09-095,BOUNDARY
9001,422,REVIEWED_TEXT,DV09-095,BOUNDARY
9002,422,REVIEWED_TEXT,DV09-095,BOUNDARY
9003,422,BLANK,DV09-095,BOUNDARY
9004,422,REVIEWED_TEXT,DV09-095,BOUNDARY
9005,422,BLANK,DV09-095,BOUNDARY
9006,422,REVIEWED_TEXT,DV09-095,BOUNDARY
9007,422,REVIEWED_TEXT,DV09-095,BOUNDARY
9008,422,REVIEWED_TEXT,DV09-095,BOUNDARY
9009,422,REVIEWED_TEXT,DV09-095,BOUNDARY
9010,422,BLANK,DV09-095,BOUNDARY
9011,423,PAGE_MARKER,DV09-095,BOUNDARY
9012,423,BOILERPLATE,DV09-095,BOUNDARY
9013,423,BOILERPLATE,DV09-095,BOUNDARY
9014,423,BLANK,DV09-095,BOUNDARY
9015,423,BOILERPLATE,DV09-095,BOUNDARY
9016,423,BOILERPLATE,DV09-095,BOUNDARY
9017,423,REVIEWED_TEXT,DV09-095,BOUNDARY
9018,423,REVIEWED_TEXT,DV09-095,BOUNDARY
9019,423,BOILERPLATE,DV09-095,BOUNDARY
9020,423,REVIEWED_TEXT,DV09-095,BOUNDARY
9021,423,BOILERPLATE,DV09-095,BOUNDARY
9022,423,REVIEWED_TEXT,DV09-095,BOUNDARY
9023,423,REVIEWED_TEXT,DV09-095,BOUNDARY
9024,423,BOILERPLATE,DV09-095,BOUNDARY
9025,423,REVIEWED_TEXT,DV09-095,BOUNDARY
9026,423,REVIEWED_TEXT,DV09-095,BOUNDARY
9027,423,BOILERPLATE,DV09-095,BOUNDARY
9028,423,REVIEWED_TEXT,DV09-095,BOUNDARY
9029,423,BOILERPLATE,DV09-095,BOUNDARY
9030,423,REVIEWED_TEXT,DV09-095,BOUNDARY
9031,423,BOILERPLATE,DV09-095,BOUNDARY
9032,423,REVIEWED_TEXT,DV09-095,BOUNDARY
9033,423,BLANK,DV09-095,BOUNDARY
9034,424,PAGE_MARKER,DV09-095,BOUNDARY
9035,424,BOILERPLATE,DV09-095,BOUNDARY
9036,424,BOILERPLATE,DV09-095,BOUNDARY
9037,424,BLANK,DV09-095,BOUNDARY
9038,424,BOILERPLATE,DV09-095,BOUNDARY
9039,424,BOILERPLATE,DV09-095,BOUNDARY
9040,424,REVIEWED_TEXT,DV09-095,BOUNDARY
9041,424,REVIEWED_TEXT,DV09-095,BOUNDARY
9042,424,REVIEWED_TEXT,DV09-095,BOUNDARY
9043,424,REVIEWED_TEXT,DV09-095,BOUNDARY
9044,424,REVIEWED_TEXT,DV09-095,BOUNDARY
9045,424,REVIEWED_TEXT,DV09-095,BOUNDARY
9046,424,REVIEWED_TEXT,DV09-095,BOUNDARY
9047,424,REVIEWED_TEXT,DV09-095,BOUNDARY
9048,424,REVIEWED_TEXT,DV09-095,BOUNDARY
9049,424,REVIEWED_TEXT,DV09-095,BOUNDARY
9050,424,BLANK,DV09-095,BOUNDARY
9051,425,PAGE_MARKER,DV09-095,BOUNDARY
9052,425,BOILERPLATE,DV09-095,BOUNDARY
9053,425,BOILERPLATE,DV09-095,BOUNDARY
9054,425,BLANK,DV09-095,BOUNDARY
9055,425,BOILERPLATE,DV09-095,BOUNDARY
9056,425,BOILERPLATE,DV09-095,BOUNDARY
9057,425,REVIEWED_TEXT,DV09-095,BOUNDARY
9058,425,BLANK,DV09-095,BOUNDARY
9059,425,REVIEWED_TEXT,DV09-095,BOUNDARY
9060,425,BLANK,DV09-095,BOUNDARY
9061,425,BLANK,DV09-095,BOUNDARY
9062,425,BLANK,DV09-095,BOUNDARY
9063,425,REVIEWED_TEXT,DV09-095,BOUNDARY
9064,425,BLANK,DV09-095,BOUNDARY
9065,425,BLANK,DV09-095,BOUNDARY
9066,425,BLANK,DV09-095,BOUNDARY
9067,425,BLANK,DV09-095,BOUNDARY
9068,425,BLANK,DV09-095,BOUNDARY
9069,425,BLANK,DV09-095,BOUNDARY
9070,425,BLANK,DV09-095,BOUNDARY
9071,425,REVIEWED_TEXT,DV09-095,BOUNDARY
9072,425,BLANK,DV09-095,BOUNDARY
9073,425,BLANK,DV09-095,BOUNDARY
9074,425,REVIEWED_TEXT,DV09-095,BOUNDARY
9075,425,REVIEWED_TEXT,DV09-095,BOUNDARY
9076,425,REVIEWED_TEXT,DV09-095,BOUNDARY
9077,425,REVIEWED_TEXT,DV09-095,BOUNDARY
9078,425,BLANK,DV09-095,BOUNDARY
9079,425,REVIEWED_TEXT,DV09-095,BOUNDARY
9080,425,REVIEWED_TEXT,DV09-095,BOUNDARY
9081,425,BLANK,DV09-095,BOUNDARY
9082,425,BLANK,DV09-095,BOUNDARY
9083,425,REVIEWED_TEXT,DV09-095,BOUNDARY
9084,425,REVIEWED_TEXT,DV09-095,BOUNDARY
9085,425,BLANK,DV09-095,BOUNDARY
9086,425,BLANK,DV09-095,BOUNDARY
9087,425,BLANK,DV09-095,BOUNDARY
9088,425,REVIEWED_TEXT,DV09-095,BOUNDARY
9089,425,REVIEWED_TEXT,DV09-095,BOUNDARY
9090,425,BOILERPLATE,DV09-095,BOUNDARY
9091,425,REVIEWED_TEXT,DV09-095,BOUNDARY
9092,425,BOILERPLATE,DV09-095,BOUNDARY
9093,425,REVIEWED_TEXT,DV09-095,BOUNDARY
9094,425,BOILERPLATE,DV09-095,BOUNDARY
9095,425,REVIEWED_TEXT,DV09-095,BOUNDARY
9096,425,REVIEWED_TEXT,DV09-095,BOUNDARY
9097,425,BOILERPLATE,DV09-095,BOUNDARY
9098,425,REVIEWED_TEXT,DV09-095,BOUNDARY
9099,425,BOILERPLATE,DV09-095,BOUNDARY
9100,425,REVIEWED_TEXT,DV09-095,BOUNDARY
9101,425,REVIEWED_TEXT,DV09-095,BOUNDARY
9102,425,BOILERPLATE,DV09-095,BOUNDARY
9103,425,REVIEWED_TEXT,DV09-095,BOUNDARY
9104,425,REVIEWED_TEXT,DV09-095,BOUNDARY
9105,425,REVIEWED_TEXT,DV09-095,BOUNDARY
9106,425,BLANK,DV09-095,BOUNDARY
9107,426,PAGE_MARKER,DV09-095,BOUNDARY
9108,426,BOILERPLATE,DV09-095,BOUNDARY
9109,426,BOILERPLATE,DV09-095,BOUNDARY
9110,426,BLANK,DV09-095,BOUNDARY
9111,426,BOILERPLATE,DV09-095,BOUNDARY
9112,426,BOILERPLATE,DV09-095,BOUNDARY
9113,426,REVIEWED_TEXT,DV09-095,BOUNDARY
9114,426,REVIEWED_TEXT,DV09-095,BOUNDARY
9115,426,REVIEWED_TEXT,DV09-095,BOUNDARY
9116,426,REVIEWED_TEXT,DV09-095,BOUNDARY
9117,426,BOILERPLATE,DV09-095,BOUNDARY
9118,426,REVIEWED_TEXT,DV09-095,BOUNDARY
9119,426,BOILERPLATE,DV09-095,BOUNDARY
9120,426,REVIEWED_TEXT,DV09-095,BOUNDARY
9121,426,BOILERPLATE,DV09-095,BOUNDARY
9122,426,REVIEWED_TEXT,DV09-095,BOUNDARY
9123,426,REVIEWED_TEXT,DV09-095,BOUNDARY
9124,426,REVIEWED_TEXT,DV09-095,BOUNDARY
9125,426,REVIEWED_TEXT,DV09-095,BOUNDARY
9126,426,REVIEWED_TEXT,DV09-095,BOUNDARY
9127,426,REVIEWED_TEXT,DV09-095,BOUNDARY
9128,426,REVIEWED_TEXT,DV09-095,BOUNDARY
9129,426,BLANK,DV09-095,BOUNDARY
9130,426,BLANK,DV09-095,BOUNDARY
9131,427,PAGE_MARKER,DV09-095,BOUNDARY
9132,427,BOILERPLATE,DV09-095,BOUNDARY
9133,427,BOILERPLATE,DV09-095,BOUNDARY
9134,427,BLANK,DV09-095,BOUNDARY
9135,427,BOILERPLATE,DV09-095,BOUNDARY
9136,427,BOILERPLATE,DV09-095,BOUNDARY
9137,427,REVIEWED_TEXT,DV09-095,BOUNDARY
9138,427,REVIEWED_TEXT,DV09-095,BOUNDARY
9139,427,REVIEWED_TEXT,DV09-095,BOUNDARY
9140,427,REVIEWED_TEXT,DV09-095,BOUNDARY
9141,427,REVIEWED_TEXT,DV09-095,BOUNDARY
9142,427,REVIEWED_TEXT,DV09-095,BOUNDARY
9143,427,REVIEWED_TEXT,DV09-095,BOUNDARY
9144,427,REVIEWED_TEXT,DV09-095,BOUNDARY
9145,427,BLANK,DV09-095,BOUNDARY
9146,427,BLANK,DV09-095,BOUNDARY
9147,428,PAGE_MARKER,DV09-096,VERIFIED_SUBSET
9148,428,BOILERPLATE,DV09-096,VERIFIED_SUBSET
9149,428,BOILERPLATE,DV09-096,VERIFIED_SUBSET
9150,428,BLANK,DV09-096,VERIFIED_SUBSET
9151,428,BOILERPLATE,DV09-096,VERIFIED_SUBSET
9152,428,BOILERPLATE,DV09-096,VERIFIED_SUBSET
9153,428,REVIEWED_TEXT,DV09-096,VERIFIED_SUBSET
9154,428,BLANK,DV09-096,VERIFIED_SUBSET
9155,428,REVIEWED_TEXT,DV09-096,VERIFIED_SUBSET
9156,428,REVIEWED_TEXT,DV09-096,VERIFIED_SUBSET
9157,428,REVIEWED_TEXT,DV09-096,VERIFIED_SUBSET
9158,428,REVIEWED_TEXT,DV09-096,VERIFIED_SUBSET
9159,428,REVIEWED_TEXT,DV09-096,VERIFIED_SUBSET
9160,428,REVIEWED_TEXT,DV09-096,VERIFIED_SUBSET
9161,428,BLANK,DV09-096,VERIFIED_SUBSET
9162,428,REVIEWED_TEXT,DV09-096,VERIFIED_SUBSET
9163,428,REVIEWED_TEXT,DV09-096,VERIFIED_SUBSET
9164,428,REVIEWED_TEXT,DV09-096,VERIFIED_SUBSET
9165,428,REVIEWED_TEXT,DV09-096,VERIFIED_SUBSET
9166,428,BLANK,DV09-096,VERIFIED_SUBSET
9167,428,REVIEWED_TEXT,DV09-096,VERIFIED_SUBSET
9168,428,REVIEWED_TEXT,DV09-096,VERIFIED_SUBSET
9169,428,REVIEWED_TEXT,DV09-096,VERIFIED_SUBSET
9170,428,REVIEWED_TEXT,DV09-096,VERIFIED_SUBSET
9171,428,REVIEWED_TEXT,DV09-096,VERIFIED_SUBSET
9172,428,REVIEWED_TEXT,DV09-096,VERIFIED_SUBSET
9173,428,BLANK,DV09-096,VERIFIED_SUBSET
9174,428,BLANK,DV09-096,VERIFIED_SUBSET
9175,428,BLANK,DV09-096,VERIFIED_SUBSET
9176,428,BLANK,DV09-096,VERIFIED_SUBSET
9177,428,BLANK,DV09-096,VERIFIED_SUBSET
9178,428,BLANK,DV09-096,VERIFIED_SUBSET
9179,428,BLANK,DV09-096,VERIFIED_SUBSET
9180,428,BLANK,DV09-096,VERIFIED_SUBSET
9181,428,BLANK,DV09-096,VERIFIED_SUBSET
9182,428,BLANK,DV09-096,VERIFIED_SUBSET
9183,428,BLANK,DV09-096,VERIFIED_SUBSET
9184,428,BLANK,DV09-096,VERIFIED_SUBSET
9185,428,BLANK,DV09-096,VERIFIED_SUBSET
9186,428,BLANK,DV09-096,VERIFIED_SUBSET
9187,428,BLANK,DV09-096,VERIFIED_SUBSET
9188,428,BLANK,DV09-096,VERIFIED_SUBSET
9189,428,BLANK,DV09-096,VERIFIED_SUBSET
9190,428,BLANK,DV09-096,VERIFIED_SUBSET
9191,428,BLANK,DV09-096,VERIFIED_SUBSET
9192,428,BLANK,DV09-096,VERIFIED_SUBSET
9193,428,BLANK,DV09-096,VERIFIED_SUBSET
9194,428,BLANK,DV09-096,VERIFIED_SUBSET
9195,428,BLANK,DV09-096,VERIFIED_SUBSET
9196,428,BLANK,DV09-096,VERIFIED_SUBSET
9197,428,REVIEWED_TEXT,DV09-096,VERIFIED_SUBSET
9198,428,BLANK,DV09-096,VERIFIED_SUBSET
9199,428,BLANK,DV09-096,VERIFIED_SUBSET
9200,428,BLANK,DV09-096,VERIFIED_SUBSET
9201,428,BLANK,DV09-096,VERIFIED_SUBSET
9202,428,BLANK,DV09-096,VERIFIED_SUBSET
9203,428,REVIEWED_TEXT,DV09-096,VERIFIED_SUBSET
9204,428,BLANK,DV09-096,VERIFIED_SUBSET
9205,429,PAGE_MARKER,DV09-096,VERIFIED_SUBSET
9206,429,BOILERPLATE,DV09-096,VERIFIED_SUBSET
9207,429,BOILERPLATE,DV09-096,VERIFIED_SUBSET
9208,429,BLANK,DV09-096,VERIFIED_SUBSET
9209,429,BOILERPLATE,DV09-096,VERIFIED_SUBSET
9210,429,BOILERPLATE,DV09-096,VERIFIED_SUBSET
9211,429,REVIEWED_TEXT,DV09-096,VERIFIED_SUBSET
9212,429,REVIEWED_TEXT,DV09-096,VERIFIED_SUBSET
9213,429,REVIEWED_TEXT,DV09-096,VERIFIED_SUBSET
9214,429,REVIEWED_TEXT,DV09-096,VERIFIED_SUBSET
9215,429,REVIEWED_TEXT,DV09-096,VERIFIED_SUBSET
9216,429,BOILERPLATE,DV09-096,VERIFIED_SUBSET
9217,429,REVIEWED_TEXT,DV09-096,VERIFIED_SUBSET
9218,429,BOILERPLATE,DV09-096,VERIFIED_SUBSET
9219,429,REVIEWED_TEXT,DV09-096,VERIFIED_SUBSET
9220,429,BOILERPLATE,DV09-096,VERIFIED_SUBSET
9221,429,REVIEWED_TEXT,DV09-096,VERIFIED_SUBSET
9222,429,BOILERPLATE,DV09-096,VERIFIED_SUBSET
9223,429,REVIEWED_TEXT,DV09-096,VERIFIED_SUBSET
9224,429,REVIEWED_TEXT,DV09-096,VERIFIED_SUBSET
9225,429,REVIEWED_TEXT,DV09-096,VERIFIED_SUBSET
9226,429,BOILERPLATE,DV09-096,VERIFIED_SUBSET
9227,429,REVIEWED_TEXT,DV09-096,VERIFIED_SUBSET
9228,429,BOILERPLATE,DV09-096,VERIFIED_SUBSET
9229,429,REVIEWED_TEXT,DV09-096,VERIFIED_SUBSET
9230,429,BOILERPLATE,DV09-096,VERIFIED_SUBSET
9231,429,REVIEWED_TEXT,DV09-096,VERIFIED_SUBSET
9232,429,BLANK,DV09-096,VERIFIED_SUBSET
9233,429,BLANK,DV09-096,VERIFIED_SUBSET
9234,430,PAGE_MARKER,DV09-096,VERIFIED_SUBSET
9235,430,BOILERPLATE,DV09-096,VERIFIED_SUBSET
9236,430,BOILERPLATE,DV09-096,VERIFIED_SUBSET
9237,430,BLANK,DV09-096,VERIFIED_SUBSET
9238,430,BOILERPLATE,DV09-096,VERIFIED_SUBSET
9239,430,BOILERPLATE,DV09-096,VERIFIED_SUBSET
9240,430,REVIEWED_TEXT,DV09-096,VERIFIED_SUBSET
9241,430,BLANK,DV09-096,VERIFIED_SUBSET
9242,430,REVIEWED_TEXT,DV09-096,VERIFIED_SUBSET
9243,430,REVIEWED_TEXT,DV09-096,VERIFIED_SUBSET
9244,430,REVIEWED_TEXT,DV09-096,VERIFIED_SUBSET
9245,430,REVIEWED_TEXT,DV09-096,VERIFIED_SUBSET
9246,430,REVIEWED_TEXT,DV09-096,VERIFIED_SUBSET
9247,430,REVIEWED_TEXT,DV09-096,VERIFIED_SUBSET
9248,430,BLANK,DV09-096,VERIFIED_SUBSET
9249,430,REVIEWED_TEXT,DV09-096,VERIFIED_SUBSET
9250,430,REVIEWED_TEXT,DV09-096,VERIFIED_SUBSET
9251,430,REVIEWED_TEXT,DV09-096,VERIFIED_SUBSET
9252,430,REVIEWED_TEXT,DV09-096,VERIFIED_SUBSET
9253,430,BLANK,DV09-096,VERIFIED_SUBSET
9254,430,REVIEWED_TEXT,DV09-096,VERIFIED_SUBSET
9255,430,REVIEWED_TEXT,DV09-096,VERIFIED_SUBSET
9256,430,REVIEWED_TEXT,DV09-096,VERIFIED_SUBSET
9257,430,REVIEWED_TEXT,DV09-096,VERIFIED_SUBSET
9258,430,REVIEWED_TEXT,DV09-096,VERIFIED_SUBSET
9259,430,REVIEWED_TEXT,DV09-096,VERIFIED_SUBSET
9260,430,BLANK,DV09-096,VERIFIED_SUBSET
9261,430,BLANK,DV09-096,VERIFIED_SUBSET
9262,430,BLANK,DV09-096,VERIFIED_SUBSET
9263,430,BLANK,DV09-096,VERIFIED_SUBSET
9264,430,BLANK,DV09-096,VERIFIED_SUBSET
9265,430,BLANK,DV09-096,VERIFIED_SUBSET
9266,430,BLANK,DV09-096,VERIFIED_SUBSET
9267,430,BLANK,DV09-096,VERIFIED_SUBSET
9268,430,BLANK,DV09-096,VERIFIED_SUBSET
9269,430,BLANK,DV09-096,VERIFIED_SUBSET
9270,430,BLANK,DV09-096,VERIFIED_SUBSET
9271,430,BLANK,DV09-096,VERIFIED_SUBSET
9272,430,BLANK,DV09-096,VERIFIED_SUBSET
9273,430,BLANK,DV09-096,VERIFIED_SUBSET
9274,430,BLANK,DV09-096,VERIFIED_SUBSET
9275,430,BLANK,DV09-096,VERIFIED_SUBSET
9276,430,BLANK,DV09-096,VERIFIED_SUBSET
9277,430,BLANK,DV09-096,VERIFIED_SUBSET
9278,430,BLANK,DV09-096,VERIFIED_SUBSET
9279,430,BLANK,DV09-096,VERIFIED_SUBSET
9280,430,BLANK,DV09-096,VERIFIED_SUBSET
9281,430,BLANK,DV09-096,VERIFIED_SUBSET
9282,430,BLANK,DV09-096,VERIFIED_SUBSET
9283,430,BLANK,DV09-096,VERIFIED_SUBSET
9284,430,REVIEWED_TEXT,DV09-096,VERIFIED_SUBSET
9285,430,BLANK,DV09-096,VERIFIED_SUBSET
9286,430,BLANK,DV09-096,VERIFIED_SUBSET
9287,430,BLANK,DV09-096,VERIFIED_SUBSET
9288,430,BLANK,DV09-096,VERIFIED_SUBSET
9289,430,BLANK,DV09-096,VERIFIED_SUBSET
9290,430,REVIEWED_TEXT,DV09-096,VERIFIED_SUBSET
9291,430,BLANK,DV09-096,VERIFIED_SUBSET
9292,431,PAGE_MARKER,DV09-096,VERIFIED_SUBSET
9293,431,BOILERPLATE,DV09-096,VERIFIED_SUBSET
9294,431,BOILERPLATE,DV09-096,VERIFIED_SUBSET
9295,431,BLANK,DV09-096,VERIFIED_SUBSET
9296,431,BOILERPLATE,DV09-096,VERIFIED_SUBSET
9297,431,BOILERPLATE,DV09-096,VERIFIED_SUBSET
9298,431,REVIEWED_TEXT,DV09-096,VERIFIED_SUBSET
9299,431,REVIEWED_TEXT,DV09-096,VERIFIED_SUBSET
9300,431,REVIEWED_TEXT,DV09-096,VERIFIED_SUBSET
9301,431,REVIEWED_TEXT,DV09-096,VERIFIED_SUBSET
9302,431,REVIEWED_TEXT,DV09-096,VERIFIED_SUBSET
9303,431,BOILERPLATE,DV09-096,VERIFIED_SUBSET
9304,431,REVIEWED_TEXT,DV09-096,VERIFIED_SUBSET
9305,431,BOILERPLATE,DV09-096,VERIFIED_SUBSET
9306,431,REVIEWED_TEXT,DV09-096,VERIFIED_SUBSET
9307,431,REVIEWED_TEXT,DV09-096,VERIFIED_SUBSET
9308,431,REVIEWED_TEXT,DV09-096,VERIFIED_SUBSET
9309,431,REVIEWED_TEXT,DV09-096,VERIFIED_SUBSET
9310,431,BLANK,DV09-096,VERIFIED_SUBSET
9311,431,BLANK,DV09-096,VERIFIED_SUBSET
9312,432,PAGE_MARKER,DV09-096,VERIFIED_SUBSET
9313,432,BOILERPLATE,DV09-096,VERIFIED_SUBSET
9314,432,BOILERPLATE,DV09-096,VERIFIED_SUBSET
9315,432,BLANK,DV09-096,VERIFIED_SUBSET
9316,432,BOILERPLATE,DV09-096,VERIFIED_SUBSET
9317,432,BOILERPLATE,DV09-096,VERIFIED_SUBSET
9318,432,REVIEWED_TEXT,DV09-096,VERIFIED_SUBSET
9319,432,BLANK,DV09-096,VERIFIED_SUBSET
9320,432,REVIEWED_TEXT,DV09-096,VERIFIED_SUBSET
9321,432,REVIEWED_TEXT,DV09-096,VERIFIED_SUBSET
9322,432,REVIEWED_TEXT,DV09-096,VERIFIED_SUBSET
9323,432,REVIEWED_TEXT,DV09-096,VERIFIED_SUBSET
9324,432,REVIEWED_TEXT,DV09-096,VERIFIED_SUBSET
9325,432,REVIEWED_TEXT,DV09-096,VERIFIED_SUBSET
9326,432,BLANK,DV09-096,VERIFIED_SUBSET
9327,432,REVIEWED_TEXT,DV09-096,VERIFIED_SUBSET
9328,432,REVIEWED_TEXT,DV09-096,VERIFIED_SUBSET
9329,432,REVIEWED_TEXT,DV09-096,VERIFIED_SUBSET
9330,432,REVIEWED_TEXT,DV09-096,VERIFIED_SUBSET
9331,432,BLANK,DV09-096,VERIFIED_SUBSET
9332,432,REVIEWED_TEXT,DV09-096,VERIFIED_SUBSET
9333,432,REVIEWED_TEXT,DV09-096,VERIFIED_SUBSET
9334,432,REVIEWED_TEXT,DV09-096,VERIFIED_SUBSET
9335,432,REVIEWED_TEXT,DV09-096,VERIFIED_SUBSET
9336,432,REVIEWED_TEXT,DV09-096,VERIFIED_SUBSET
9337,432,REVIEWED_TEXT,DV09-096,VERIFIED_SUBSET
9338,432,BLANK,DV09-096,VERIFIED_SUBSET
9339,432,BLANK,DV09-096,VERIFIED_SUBSET
9340,432,BLANK,DV09-096,VERIFIED_SUBSET
9341,432,BLANK,DV09-096,VERIFIED_SUBSET
9342,432,BLANK,DV09-096,VERIFIED_SUBSET
9343,432,BLANK,DV09-096,VERIFIED_SUBSET
9344,432,BLANK,DV09-096,VERIFIED_SUBSET
9345,432,BLANK,DV09-096,VERIFIED_SUBSET
9346,432,BLANK,DV09-096,VERIFIED_SUBSET
9347,432,BLANK,DV09-096,VERIFIED_SUBSET
9348,432,BLANK,DV09-096,VERIFIED_SUBSET
9349,432,BLANK,DV09-096,VERIFIED_SUBSET
9350,432,BLANK,DV09-096,VERIFIED_SUBSET
9351,432,BLANK,DV09-096,VERIFIED_SUBSET
9352,432,BLANK,DV09-096,VERIFIED_SUBSET
9353,432,BLANK,DV09-096,VERIFIED_SUBSET
9354,432,BLANK,DV09-096,VERIFIED_SUBSET
9355,432,BLANK,DV09-096,VERIFIED_SUBSET
9356,432,BLANK,DV09-096,VERIFIED_SUBSET
9357,432,BLANK,DV09-096,VERIFIED_SUBSET
9358,432,BLANK,DV09-096,VERIFIED_SUBSET
9359,432,BLANK,DV09-096,VERIFIED_SUBSET
9360,432,BLANK,DV09-096,VERIFIED_SUBSET
9361,432,BLANK,DV09-096,VERIFIED_SUBSET
9362,432,REVIEWED_TEXT,DV09-096,VERIFIED_SUBSET
9363,432,BLANK,DV09-096,VERIFIED_SUBSET
9364,432,BLANK,DV09-096,VERIFIED_SUBSET
9365,432,BLANK,DV09-096,VERIFIED_SUBSET
9366,432,BLANK,DV09-096,VERIFIED_SUBSET
9367,432,BLANK,DV09-096,VERIFIED_SUBSET
9368,432,REVIEWED_TEXT,DV09-096,VERIFIED_SUBSET
9369,432,BLANK,DV09-096,VERIFIED_SUBSET
9370,433,PAGE_MARKER,DV09-096,VERIFIED_SUBSET
9371,433,BOILERPLATE,DV09-096,VERIFIED_SUBSET
9372,433,BOILERPLATE,DV09-096,VERIFIED_SUBSET
9373,433,BLANK,DV09-096,VERIFIED_SUBSET
9374,433,BOILERPLATE,DV09-096,VERIFIED_SUBSET
9375,433,BOILERPLATE,DV09-096,VERIFIED_SUBSET
9376,433,REVIEWED_TEXT,DV09-096,VERIFIED_SUBSET
9377,433,REVIEWED_TEXT,DV09-096,VERIFIED_SUBSET
9378,433,REVIEWED_TEXT,DV09-096,VERIFIED_SUBSET
9379,433,REVIEWED_TEXT,DV09-096,VERIFIED_SUBSET
9380,433,REVIEWED_TEXT,DV09-096,VERIFIED_SUBSET
9381,433,REVIEWED_TEXT,DV09-096,VERIFIED_SUBSET
9382,433,BLANK,DV09-096,VERIFIED_SUBSET
9383,433,BLANK,DV09-096,VERIFIED_SUBSET
9384,433,BLANK,DV09-096,VERIFIED_SUBSET
9385,433,BLANK,DV09-096,VERIFIED_SUBSET
9386,433,BLANK,DV09-096,VERIFIED_SUBSET
9387,433,BLANK,DV09-096,VERIFIED_SUBSET
9388,433,BLANK,DV09-096,VERIFIED_SUBSET
9389,433,BLANK,DV09-096,VERIFIED_SUBSET
9390,433,BLANK,DV09-096,VERIFIED_SUBSET
9391,433,BLANK,DV09-096,VERIFIED_SUBSET
9392,433,REVIEWED_TEXT,DV09-096,VERIFIED_SUBSET
9393,433,REVIEWED_TEXT,DV09-096,VERIFIED_SUBSET
9394,433,BLANK,DV09-096,VERIFIED_SUBSET
9395,433,BLANK,DV09-096,VERIFIED_SUBSET
9396,434,PAGE_MARKER,DV09-097,VERIFIED_SUBSET
9397,434,BOILERPLATE,DV09-097,VERIFIED_SUBSET
9398,434,BOILERPLATE,DV09-097,VERIFIED_SUBSET
9399,434,BLANK,DV09-097,VERIFIED_SUBSET
9400,434,BOILERPLATE,DV09-097,VERIFIED_SUBSET
9401,434,BOILERPLATE,DV09-097,VERIFIED_SUBSET
9402,434,REVIEWED_TEXT,DV09-097,VERIFIED_SUBSET
9403,434,BLANK,DV09-097,VERIFIED_SUBSET
9404,435,PAGE_MARKER,DV09-097,VERIFIED_SUBSET
9405,435,BOILERPLATE,DV09-097,VERIFIED_SUBSET
9406,435,BOILERPLATE,DV09-097,VERIFIED_SUBSET
9407,435,BLANK,DV09-097,VERIFIED_SUBSET
9408,435,BOILERPLATE,DV09-097,VERIFIED_SUBSET
9409,435,BOILERPLATE,DV09-097,VERIFIED_SUBSET
9410,435,REVIEWED_TEXT,DV09-097,VERIFIED_SUBSET
9411,435,REVIEWED_TEXT,DV09-097,VERIFIED_SUBSET
9412,435,REVIEWED_TEXT,DV09-097,VERIFIED_SUBSET
9413,435,REVIEWED_TEXT,DV09-097,VERIFIED_SUBSET
9414,435,REVIEWED_TEXT,DV09-097,VERIFIED_SUBSET
9415,435,REVIEWED_TEXT,DV09-097,VERIFIED_SUBSET
9416,435,REVIEWED_TEXT,DV09-097,VERIFIED_SUBSET
9417,435,REVIEWED_TEXT,DV09-097,VERIFIED_SUBSET
9418,435,REVIEWED_TEXT,DV09-097,VERIFIED_SUBSET
9419,435,REVIEWED_TEXT,DV09-097,VERIFIED_SUBSET
9420,435,REVIEWED_TEXT,DV09-097,VERIFIED_SUBSET
9421,435,REVIEWED_TEXT,DV09-097,VERIFIED_SUBSET
9422,435,BLANK,DV09-097,VERIFIED_SUBSET
9423,435,BLANK,DV09-097,VERIFIED_SUBSET
9424,436,PAGE_MARKER,DV09-097,VERIFIED_SUBSET
9425,436,BOILERPLATE,DV09-097,VERIFIED_SUBSET
9426,436,BOILERPLATE,DV09-097,VERIFIED_SUBSET
9427,436,BLANK,DV09-097,VERIFIED_SUBSET
9428,436,BOILERPLATE,DV09-097,VERIFIED_SUBSET
9429,436,BOILERPLATE,DV09-097,VERIFIED_SUBSET
9430,436,REVIEWED_TEXT,DV09-097,VERIFIED_SUBSET
9431,436,REVIEWED_TEXT,DV09-097,VERIFIED_SUBSET
9432,436,REVIEWED_TEXT,DV09-097,VERIFIED_SUBSET
9433,436,REVIEWED_TEXT,DV09-097,VERIFIED_SUBSET
9434,436,REVIEWED_TEXT,DV09-097,VERIFIED_SUBSET
9435,436,BLANK,DV09-097,VERIFIED_SUBSET
9436,436,BLANK,DV09-097,VERIFIED_SUBSET
9437,436,BLANK,DV09-097,VERIFIED_SUBSET
9438,436,BLANK,DV09-097,VERIFIED_SUBSET
9439,436,BLANK,DV09-097,VERIFIED_SUBSET
9440,437,PAGE_MARKER,DV09-097,VERIFIED_SUBSET
9441,437,BOILERPLATE,DV09-097,VERIFIED_SUBSET
9442,437,BOILERPLATE,DV09-097,VERIFIED_SUBSET
9443,437,BLANK,DV09-097,VERIFIED_SUBSET
9444,437,BOILERPLATE,DV09-097,VERIFIED_SUBSET
9445,437,BOILERPLATE,DV09-097,VERIFIED_SUBSET
9446,437,REVIEWED_TEXT,DV09-097,VERIFIED_SUBSET
9447,437,REVIEWED_TEXT,DV09-097,VERIFIED_SUBSET
9448,437,BLANK,DV09-097,VERIFIED_SUBSET
9449,437,REVIEWED_TEXT,DV09-097,VERIFIED_SUBSET
9450,437,REVIEWED_TEXT,DV09-097,VERIFIED_SUBSET
9451,437,REVIEWED_TEXT,DV09-097,VERIFIED_SUBSET
9452,437,REVIEWED_TEXT,DV09-097,VERIFIED_SUBSET
9453,437,BLANK,DV09-097,VERIFIED_SUBSET
9454,437,REVIEWED_TEXT,DV09-097,VERIFIED_SUBSET
9455,437,REVIEWED_TEXT,DV09-097,VERIFIED_SUBSET
9456,437,REVIEWED_TEXT,DV09-097,VERIFIED_SUBSET
9457,437,REVIEWED_TEXT,DV09-097,VERIFIED_SUBSET
9458,437,REVIEWED_TEXT,DV09-097,VERIFIED_SUBSET
9459,437,REVIEWED_TEXT,DV09-097,VERIFIED_SUBSET
9460,437,REVIEWED_TEXT,DV09-097,VERIFIED_SUBSET
9461,437,REVIEWED_TEXT,DV09-097,VERIFIED_SUBSET
9462,437,REVIEWED_TEXT,DV09-097,VERIFIED_SUBSET
9463,437,REVIEWED_TEXT,DV09-097,VERIFIED_SUBSET
9464,437,REVIEWED_TEXT,DV09-097,VERIFIED_SUBSET
9465,437,REVIEWED_TEXT,DV09-097,VERIFIED_SUBSET
9466,437,REVIEWED_TEXT,DV09-097,VERIFIED_SUBSET
9467,437,REVIEWED_TEXT,DV09-097,VERIFIED_SUBSET
9468,437,REVIEWED_TEXT,DV09-097,VERIFIED_SUBSET
9469,437,BLANK,DV09-097,VERIFIED_SUBSET
9470,438,PAGE_MARKER,DV09-098,BOUNDARY
9471,438,BOILERPLATE,DV09-098,BOUNDARY
9472,438,BOILERPLATE,DV09-098,BOUNDARY
9473,438,BLANK,DV09-098,BOUNDARY
9474,438,BOILERPLATE,DV09-098,BOUNDARY
9475,438,BOILERPLATE,DV09-098,BOUNDARY
9476,438,REVIEWED_TEXT,DV09-098,BOUNDARY
9477,438,REVIEWED_TEXT,DV09-098,BOUNDARY
9478,438,REVIEWED_TEXT,DV09-098,BOUNDARY
9479,438,REVIEWED_TEXT,DV09-098,BOUNDARY
9480,438,REVIEWED_TEXT,DV09-098,BOUNDARY
9481,438,BOILERPLATE,DV09-098,BOUNDARY
9482,438,REVIEWED_TEXT,DV09-098,BOUNDARY
9483,438,BOILERPLATE,DV09-098,BOUNDARY
9484,438,REVIEWED_TEXT,DV09-098,BOUNDARY
9485,438,BOILERPLATE,DV09-098,BOUNDARY
9486,438,REVIEWED_TEXT,DV09-098,BOUNDARY
9487,438,BOILERPLATE,DV09-098,BOUNDARY
9488,438,REVIEWED_TEXT,DV09-098,BOUNDARY
9489,438,BLANK,DV09-098,BOUNDARY
9490,438,REVIEWED_TEXT,DV09-098,BOUNDARY
9491,438,REVIEWED_TEXT,DV09-098,BOUNDARY
9492,438,REVIEWED_TEXT,DV09-098,BOUNDARY
9493,438,BLANK,DV09-098,BOUNDARY
9494,439,PAGE_MARKER,DV09-098,BOUNDARY
9495,439,BOILERPLATE,DV09-098,BOUNDARY
9496,439,BOILERPLATE,DV09-098,BOUNDARY
9497,439,BLANK,DV09-098,BOUNDARY
9498,439,BOILERPLATE,DV09-098,BOUNDARY
9499,439,BOILERPLATE,DV09-098,BOUNDARY
9500,439,REVIEWED_TEXT,DV09-098,BOUNDARY
9501,439,REVIEWED_TEXT,DV09-098,BOUNDARY
9502,439,REVIEWED_TEXT,DV09-098,BOUNDARY
9503,439,BOILERPLATE,DV09-098,BOUNDARY
9504,439,REVIEWED_TEXT,DV09-098,BOUNDARY
9505,439,BOILERPLATE,DV09-098,BOUNDARY
9506,439,REVIEWED_TEXT,DV09-098,BOUNDARY
9507,439,REVIEWED_TEXT,DV09-098,BOUNDARY
9508,439,REVIEWED_TEXT,DV09-098,BOUNDARY
9509,439,REVIEWED_TEXT,DV09-098,BOUNDARY
9510,439,REVIEWED_TEXT,DV09-098,BOUNDARY
9511,439,REVIEWED_TEXT,DV09-098,BOUNDARY
9512,439,REVIEWED_TEXT,DV09-098,BOUNDARY
9513,439,BLANK,DV09-098,BOUNDARY
9514,439,BLANK,DV09-098,BOUNDARY
9515,440,PAGE_MARKER,DV09-098,BOUNDARY
9516,440,BOILERPLATE,DV09-098,BOUNDARY
9517,440,BOILERPLATE,DV09-098,BOUNDARY
9518,440,BLANK,DV09-098,BOUNDARY
9519,440,BOILERPLATE,DV09-098,BOUNDARY
9520,440,BOILERPLATE,DV09-098,BOUNDARY
9521,440,REVIEWED_TEXT,DV09-098,BOUNDARY
9522,440,BLANK,DV09-098,BOUNDARY
9523,440,BLANK,DV09-098,BOUNDARY
9524,441,PAGE_MARKER,DV09-098,BOUNDARY
9525,441,BOILERPLATE,DV09-098,BOUNDARY
9526,441,BOILERPLATE,DV09-098,BOUNDARY
9527,441,BLANK,DV09-098,BOUNDARY
9528,441,BOILERPLATE,DV09-098,BOUNDARY
9529,441,BOILERPLATE,DV09-098,BOUNDARY
9530,441,REVIEWED_TEXT,DV09-098,BOUNDARY
9531,441,REVIEWED_TEXT,DV09-098,BOUNDARY
9532,441,BOILERPLATE,DV09-098,BOUNDARY
9533,441,REVIEWED_TEXT,DV09-098,BOUNDARY
9534,441,BOILERPLATE,DV09-098,BOUNDARY
9535,441,REVIEWED_TEXT,DV09-098,BOUNDARY
9536,441,BOILERPLATE,DV09-098,BOUNDARY
9537,441,REVIEWED_TEXT,DV09-098,BOUNDARY
9538,441,BOILERPLATE,DV09-098,BOUNDARY
9539,441,REVIEWED_TEXT,DV09-098,BOUNDARY
9540,441,REVIEWED_TEXT,DV09-098,BOUNDARY
9541,441,REVIEWED_TEXT,DV09-098,BOUNDARY
9542,441,BLANK,DV09-098,BOUNDARY
9543,441,BLANK,DV09-098,BOUNDARY
9544,442,PAGE_MARKER,DV09-098,BOUNDARY
9545,442,BOILERPLATE,DV09-098,BOUNDARY
9546,442,BOILERPLATE,DV09-098,BOUNDARY
9547,442,BLANK,DV09-098,BOUNDARY
9548,442,BOILERPLATE,DV09-098,BOUNDARY
9549,442,BOILERPLATE,DV09-098,BOUNDARY
9550,442,REVIEWED_TEXT,DV09-098,BOUNDARY
9551,442,REVIEWED_TEXT,DV09-098,BOUNDARY
9552,442,REVIEWED_TEXT,DV09-098,BOUNDARY
9553,442,BOILERPLATE,DV09-098,BOUNDARY
9554,442,REVIEWED_TEXT,DV09-098,BOUNDARY
9555,442,BOILERPLATE,DV09-098,BOUNDARY
9556,442,REVIEWED_TEXT,DV09-098,BOUNDARY
9557,442,BOILERPLATE,DV09-098,BOUNDARY
9558,442,REVIEWED_TEXT,DV09-098,BOUNDARY
9559,442,REVIEWED_TEXT,DV09-098,BOUNDARY
9560,442,REVIEWED_TEXT,DV09-098,BOUNDARY
9561,442,REVIEWED_TEXT,DV09-098,BOUNDARY
9562,442,BLANK,DV09-098,BOUNDARY
9563,443,PAGE_MARKER,DV09-098,BOUNDARY
9564,443,BOILERPLATE,DV09-098,BOUNDARY
9565,443,BOILERPLATE,DV09-098,BOUNDARY
9566,443,BLANK,DV09-098,BOUNDARY
9567,443,BOILERPLATE,DV09-098,BOUNDARY
9568,443,BOILERPLATE,DV09-098,BOUNDARY
9569,443,BLANK,DV09-098,BOUNDARY
9570,444,PAGE_MARKER,DV09-099,VERIFIED_SUBSET
9571,444,BOILERPLATE,DV09-099,VERIFIED_SUBSET
9572,444,BOILERPLATE,DV09-099,VERIFIED_SUBSET
9573,444,BLANK,DV09-099,VERIFIED_SUBSET
9574,444,BOILERPLATE,DV09-099,VERIFIED_SUBSET
9575,444,BOILERPLATE,DV09-099,VERIFIED_SUBSET
9576,444,REVIEWED_TEXT,DV09-099,VERIFIED_SUBSET
9577,444,REVIEWED_TEXT,DV09-099,VERIFIED_SUBSET
9578,444,BOILERPLATE,DV09-099,VERIFIED_SUBSET
9579,444,REVIEWED_TEXT,DV09-099,VERIFIED_SUBSET
9580,444,BOILERPLATE,DV09-099,VERIFIED_SUBSET
9581,444,REVIEWED_TEXT,DV09-099,VERIFIED_SUBSET
9582,444,REVIEWED_TEXT,DV09-099,VERIFIED_SUBSET
9583,444,BOILERPLATE,DV09-099,VERIFIED_SUBSET
9584,444,REVIEWED_TEXT,DV09-099,VERIFIED_SUBSET
9585,444,BOILERPLATE,DV09-099,VERIFIED_SUBSET
9586,444,REVIEWED_TEXT,DV09-099,VERIFIED_SUBSET
9587,444,REVIEWED_TEXT,DV09-099,VERIFIED_SUBSET
9588,444,BOILERPLATE,DV09-099,VERIFIED_SUBSET
9589,444,REVIEWED_TEXT,DV09-099,VERIFIED_SUBSET
9590,444,REVIEWED_TEXT,DV09-099,VERIFIED_SUBSET
9591,444,BOILERPLATE,DV09-099,VERIFIED_SUBSET
9592,444,REVIEWED_TEXT,DV09-099,VERIFIED_SUBSET
9593,444,REVIEWED_TEXT,DV09-099,VERIFIED_SUBSET
9594,444,REVIEWED_TEXT,DV09-099,VERIFIED_SUBSET
9595,444,REVIEWED_TEXT,DV09-099,VERIFIED_SUBSET
9596,444,BLANK,DV09-099,VERIFIED_SUBSET
9597,444,BLANK,DV09-099,VERIFIED_SUBSET
9598,444,REVIEWED_TEXT,DV09-099,VERIFIED_SUBSET
9599,444,REVIEWED_TEXT,DV09-099,VERIFIED_SUBSET
9600,444,BLANK,DV09-099,VERIFIED_SUBSET
9601,445,PAGE_MARKER,DV09-099,VERIFIED_SUBSET
9602,445,BOILERPLATE,DV09-099,VERIFIED_SUBSET
9603,445,BOILERPLATE,DV09-099,VERIFIED_SUBSET
9604,445,BLANK,DV09-099,VERIFIED_SUBSET
9605,445,BOILERPLATE,DV09-099,VERIFIED_SUBSET
9606,445,BOILERPLATE,DV09-099,VERIFIED_SUBSET
9607,445,REVIEWED_TEXT,DV09-099,VERIFIED_SUBSET
9608,445,BLANK,DV09-099,VERIFIED_SUBSET
9609,445,BLANK,DV09-099,VERIFIED_SUBSET
9610,445,REVIEWED_TEXT,DV09-099,VERIFIED_SUBSET
9611,445,REVIEWED_TEXT,DV09-099,VERIFIED_SUBSET
9612,445,BLANK,DV09-099,VERIFIED_SUBSET
9613,445,BLANK,DV09-099,VERIFIED_SUBSET
9614,445,REVIEWED_TEXT,DV09-099,VERIFIED_SUBSET
9615,445,REVIEWED_TEXT,DV09-099,VERIFIED_SUBSET
9616,445,BLANK,DV09-099,VERIFIED_SUBSET
9617,446,PAGE_MARKER,DV09-099,VERIFIED_SUBSET
9618,446,BOILERPLATE,DV09-099,VERIFIED_SUBSET
9619,446,BOILERPLATE,DV09-099,VERIFIED_SUBSET
9620,446,BLANK,DV09-099,VERIFIED_SUBSET
9621,446,BOILERPLATE,DV09-099,VERIFIED_SUBSET
9622,446,BOILERPLATE,DV09-099,VERIFIED_SUBSET
9623,446,REVIEWED_TEXT,DV09-099,VERIFIED_SUBSET
9624,446,REVIEWED_TEXT,DV09-099,VERIFIED_SUBSET
9625,446,BOILERPLATE,DV09-099,VERIFIED_SUBSET
9626,446,REVIEWED_TEXT,DV09-099,VERIFIED_SUBSET
9627,446,BOILERPLATE,DV09-099,VERIFIED_SUBSET
9628,446,REVIEWED_TEXT,DV09-099,VERIFIED_SUBSET
9629,446,REVIEWED_TEXT,DV09-099,VERIFIED_SUBSET
9630,446,REVIEWED_TEXT,DV09-099,VERIFIED_SUBSET
9631,446,REVIEWED_TEXT,DV09-099,VERIFIED_SUBSET
9632,446,REVIEWED_TEXT,DV09-099,VERIFIED_SUBSET
9633,446,BOILERPLATE,DV09-099,VERIFIED_SUBSET
9634,446,REVIEWED_TEXT,DV09-099,VERIFIED_SUBSET
9635,446,REVIEWED_TEXT,DV09-099,VERIFIED_SUBSET
9636,446,BOILERPLATE,DV09-099,VERIFIED_SUBSET
9637,446,REVIEWED_TEXT,DV09-099,VERIFIED_SUBSET
9638,446,REVIEWED_TEXT,DV09-099,VERIFIED_SUBSET
9639,446,BLANK,DV09-099,VERIFIED_SUBSET
9640,446,BLANK,DV09-099,VERIFIED_SUBSET
9641,447,PAGE_MARKER,DV09-099,VERIFIED_SUBSET
9642,447,BOILERPLATE,DV09-099,VERIFIED_SUBSET
9643,447,BOILERPLATE,DV09-099,VERIFIED_SUBSET
9644,447,BLANK,DV09-099,VERIFIED_SUBSET
9645,447,BOILERPLATE,DV09-099,VERIFIED_SUBSET
9646,447,BOILERPLATE,DV09-099,VERIFIED_SUBSET
9647,447,BLANK,DV09-099,VERIFIED_SUBSET
9648,448,PAGE_MARKER,DV09-100,VERIFIED_SUBSET
9649,448,BOILERPLATE,DV09-100,VERIFIED_SUBSET
9650,448,BOILERPLATE,DV09-100,VERIFIED_SUBSET
9651,448,BLANK,DV09-100,VERIFIED_SUBSET
9652,448,BOILERPLATE,DV09-100,VERIFIED_SUBSET
9653,448,BOILERPLATE,DV09-100,VERIFIED_SUBSET
9654,448,REVIEWED_TEXT,DV09-100,VERIFIED_SUBSET
9655,448,REVIEWED_TEXT,DV09-100,VERIFIED_SUBSET
9656,448,REVIEWED_TEXT,DV09-100,VERIFIED_SUBSET
9657,448,REVIEWED_TEXT,DV09-100,VERIFIED_SUBSET
9658,448,REVIEWED_TEXT,DV09-100,VERIFIED_SUBSET
9659,448,REVIEWED_TEXT,DV09-100,VERIFIED_SUBSET
9660,448,REVIEWED_TEXT,DV09-100,VERIFIED_SUBSET
9661,448,REVIEWED_TEXT,DV09-100,VERIFIED_SUBSET
9662,448,REVIEWED_TEXT,DV09-100,VERIFIED_SUBSET
9663,448,REVIEWED_TEXT,DV09-100,VERIFIED_SUBSET
9664,448,REVIEWED_TEXT,DV09-100,VERIFIED_SUBSET
9665,448,REVIEWED_TEXT,DV09-100,VERIFIED_SUBSET
9666,448,REVIEWED_TEXT,DV09-100,VERIFIED_SUBSET
9667,448,REVIEWED_TEXT,DV09-100,VERIFIED_SUBSET
9668,448,REVIEWED_TEXT,DV09-100,VERIFIED_SUBSET
9669,448,REVIEWED_TEXT,DV09-100,VERIFIED_SUBSET
9670,448,REVIEWED_TEXT,DV09-100,VERIFIED_SUBSET
9671,448,REVIEWED_TEXT,DV09-100,VERIFIED_SUBSET
9672,448,REVIEWED_TEXT,DV09-100,VERIFIED_SUBSET
9673,448,REVIEWED_TEXT,DV09-100,VERIFIED_SUBSET
9674,448,REVIEWED_TEXT,DV09-100,VERIFIED_SUBSET
9675,448,REVIEWED_TEXT,DV09-100,VERIFIED_SUBSET
9676,448,REVIEWED_TEXT,DV09-100,VERIFIED_SUBSET
9677,448,REVIEWED_TEXT,DV09-100,VERIFIED_SUBSET
9678,448,REVIEWED_TEXT,DV09-100,VERIFIED_SUBSET
9679,448,REVIEWED_TEXT,DV09-100,VERIFIED_SUBSET
9680,448,BLANK,DV09-100,VERIFIED_SUBSET
9681,449,PAGE_MARKER,DV09-100,VERIFIED_SUBSET
9682,449,BOILERPLATE,DV09-100,VERIFIED_SUBSET
9683,449,BOILERPLATE,DV09-100,VERIFIED_SUBSET
9684,449,BLANK,DV09-100,VERIFIED_SUBSET
9685,449,BOILERPLATE,DV09-100,VERIFIED_SUBSET
9686,449,BOILERPLATE,DV09-100,VERIFIED_SUBSET
9687,449,REVIEWED_TEXT,DV09-100,VERIFIED_SUBSET
9688,449,REVIEWED_TEXT,DV09-100,VERIFIED_SUBSET
9689,449,REVIEWED_TEXT,DV09-100,VERIFIED_SUBSET
9690,449,REVIEWED_TEXT,DV09-100,VERIFIED_SUBSET
9691,449,REVIEWED_TEXT,DV09-100,VERIFIED_SUBSET
9692,449,REVIEWED_TEXT,DV09-100,VERIFIED_SUBSET
9693,449,REVIEWED_TEXT,DV09-100,VERIFIED_SUBSET
9694,449,BOILERPLATE,DV09-100,VERIFIED_SUBSET
9695,449,REVIEWED_TEXT,DV09-100,VERIFIED_SUBSET
9696,449,REVIEWED_TEXT,DV09-100,VERIFIED_SUBSET
9697,449,BOILERPLATE,DV09-100,VERIFIED_SUBSET
9698,449,REVIEWED_TEXT,DV09-100,VERIFIED_SUBSET
9699,449,REVIEWED_TEXT,DV09-100,VERIFIED_SUBSET
9700,449,BOILERPLATE,DV09-100,VERIFIED_SUBSET
9701,449,REVIEWED_TEXT,DV09-100,VERIFIED_SUBSET
9702,449,REVIEWED_TEXT,DV09-100,VERIFIED_SUBSET
9703,449,REVIEWED_TEXT,DV09-100,VERIFIED_SUBSET
9704,449,BLANK,DV09-100,VERIFIED_SUBSET
9705,449,BLANK,DV09-100,VERIFIED_SUBSET
9706,450,PAGE_MARKER,DV09-100,VERIFIED_SUBSET
9707,450,BOILERPLATE,DV09-100,VERIFIED_SUBSET
9708,450,BOILERPLATE,DV09-100,VERIFIED_SUBSET
9709,450,BLANK,DV09-100,VERIFIED_SUBSET
9710,450,BOILERPLATE,DV09-100,VERIFIED_SUBSET
9711,450,BOILERPLATE,DV09-100,VERIFIED_SUBSET
9712,450,REVIEWED_TEXT,DV09-100,VERIFIED_SUBSET
9713,450,REVIEWED_TEXT,DV09-100,VERIFIED_SUBSET
9714,450,BOILERPLATE,DV09-100,VERIFIED_SUBSET
9715,450,REVIEWED_TEXT,DV09-100,VERIFIED_SUBSET
9716,450,REVIEWED_TEXT,DV09-100,VERIFIED_SUBSET
9717,450,REVIEWED_TEXT,DV09-100,VERIFIED_SUBSET
9718,450,REVIEWED_TEXT,DV09-100,VERIFIED_SUBSET
9719,450,BOILERPLATE,DV09-100,VERIFIED_SUBSET
9720,450,REVIEWED_TEXT,DV09-100,VERIFIED_SUBSET
9721,450,REVIEWED_TEXT,DV09-100,VERIFIED_SUBSET
9722,450,REVIEWED_TEXT,DV09-100,VERIFIED_SUBSET
9723,450,REVIEWED_TEXT,DV09-100,VERIFIED_SUBSET
9724,450,REVIEWED_TEXT,DV09-100,VERIFIED_SUBSET
9725,450,REVIEWED_TEXT,DV09-100,VERIFIED_SUBSET
9726,450,REVIEWED_TEXT,DV09-100,VERIFIED_SUBSET
9727,450,REVIEWED_TEXT,DV09-100,VERIFIED_SUBSET
9728,450,REVIEWED_TEXT,DV09-100,VERIFIED_SUBSET
9729,450,REVIEWED_TEXT,DV09-100,VERIFIED_SUBSET
9730,450,BLANK,DV09-100,VERIFIED_SUBSET
9731,451,PAGE_MARKER,DV09-100,VERIFIED_SUBSET
9732,451,BOILERPLATE,DV09-100,VERIFIED_SUBSET
9733,451,BOILERPLATE,DV09-100,VERIFIED_SUBSET
9734,451,BLANK,DV09-100,VERIFIED_SUBSET
9735,451,BOILERPLATE,DV09-100,VERIFIED_SUBSET
9736,451,BOILERPLATE,DV09-100,VERIFIED_SUBSET
9737,451,BLANK,DV09-100,VERIFIED_SUBSET
9738,452,PAGE_MARKER,DV09-101,VERIFIED_SUBSET
9739,452,BOILERPLATE,DV09-101,VERIFIED_SUBSET
9740,452,BOILERPLATE,DV09-101,VERIFIED_SUBSET
9741,452,BLANK,DV09-101,VERIFIED_SUBSET
9742,452,BOILERPLATE,DV09-101,VERIFIED_SUBSET
9743,452,BOILERPLATE,DV09-101,VERIFIED_SUBSET
9744,452,REVIEWED_TEXT,DV09-101,VERIFIED_SUBSET
9745,452,REVIEWED_TEXT,DV09-101,VERIFIED_SUBSET
9746,452,REVIEWED_TEXT,DV09-101,VERIFIED_SUBSET
9747,452,REVIEWED_TEXT,DV09-101,VERIFIED_SUBSET
9748,452,REVIEWED_TEXT,DV09-101,VERIFIED_SUBSET
9749,452,REVIEWED_TEXT,DV09-101,VERIFIED_SUBSET
9750,452,REVIEWED_TEXT,DV09-101,VERIFIED_SUBSET
9751,452,REVIEWED_TEXT,DV09-101,VERIFIED_SUBSET
9752,452,BLANK,DV09-101,VERIFIED_SUBSET
9753,452,REVIEWED_TEXT,DV09-101,VERIFIED_SUBSET
9754,452,REVIEWED_TEXT,DV09-101,VERIFIED_SUBSET
9755,452,REVIEWED_TEXT,DV09-101,VERIFIED_SUBSET
9756,452,REVIEWED_TEXT,DV09-101,VERIFIED_SUBSET
9757,452,REVIEWED_TEXT,DV09-101,VERIFIED_SUBSET
9758,452,REVIEWED_TEXT,DV09-101,VERIFIED_SUBSET
9759,452,REVIEWED_TEXT,DV09-101,VERIFIED_SUBSET
9760,452,REVIEWED_TEXT,DV09-101,VERIFIED_SUBSET
9761,452,REVIEWED_TEXT,DV09-101,VERIFIED_SUBSET
9762,452,REVIEWED_TEXT,DV09-101,VERIFIED_SUBSET
9763,452,REVIEWED_TEXT,DV09-101,VERIFIED_SUBSET
9764,452,REVIEWED_TEXT,DV09-101,VERIFIED_SUBSET
9765,452,REVIEWED_TEXT,DV09-101,VERIFIED_SUBSET
9766,452,REVIEWED_TEXT,DV09-101,VERIFIED_SUBSET
9767,452,REVIEWED_TEXT,DV09-101,VERIFIED_SUBSET
9768,452,REVIEWED_TEXT,DV09-101,VERIFIED_SUBSET
9769,452,REVIEWED_TEXT,DV09-101,VERIFIED_SUBSET
9770,452,REVIEWED_TEXT,DV09-101,VERIFIED_SUBSET
9771,452,REVIEWED_TEXT,DV09-101,VERIFIED_SUBSET
9772,452,REVIEWED_TEXT,DV09-101,VERIFIED_SUBSET
9773,452,REVIEWED_TEXT,DV09-101,VERIFIED_SUBSET
9774,452,BLANK,DV09-101,VERIFIED_SUBSET
9775,453,PAGE_MARKER,DV09-101,VERIFIED_SUBSET
9776,453,BOILERPLATE,DV09-101,VERIFIED_SUBSET
9777,453,BOILERPLATE,DV09-101,VERIFIED_SUBSET
9778,453,BLANK,DV09-101,VERIFIED_SUBSET
9779,453,BOILERPLATE,DV09-101,VERIFIED_SUBSET
9780,453,BOILERPLATE,DV09-101,VERIFIED_SUBSET
9781,453,REVIEWED_TEXT,DV09-101,VERIFIED_SUBSET
9782,453,REVIEWED_TEXT,DV09-101,VERIFIED_SUBSET
9783,453,REVIEWED_TEXT,DV09-101,VERIFIED_SUBSET
9784,453,REVIEWED_TEXT,DV09-101,VERIFIED_SUBSET
9785,453,BLANK,DV09-101,VERIFIED_SUBSET
9786,453,BLANK,DV09-101,VERIFIED_SUBSET
9787,454,PAGE_MARKER,DV09-101,VERIFIED_SUBSET
9788,454,BOILERPLATE,DV09-101,VERIFIED_SUBSET
9789,454,BOILERPLATE,DV09-101,VERIFIED_SUBSET
9790,454,BLANK,DV09-101,VERIFIED_SUBSET
9791,454,BOILERPLATE,DV09-101,VERIFIED_SUBSET
9792,454,BOILERPLATE,DV09-101,VERIFIED_SUBSET
9793,454,REVIEWED_TEXT,DV09-101,VERIFIED_SUBSET
9794,454,REVIEWED_TEXT,DV09-101,VERIFIED_SUBSET
9795,454,BOILERPLATE,DV09-101,VERIFIED_SUBSET
9796,454,REVIEWED_TEXT,DV09-101,VERIFIED_SUBSET
9797,454,BOILERPLATE,DV09-101,VERIFIED_SUBSET
9798,454,REVIEWED_TEXT,DV09-101,VERIFIED_SUBSET
9799,454,BOILERPLATE,DV09-101,VERIFIED_SUBSET
9800,454,REVIEWED_TEXT,DV09-101,VERIFIED_SUBSET
9801,454,BOILERPLATE,DV09-101,VERIFIED_SUBSET
9802,454,REVIEWED_TEXT,DV09-101,VERIFIED_SUBSET
9803,454,BOILERPLATE,DV09-101,VERIFIED_SUBSET
9804,454,REVIEWED_TEXT,DV09-101,VERIFIED_SUBSET
9805,454,BOILERPLATE,DV09-101,VERIFIED_SUBSET
9806,454,REVIEWED_TEXT,DV09-101,VERIFIED_SUBSET
9807,454,BOILERPLATE,DV09-101,VERIFIED_SUBSET
9808,454,REVIEWED_TEXT,DV09-101,VERIFIED_SUBSET
9809,454,BLANK,DV09-101,VERIFIED_SUBSET
9810,454,BLANK,DV09-101,VERIFIED_SUBSET
9811,454,BLANK,DV09-101,VERIFIED_SUBSET
9812,455,PAGE_MARKER,DV09-101,VERIFIED_SUBSET
9813,455,BOILERPLATE,DV09-101,VERIFIED_SUBSET
9814,455,BOILERPLATE,DV09-101,VERIFIED_SUBSET
9815,455,BLANK,DV09-101,VERIFIED_SUBSET
9816,455,BOILERPLATE,DV09-101,VERIFIED_SUBSET
9817,455,BOILERPLATE,DV09-101,VERIFIED_SUBSET
9818,455,REVIEWED_TEXT,DV09-101,VERIFIED_SUBSET
9819,455,REVIEWED_TEXT,DV09-101,VERIFIED_SUBSET
9820,455,REVIEWED_TEXT,DV09-101,VERIFIED_SUBSET
9821,455,BLANK,DV09-101,VERIFIED_SUBSET
9822,455,BLANK,DV09-101,VERIFIED_SUBSET
9823,455,BLANK,DV09-101,VERIFIED_SUBSET
9824,456,PAGE_MARKER,DV09-101,VERIFIED_SUBSET
9825,456,BOILERPLATE,DV09-101,VERIFIED_SUBSET
9826,456,BOILERPLATE,DV09-101,VERIFIED_SUBSET
9827,456,BLANK,DV09-101,VERIFIED_SUBSET
9828,456,BOILERPLATE,DV09-101,VERIFIED_SUBSET
9829,456,BOILERPLATE,DV09-101,VERIFIED_SUBSET
9830,456,REVIEWED_TEXT,DV09-101,VERIFIED_SUBSET
9831,456,REVIEWED_TEXT,DV09-101,VERIFIED_SUBSET
9832,456,BOILERPLATE,DV09-101,VERIFIED_SUBSET
9833,456,REVIEWED_TEXT,DV09-101,VERIFIED_SUBSET
9834,456,BOILERPLATE,DV09-101,VERIFIED_SUBSET
9835,456,REVIEWED_TEXT,DV09-101,VERIFIED_SUBSET
9836,456,BOILERPLATE,DV09-101,VERIFIED_SUBSET
9837,456,REVIEWED_TEXT,DV09-101,VERIFIED_SUBSET
9838,456,BOILERPLATE,DV09-101,VERIFIED_SUBSET
9839,456,REVIEWED_TEXT,DV09-101,VERIFIED_SUBSET
9840,456,BLANK,DV09-101,VERIFIED_SUBSET
9841,456,BLANK,DV09-101,VERIFIED_SUBSET
9842,457,PAGE_MARKER,DV09-102,BOUNDARY
9843,457,BLANK,DV09-102,BOUNDARY
9844,457,BLANK,DV09-102,BOUNDARY
9845,457,BLANK,DV09-102,BOUNDARY
9846,457,BLANK,DV09-102,BOUNDARY
9847,457,BLANK,DV09-102,BOUNDARY
9848,457,BOILERPLATE,DV09-102,BOUNDARY
9849,457,BOILERPLATE,DV09-102,BOUNDARY
9850,457,REVIEWED_TEXT,DV09-102,BOUNDARY
9851,457,REVIEWED_TEXT,DV09-102,BOUNDARY
9852,457,REVIEWED_TEXT,DV09-102,BOUNDARY
9853,457,BLANK,DV09-102,BOUNDARY
9854,458,PAGE_MARKER,DV09-102,BOUNDARY
9855,458,BOILERPLATE,DV09-102,BOUNDARY
9856,458,BOILERPLATE,DV09-102,BOUNDARY
9857,458,BLANK,DV09-102,BOUNDARY
9858,458,BOILERPLATE,DV09-102,BOUNDARY
9859,458,BOILERPLATE,DV09-102,BOUNDARY
9860,458,BLANK,DV09-102,BOUNDARY
9861,459,PAGE_MARKER,DV09-102,BOUNDARY
9862,459,BOILERPLATE,DV09-102,BOUNDARY
9863,459,BOILERPLATE,DV09-102,BOUNDARY
9864,459,BLANK,DV09-102,BOUNDARY
9865,459,BOILERPLATE,DV09-102,BOUNDARY
9866,459,BOILERPLATE,DV09-102,BOUNDARY
9867,459,REVIEWED_TEXT,DV09-102,BOUNDARY
9868,459,REVIEWED_TEXT,DV09-102,BOUNDARY
9869,459,BOILERPLATE,DV09-102,BOUNDARY
9870,459,REVIEWED_TEXT,DV09-102,BOUNDARY
9871,459,BOILERPLATE,DV09-102,BOUNDARY
9872,459,REVIEWED_TEXT,DV09-102,BOUNDARY
9873,459,BOILERPLATE,DV09-102,BOUNDARY
9874,459,REVIEWED_TEXT,DV09-102,BOUNDARY
9875,459,BOILERPLATE,DV09-102,BOUNDARY
9876,459,REVIEWED_TEXT,DV09-102,BOUNDARY
9877,459,BOILERPLATE,DV09-102,BOUNDARY
9878,459,REVIEWED_TEXT,DV09-102,BOUNDARY
9879,459,BOILERPLATE,DV09-102,BOUNDARY
9880,459,REVIEWED_TEXT,DV09-102,BOUNDARY
9881,459,BLANK,DV09-102,BOUNDARY
9882,460,PAGE_MARKER,DV09-102,BOUNDARY
9883,460,BOILERPLATE,DV09-102,BOUNDARY
9884,460,BOILERPLATE,DV09-102,BOUNDARY
9885,460,BLANK,DV09-102,BOUNDARY
9886,460,BOILERPLATE,DV09-102,BOUNDARY
9887,460,BOILERPLATE,DV09-102,BOUNDARY
9888,460,REVIEWED_TEXT,DV09-102,BOUNDARY
9889,460,REVIEWED_TEXT,DV09-102,BOUNDARY
9890,460,REVIEWED_TEXT,DV09-102,BOUNDARY
9891,460,BLANK,DV09-102,BOUNDARY
9892,460,BLANK,DV09-102,BOUNDARY
9893,460,BLANK,DV09-102,BOUNDARY
9894,460,BLANK,DV09-102,BOUNDARY
9895,460,BLANK,DV09-102,BOUNDARY
9896,460,REVIEWED_TEXT,DV09-102,BOUNDARY
9897,460,BLANK,DV09-102,BOUNDARY
9898,460,REVIEWED_TEXT,DV09-102,BOUNDARY
9899,460,REVIEWED_TEXT,DV09-102,BOUNDARY
9900,460,REVIEWED_TEXT,DV09-102,BOUNDARY
9901,460,REVIEWED_TEXT,DV09-102,BOUNDARY
9902,460,REVIEWED_TEXT,DV09-102,BOUNDARY
9903,460,REVIEWED_TEXT,DV09-102,BOUNDARY
9904,460,BLANK,DV09-102,BOUNDARY
9905,460,REVIEWED_TEXT,DV09-102,BOUNDARY
9906,460,REVIEWED_TEXT,DV09-102,BOUNDARY
9907,460,REVIEWED_TEXT,DV09-102,BOUNDARY
9908,460,REVIEWED_TEXT,DV09-102,BOUNDARY
9909,460,REVIEWED_TEXT,DV09-102,BOUNDARY
9910,460,BLANK,DV09-102,BOUNDARY
9911,461,PAGE_MARKER,DV09-102,BOUNDARY
9912,461,BOILERPLATE,DV09-102,BOUNDARY
9913,461,BOILERPLATE,DV09-102,BOUNDARY
9914,461,BLANK,DV09-102,BOUNDARY
9915,461,BOILERPLATE,DV09-102,BOUNDARY
9916,461,BOILERPLATE,DV09-102,BOUNDARY
9917,461,REVIEWED_TEXT,DV09-102,BOUNDARY
9918,461,REVIEWED_TEXT,DV09-102,BOUNDARY
9919,461,BOILERPLATE,DV09-102,BOUNDARY
9920,461,REVIEWED_TEXT,DV09-102,BOUNDARY
9921,461,BOILERPLATE,DV09-102,BOUNDARY
9922,461,REVIEWED_TEXT,DV09-102,BOUNDARY
9923,461,BOILERPLATE,DV09-102,BOUNDARY
9924,461,REVIEWED_TEXT,DV09-102,BOUNDARY
9925,461,REVIEWED_TEXT,DV09-102,BOUNDARY
9926,461,BOILERPLATE,DV09-102,BOUNDARY
9927,461,REVIEWED_TEXT,DV09-102,BOUNDARY
9928,461,BLANK,DV09-102,BOUNDARY
9929,461,BLANK,DV09-102,BOUNDARY
9930,461,BLANK,DV09-102,BOUNDARY
9931,461,BLANK,DV09-102,BOUNDARY
9932,461,BLANK,DV09-102,BOUNDARY
9933,461,BLANK,DV09-102,BOUNDARY
9934,461,BLANK,DV09-102,BOUNDARY
9935,461,BLANK,DV09-102,BOUNDARY
9936,461,REVIEWED_TEXT,DV09-102,BOUNDARY
9937,461,REVIEWED_TEXT,DV09-102,BOUNDARY
9938,461,BLANK,DV09-102,BOUNDARY
9939,461,REVIEWED_TEXT,DV09-102,BOUNDARY
9940,461,BLANK,DV09-102,BOUNDARY
9941,461,BLANK,DV09-102,BOUNDARY
9942,461,BLANK,DV09-102,BOUNDARY
9943,461,BLANK,DV09-102,BOUNDARY
9944,461,BLANK,DV09-102,BOUNDARY
9945,461,BLANK,DV09-102,BOUNDARY
9946,461,BLANK,DV09-102,BOUNDARY
9947,461,REVIEWED_TEXT,DV09-102,BOUNDARY
9948,461,BLANK,DV09-102,BOUNDARY
9949,461,REVIEWED_TEXT,DV09-102,BOUNDARY
9950,461,REVIEWED_TEXT,DV09-102,BOUNDARY
9951,461,REVIEWED_TEXT,DV09-102,BOUNDARY
9952,461,REVIEWED_TEXT,DV09-102,BOUNDARY
9953,461,REVIEWED_TEXT,DV09-102,BOUNDARY
9954,461,REVIEWED_TEXT,DV09-102,BOUNDARY
9955,461,BLANK,DV09-102,BOUNDARY
9956,461,REVIEWED_TEXT,DV09-102,BOUNDARY
9957,461,REVIEWED_TEXT,DV09-102,BOUNDARY
9958,461,REVIEWED_TEXT,DV09-102,BOUNDARY
9959,461,REVIEWED_TEXT,DV09-102,BOUNDARY
9960,461,BLANK,DV09-102,BOUNDARY
9961,462,PAGE_MARKER,DV09-102,BOUNDARY
9962,462,BOILERPLATE,DV09-102,BOUNDARY
9963,462,BOILERPLATE,DV09-102,BOUNDARY
9964,462,BLANK,DV09-102,BOUNDARY
9965,462,BOILERPLATE,DV09-102,BOUNDARY
9966,462,BOILERPLATE,DV09-102,BOUNDARY
9967,462,REVIEWED_TEXT,DV09-102,BOUNDARY
9968,462,BOILERPLATE,DV09-102,BOUNDARY
9969,462,REVIEWED_TEXT,DV09-102,BOUNDARY
9970,462,BOILERPLATE,DV09-102,BOUNDARY
9971,462,REVIEWED_TEXT,DV09-102,BOUNDARY
9972,462,REVIEWED_TEXT,DV09-102,BOUNDARY
9973,462,BOILERPLATE,DV09-102,BOUNDARY
9974,462,REVIEWED_TEXT,DV09-102,BOUNDARY
9975,462,BLANK,DV09-102,BOUNDARY
9976,462,BLANK,DV09-102,BOUNDARY
9977,462,BLANK,DV09-102,BOUNDARY
9978,462,BLANK,DV09-102,BOUNDARY
9979,462,BLANK,DV09-102,BOUNDARY
9980,462,BLANK,DV09-102,BOUNDARY
9981,462,BLANK,DV09-102,BOUNDARY
9982,462,BLANK,DV09-102,BOUNDARY
9983,462,BLANK,DV09-102,BOUNDARY
9984,462,REVIEWED_TEXT,DV09-102,BOUNDARY
9985,462,BLANK,DV09-102,BOUNDARY
9986,462,BLANK,DV09-102,BOUNDARY
9987,462,BLANK,DV09-102,BOUNDARY
9988,462,BLANK,DV09-102,BOUNDARY
9989,462,BLANK,DV09-102,BOUNDARY
9990,462,BLANK,DV09-102,BOUNDARY
9991,462,BLANK,DV09-102,BOUNDARY
9992,462,BLANK,DV09-102,BOUNDARY
9993,462,REVIEWED_TEXT,DV09-102,BOUNDARY
9994,462,BLANK,DV09-102,BOUNDARY
9995,462,BLANK,DV09-102,BOUNDARY
9996,462,REVIEWED_TEXT,DV09-102,BOUNDARY
9997,462,REVIEWED_TEXT,DV09-102,BOUNDARY
9998,462,REVIEWED_TEXT,DV09-102,BOUNDARY
9999,462,REVIEWED_TEXT,DV09-102,BOUNDARY
10000,462,REVIEWED_TEXT,DV09-102,BOUNDARY
10001,462,BLANK,DV09-102,BOUNDARY
10002,463,PAGE_MARKER,DV09-102,BOUNDARY
10003,463,BOILERPLATE,DV09-102,BOUNDARY
10004,463,BOILERPLATE,DV09-102,BOUNDARY
10005,463,BLANK,DV09-102,BOUNDARY
10006,463,BOILERPLATE,DV09-102,BOUNDARY
10007,463,BOILERPLATE,DV09-102,BOUNDARY
10008,463,REVIEWED_TEXT,DV09-102,BOUNDARY
10009,463,REVIEWED_TEXT,DV09-102,BOUNDARY
10010,463,REVIEWED_TEXT,DV09-102,BOUNDARY
10011,463,REVIEWED_TEXT,DV09-102,BOUNDARY
10012,463,BLANK,DV09-102,BOUNDARY
10013,463,BLANK,DV09-102,BOUNDARY
10014,463,BLANK,DV09-102,BOUNDARY
10015,463,BLANK,DV09-102,BOUNDARY
10016,463,BLANK,DV09-102,BOUNDARY
10017,463,BLANK,DV09-102,BOUNDARY
10018,463,BLANK,DV09-102,BOUNDARY
10019,463,BLANK,DV09-102,BOUNDARY
10020,463,BLANK,DV09-102,BOUNDARY
10021,463,BLANK,DV09-102,BOUNDARY
10022,463,BLANK,DV09-102,BOUNDARY
10023,463,REVIEWED_TEXT,DV09-102,BOUNDARY
10024,463,BLANK,DV09-102,BOUNDARY
10025,463,BLANK,DV09-102,BOUNDARY
10026,463,BLANK,DV09-102,BOUNDARY
10027,463,BLANK,DV09-102,BOUNDARY
10028,463,BLANK,DV09-102,BOUNDARY
10029,463,BLANK,DV09-102,BOUNDARY
10030,463,BLANK,DV09-102,BOUNDARY
10031,463,BLANK,DV09-102,BOUNDARY
10032,463,BLANK,DV09-102,BOUNDARY
10033,463,REVIEWED_TEXT,DV09-102,BOUNDARY
10034,463,REVIEWED_TEXT,DV09-102,BOUNDARY
10035,463,BLANK,DV09-102,BOUNDARY
10036,463,BLANK,DV09-102,BOUNDARY
10037,463,BLANK,DV09-102,BOUNDARY
10038,463,BLANK,DV09-102,BOUNDARY
10039,463,REVIEWED_TEXT,DV09-102,BOUNDARY
10040,463,REVIEWED_TEXT,DV09-102,BOUNDARY
10041,463,BLANK,DV09-102,BOUNDARY
10042,464,PAGE_MARKER,DV09-102,BOUNDARY
10043,464,BOILERPLATE,DV09-102,BOUNDARY
10044,464,BOILERPLATE,DV09-102,BOUNDARY
10045,464,BLANK,DV09-102,BOUNDARY
10046,464,BOILERPLATE,DV09-102,BOUNDARY
10047,464,BOILERPLATE,DV09-102,BOUNDARY
10048,464,REVIEWED_TEXT,DV09-102,BOUNDARY
10049,464,REVIEWED_TEXT,DV09-102,BOUNDARY
10050,464,REVIEWED_TEXT,DV09-102,BOUNDARY
10051,464,REVIEWED_TEXT,DV09-102,BOUNDARY
10052,464,REVIEWED_TEXT,DV09-102,BOUNDARY
10053,464,REVIEWED_TEXT,DV09-102,BOUNDARY
10054,464,BLANK,DV09-102,BOUNDARY
10055,464,BLANK,DV09-102,BOUNDARY
10056,464,BLANK,DV09-102,BOUNDARY
10057,464,BLANK,DV09-102,BOUNDARY
10058,464,BLANK,DV09-102,BOUNDARY
10059,464,BLANK,DV09-102,BOUNDARY
10060,464,BLANK,DV09-102,BOUNDARY
10061,464,BLANK,DV09-102,BOUNDARY
10062,464,BLANK,DV09-102,BOUNDARY
10063,464,BLANK,DV09-102,BOUNDARY
10064,464,BLANK,DV09-102,BOUNDARY
10065,464,BLANK,DV09-102,BOUNDARY
10066,464,BLANK,DV09-102,BOUNDARY
10067,464,BLANK,DV09-102,BOUNDARY
10068,464,BLANK,DV09-102,BOUNDARY
10069,464,BLANK,DV09-102,BOUNDARY
10070,464,REVIEWED_TEXT,DV09-102,BOUNDARY
10071,464,BLANK,DV09-102,BOUNDARY
10072,464,BLANK,DV09-102,BOUNDARY
10073,464,BLANK,DV09-102,BOUNDARY
10074,464,BLANK,DV09-102,BOUNDARY
10075,464,BLANK,DV09-102,BOUNDARY
10076,464,BLANK,DV09-102,BOUNDARY
10077,464,BLANK,DV09-102,BOUNDARY
10078,464,BLANK,DV09-102,BOUNDARY
10079,464,BLANK,DV09-102,BOUNDARY
10080,464,BLANK,DV09-102,BOUNDARY
10081,464,BLANK,DV09-102,BOUNDARY
10082,464,BLANK,DV09-102,BOUNDARY
10083,464,BLANK,DV09-102,BOUNDARY
10084,464,REVIEWED_TEXT,DV09-102,BOUNDARY
10085,464,REVIEWED_TEXT,DV09-102,BOUNDARY
10086,464,REVIEWED_TEXT,DV09-102,BOUNDARY
10087,464,BLANK,DV09-102,BOUNDARY
10088,465,PAGE_MARKER,DV09-103,VERIFIED_SUBSET
10089,465,BOILERPLATE,DV09-103,VERIFIED_SUBSET
10090,465,BOILERPLATE,DV09-103,VERIFIED_SUBSET
10091,465,BLANK,DV09-103,VERIFIED_SUBSET
10092,465,BOILERPLATE,DV09-103,VERIFIED_SUBSET
10093,465,BOILERPLATE,DV09-103,VERIFIED_SUBSET
10094,465,REVIEWED_TEXT,DV09-103,VERIFIED_SUBSET
10095,465,REVIEWED_TEXT,DV09-103,VERIFIED_SUBSET
10096,465,REVIEWED_TEXT,DV09-103,VERIFIED_SUBSET
10097,465,BOILERPLATE,DV09-103,VERIFIED_SUBSET
10098,465,REVIEWED_TEXT,DV09-103,VERIFIED_SUBSET
10099,465,BOILERPLATE,DV09-103,VERIFIED_SUBSET
10100,465,REVIEWED_TEXT,DV09-103,VERIFIED_SUBSET
10101,465,BOILERPLATE,DV09-103,VERIFIED_SUBSET
10102,465,REVIEWED_TEXT,DV09-103,VERIFIED_SUBSET
10103,465,BOILERPLATE,DV09-103,VERIFIED_SUBSET
10104,465,REVIEWED_TEXT,DV09-103,VERIFIED_SUBSET
10105,465,BLANK,DV09-103,VERIFIED_SUBSET
10106,465,BLANK,DV09-103,VERIFIED_SUBSET
10107,465,BLANK,DV09-103,VERIFIED_SUBSET
10108,465,BLANK,DV09-103,VERIFIED_SUBSET
10109,465,BLANK,DV09-103,VERIFIED_SUBSET
10110,465,BLANK,DV09-103,VERIFIED_SUBSET
10111,465,BLANK,DV09-103,VERIFIED_SUBSET
10112,465,BLANK,DV09-103,VERIFIED_SUBSET
10113,465,BLANK,DV09-103,VERIFIED_SUBSET
10114,465,BLANK,DV09-103,VERIFIED_SUBSET
10115,465,BLANK,DV09-103,VERIFIED_SUBSET
10116,465,BLANK,DV09-103,VERIFIED_SUBSET
10117,465,BLANK,DV09-103,VERIFIED_SUBSET
10118,465,BLANK,DV09-103,VERIFIED_SUBSET
10119,465,BLANK,DV09-103,VERIFIED_SUBSET
10120,465,BLANK,DV09-103,VERIFIED_SUBSET
10121,465,BLANK,DV09-103,VERIFIED_SUBSET
10122,465,BLANK,DV09-103,VERIFIED_SUBSET
10123,465,BLANK,DV09-103,VERIFIED_SUBSET
10124,465,BLANK,DV09-103,VERIFIED_SUBSET
10125,465,BLANK,DV09-103,VERIFIED_SUBSET
10126,465,BLANK,DV09-103,VERIFIED_SUBSET
10127,465,BLANK,DV09-103,VERIFIED_SUBSET
10128,465,BLANK,DV09-103,VERIFIED_SUBSET
10129,465,BLANK,DV09-103,VERIFIED_SUBSET
10130,465,REVIEWED_TEXT,DV09-103,VERIFIED_SUBSET
10131,465,BLANK,DV09-103,VERIFIED_SUBSET
10132,465,BLANK,DV09-103,VERIFIED_SUBSET
10133,465,REVIEWED_TEXT,DV09-103,VERIFIED_SUBSET
10134,465,REVIEWED_TEXT,DV09-103,VERIFIED_SUBSET
10135,465,REVIEWED_TEXT,DV09-103,VERIFIED_SUBSET
10136,465,REVIEWED_TEXT,DV09-103,VERIFIED_SUBSET
10137,465,REVIEWED_TEXT,DV09-103,VERIFIED_SUBSET
10138,465,REVIEWED_TEXT,DV09-103,VERIFIED_SUBSET
10139,465,REVIEWED_TEXT,DV09-103,VERIFIED_SUBSET
10140,465,REVIEWED_TEXT,DV09-103,VERIFIED_SUBSET
10141,465,REVIEWED_TEXT,DV09-103,VERIFIED_SUBSET
10142,465,REVIEWED_TEXT,DV09-103,VERIFIED_SUBSET
10143,465,BLANK,DV09-103,VERIFIED_SUBSET
10144,466,PAGE_MARKER,DV09-103,VERIFIED_SUBSET
10145,466,BOILERPLATE,DV09-103,VERIFIED_SUBSET
10146,466,BOILERPLATE,DV09-103,VERIFIED_SUBSET
10147,466,BLANK,DV09-103,VERIFIED_SUBSET
10148,466,BOILERPLATE,DV09-103,VERIFIED_SUBSET
10149,466,BOILERPLATE,DV09-103,VERIFIED_SUBSET
10150,466,REVIEWED_TEXT,DV09-103,VERIFIED_SUBSET
10151,466,REVIEWED_TEXT,DV09-103,VERIFIED_SUBSET
10152,466,REVIEWED_TEXT,DV09-103,VERIFIED_SUBSET
10153,466,REVIEWED_TEXT,DV09-103,VERIFIED_SUBSET
10154,466,REVIEWED_TEXT,DV09-103,VERIFIED_SUBSET
10155,466,BLANK,DV09-103,VERIFIED_SUBSET
10156,466,BLANK,DV09-103,VERIFIED_SUBSET
10157,466,BLANK,DV09-103,VERIFIED_SUBSET
10158,466,BLANK,DV09-103,VERIFIED_SUBSET
10159,466,BLANK,DV09-103,VERIFIED_SUBSET
10160,466,BLANK,DV09-103,VERIFIED_SUBSET
10161,466,BLANK,DV09-103,VERIFIED_SUBSET
10162,466,BLANK,DV09-103,VERIFIED_SUBSET
10163,466,BLANK,DV09-103,VERIFIED_SUBSET
10164,466,BLANK,DV09-103,VERIFIED_SUBSET
10165,466,BLANK,DV09-103,VERIFIED_SUBSET
10166,466,BLANK,DV09-103,VERIFIED_SUBSET
10167,466,REVIEWED_TEXT,DV09-103,VERIFIED_SUBSET
10168,466,BLANK,DV09-103,VERIFIED_SUBSET
10169,466,BLANK,DV09-103,VERIFIED_SUBSET
10170,466,BLANK,DV09-103,VERIFIED_SUBSET
10171,466,REVIEWED_TEXT,DV09-103,VERIFIED_SUBSET
10172,466,REVIEWED_TEXT,DV09-103,VERIFIED_SUBSET
10173,466,REVIEWED_TEXT,DV09-103,VERIFIED_SUBSET
10174,466,REVIEWED_TEXT,DV09-103,VERIFIED_SUBSET
10175,466,REVIEWED_TEXT,DV09-103,VERIFIED_SUBSET
10176,466,REVIEWED_TEXT,DV09-103,VERIFIED_SUBSET
10177,466,REVIEWED_TEXT,DV09-103,VERIFIED_SUBSET
10178,466,REVIEWED_TEXT,DV09-103,VERIFIED_SUBSET
10179,466,BLANK,DV09-103,VERIFIED_SUBSET
10180,466,REVIEWED_TEXT,DV09-103,VERIFIED_SUBSET
10181,466,REVIEWED_TEXT,DV09-103,VERIFIED_SUBSET
10182,466,BLANK,DV09-103,VERIFIED_SUBSET
10183,467,PAGE_MARKER,DV09-103,VERIFIED_SUBSET
10184,467,BOILERPLATE,DV09-103,VERIFIED_SUBSET
10185,467,BOILERPLATE,DV09-103,VERIFIED_SUBSET
10186,467,BLANK,DV09-103,VERIFIED_SUBSET
10187,467,BOILERPLATE,DV09-103,VERIFIED_SUBSET
10188,467,BOILERPLATE,DV09-103,VERIFIED_SUBSET
10189,467,REVIEWED_TEXT,DV09-103,VERIFIED_SUBSET
10190,467,REVIEWED_TEXT,DV09-103,VERIFIED_SUBSET
10191,467,REVIEWED_TEXT,DV09-103,VERIFIED_SUBSET
10192,467,REVIEWED_TEXT,DV09-103,VERIFIED_SUBSET
10193,467,BLANK,DV09-103,VERIFIED_SUBSET
10194,467,REVIEWED_TEXT,DV09-103,VERIFIED_SUBSET
10195,467,BLANK,DV09-103,VERIFIED_SUBSET
10196,467,REVIEWED_TEXT,DV09-103,VERIFIED_SUBSET
10197,467,BLANK,DV09-103,VERIFIED_SUBSET
10198,467,REVIEWED_TEXT,DV09-103,VERIFIED_SUBSET
10199,467,REVIEWED_TEXT,DV09-103,VERIFIED_SUBSET
10200,467,REVIEWED_TEXT,DV09-103,VERIFIED_SUBSET
10201,467,BLANK,DV09-103,VERIFIED_SUBSET
10202,467,REVIEWED_TEXT,DV09-103,VERIFIED_SUBSET
10203,467,BLANK,DV09-103,VERIFIED_SUBSET
10204,467,REVIEWED_TEXT,DV09-103,VERIFIED_SUBSET
10205,467,BLANK,DV09-103,VERIFIED_SUBSET
10206,467,REVIEWED_TEXT,DV09-103,VERIFIED_SUBSET
10207,467,REVIEWED_TEXT,DV09-103,VERIFIED_SUBSET
10208,467,BLANK,DV09-103,VERIFIED_SUBSET
10209,467,REVIEWED_TEXT,DV09-103,VERIFIED_SUBSET
10210,467,BLANK,DV09-103,VERIFIED_SUBSET
10211,467,REVIEWED_TEXT,DV09-103,VERIFIED_SUBSET
10212,467,BLANK,DV09-103,VERIFIED_SUBSET
10213,467,REVIEWED_TEXT,DV09-103,VERIFIED_SUBSET
10214,467,BLANK,DV09-103,VERIFIED_SUBSET
10215,467,REVIEWED_TEXT,DV09-103,VERIFIED_SUBSET
10216,467,REVIEWED_TEXT,DV09-103,VERIFIED_SUBSET
10217,467,REVIEWED_TEXT,DV09-103,VERIFIED_SUBSET
10218,467,REVIEWED_TEXT,DV09-103,VERIFIED_SUBSET
10219,467,REVIEWED_TEXT,DV09-103,VERIFIED_SUBSET
10220,467,BLANK,DV09-103,VERIFIED_SUBSET
10221,468,PAGE_MARKER,DV09-104,BOUNDARY
10222,468,BOILERPLATE,DV09-104,BOUNDARY
10223,468,BOILERPLATE,DV09-104,BOUNDARY
10224,468,BLANK,DV09-104,BOUNDARY
10225,468,BOILERPLATE,DV09-104,BOUNDARY
10226,468,BOILERPLATE,DV09-104,BOUNDARY
10227,468,REVIEWED_TEXT,DV09-104,BOUNDARY
10228,468,REVIEWED_TEXT,DV09-104,BOUNDARY
10229,468,REVIEWED_TEXT,DV09-104,BOUNDARY
10230,468,BOILERPLATE,DV09-104,BOUNDARY
10231,468,REVIEWED_TEXT,DV09-104,BOUNDARY
10232,468,REVIEWED_TEXT,DV09-104,BOUNDARY
10233,468,BOILERPLATE,DV09-104,BOUNDARY
10234,468,REVIEWED_TEXT,DV09-104,BOUNDARY
10235,468,BOILERPLATE,DV09-104,BOUNDARY
10236,468,REVIEWED_TEXT,DV09-104,BOUNDARY
10237,468,REVIEWED_TEXT,DV09-104,BOUNDARY
10238,468,REVIEWED_TEXT,DV09-104,BOUNDARY
10239,468,BLANK,DV09-104,BOUNDARY
10240,468,BLANK,DV09-104,BOUNDARY
10241,468,BLANK,DV09-104,BOUNDARY
10242,468,BLANK,DV09-104,BOUNDARY
10243,468,BLANK,DV09-104,BOUNDARY
10244,468,BLANK,DV09-104,BOUNDARY
10245,468,BLANK,DV09-104,BOUNDARY
10246,468,BLANK,DV09-104,BOUNDARY
10247,468,BLANK,DV09-104,BOUNDARY
10248,468,BLANK,DV09-104,BOUNDARY
10249,468,BLANK,DV09-104,BOUNDARY
10250,468,REVIEWED_TEXT,DV09-104,BOUNDARY
10251,468,BLANK,DV09-104,BOUNDARY
10252,468,BLANK,DV09-104,BOUNDARY
10253,468,BLANK,DV09-104,BOUNDARY
10254,468,BLANK,DV09-104,BOUNDARY
10255,468,BLANK,DV09-104,BOUNDARY
10256,468,BLANK,DV09-104,BOUNDARY
10257,468,REVIEWED_TEXT,DV09-104,BOUNDARY
10258,468,BLANK,DV09-104,BOUNDARY
10259,468,REVIEWED_TEXT,DV09-104,BOUNDARY
10260,468,REVIEWED_TEXT,DV09-104,BOUNDARY
10261,468,REVIEWED_TEXT,DV09-104,BOUNDARY
10262,468,REVIEWED_TEXT,DV09-104,BOUNDARY
10263,468,REVIEWED_TEXT,DV09-104,BOUNDARY
10264,468,REVIEWED_TEXT,DV09-104,BOUNDARY
10265,468,REVIEWED_TEXT,DV09-104,BOUNDARY
10266,468,REVIEWED_TEXT,DV09-104,BOUNDARY
10267,468,REVIEWED_TEXT,DV09-104,BOUNDARY
10268,468,REVIEWED_TEXT,DV09-104,BOUNDARY
10269,468,REVIEWED_TEXT,DV09-104,BOUNDARY
10270,468,REVIEWED_TEXT,DV09-104,BOUNDARY
10271,468,BLANK,DV09-104,BOUNDARY
10272,468,BLANK,DV09-104,BOUNDARY
10273,469,PAGE_MARKER,DV09-104,BOUNDARY
10274,469,BOILERPLATE,DV09-104,BOUNDARY
10275,469,BOILERPLATE,DV09-104,BOUNDARY
10276,469,BLANK,DV09-104,BOUNDARY
10277,469,BOILERPLATE,DV09-104,BOUNDARY
10278,469,BOILERPLATE,DV09-104,BOUNDARY
10279,469,REVIEWED_TEXT,DV09-104,BOUNDARY
10280,469,REVIEWED_TEXT,DV09-104,BOUNDARY
10281,469,REVIEWED_TEXT,DV09-104,BOUNDARY
10282,469,BLANK,DV09-104,BOUNDARY
10283,469,BOILERPLATE,DV09-104,BOUNDARY
10284,469,REVIEWED_TEXT,DV09-104,BOUNDARY
10285,469,BOILERPLATE,DV09-104,BOUNDARY
10286,469,REVIEWED_TEXT,DV09-104,BOUNDARY
10287,469,BOILERPLATE,DV09-104,BOUNDARY
10288,469,REVIEWED_TEXT,DV09-104,BOUNDARY
10289,469,BOILERPLATE,DV09-104,BOUNDARY
10290,469,REVIEWED_TEXT,DV09-104,BOUNDARY
10291,469,BOILERPLATE,DV09-104,BOUNDARY
10292,469,REVIEWED_TEXT,DV09-104,BOUNDARY
10293,469,BLANK,DV09-104,BOUNDARY
10294,469,BLANK,DV09-104,BOUNDARY
10295,469,BLANK,DV09-104,BOUNDARY
10296,469,BLANK,DV09-104,BOUNDARY
10297,469,BLANK,DV09-104,BOUNDARY
10298,469,BLANK,DV09-104,BOUNDARY
10299,469,BLANK,DV09-104,BOUNDARY
10300,469,BLANK,DV09-104,BOUNDARY
10301,469,BLANK,DV09-104,BOUNDARY
10302,469,BLANK,DV09-104,BOUNDARY
10303,469,BLANK,DV09-104,BOUNDARY
10304,469,REVIEWED_TEXT,DV09-104,BOUNDARY
10305,469,BLANK,DV09-104,BOUNDARY
10306,469,BLANK,DV09-104,BOUNDARY
10307,469,BLANK,DV09-104,BOUNDARY
10308,469,BLANK,DV09-104,BOUNDARY
10309,469,BLANK,DV09-104,BOUNDARY
10310,469,BLANK,DV09-104,BOUNDARY
10311,469,REVIEWED_TEXT,DV09-104,BOUNDARY
10312,469,BLANK,DV09-104,BOUNDARY
10313,469,REVIEWED_TEXT,DV09-104,BOUNDARY
10314,469,REVIEWED_TEXT,DV09-104,BOUNDARY
10315,469,REVIEWED_TEXT,DV09-104,BOUNDARY
10316,469,REVIEWED_TEXT,DV09-104,BOUNDARY
10317,469,REVIEWED_TEXT,DV09-104,BOUNDARY
10318,469,REVIEWED_TEXT,DV09-104,BOUNDARY
10319,469,REVIEWED_TEXT,DV09-104,BOUNDARY
10320,469,REVIEWED_TEXT,DV09-104,BOUNDARY
10321,469,REVIEWED_TEXT,DV09-104,BOUNDARY
10322,469,REVIEWED_TEXT,DV09-104,BOUNDARY
10323,469,REVIEWED_TEXT,DV09-104,BOUNDARY
10324,469,REVIEWED_TEXT,DV09-104,BOUNDARY
10325,469,BLANK,DV09-104,BOUNDARY
10326,469,BLANK,DV09-104,BOUNDARY
10327,470,PAGE_MARKER,DV09-104,BOUNDARY
10328,470,BOILERPLATE,DV09-104,BOUNDARY
10329,470,BOILERPLATE,DV09-104,BOUNDARY
10330,470,BLANK,DV09-104,BOUNDARY
10331,470,BOILERPLATE,DV09-104,BOUNDARY
10332,470,BOILERPLATE,DV09-104,BOUNDARY
10333,470,REVIEWED_TEXT,DV09-104,BOUNDARY
10334,470,BOILERPLATE,DV09-104,BOUNDARY
10335,470,REVIEWED_TEXT,DV09-104,BOUNDARY
10336,470,BOILERPLATE,DV09-104,BOUNDARY
10337,470,REVIEWED_TEXT,DV09-104,BOUNDARY
10338,470,BOILERPLATE,DV09-104,BOUNDARY
10339,470,REVIEWED_TEXT,DV09-104,BOUNDARY
10340,470,BOILERPLATE,DV09-104,BOUNDARY
10341,470,REVIEWED_TEXT,DV09-104,BOUNDARY
10342,470,BOILERPLATE,DV09-104,BOUNDARY
10343,470,REVIEWED_TEXT,DV09-104,BOUNDARY
10344,470,REVIEWED_TEXT,DV09-104,BOUNDARY
10345,470,BLANK,DV09-104,BOUNDARY
10346,470,BLANK,DV09-104,BOUNDARY
10347,471,PAGE_MARKER,DV09-105,BOUNDARY
10348,471,BOILERPLATE,DV09-105,BOUNDARY
10349,471,BOILERPLATE,DV09-105,BOUNDARY
10350,471,BLANK,DV09-105,BOUNDARY
10351,471,BOILERPLATE,DV09-105,BOUNDARY
10352,471,BOILERPLATE,DV09-105,BOUNDARY
10353,471,REVIEWED_TEXT,DV09-105,BOUNDARY
10354,471,REVIEWED_TEXT,DV09-105,BOUNDARY
10355,471,REVIEWED_TEXT,DV09-105,BOUNDARY
10356,471,BLANK,DV09-105,BOUNDARY
10357,471,BLANK,DV09-105,BOUNDARY
10358,472,PAGE_MARKER,DV09-105,BOUNDARY
10359,472,BOILERPLATE,DV09-105,BOUNDARY
10360,472,BOILERPLATE,DV09-105,BOUNDARY
10361,472,BLANK,DV09-105,BOUNDARY
10362,472,BOILERPLATE,DV09-105,BOUNDARY
10363,472,BOILERPLATE,DV09-105,BOUNDARY
10364,472,REVIEWED_TEXT,DV09-105,BOUNDARY
10365,472,REVIEWED_TEXT,DV09-105,BOUNDARY
10366,472,REVIEWED_TEXT,DV09-105,BOUNDARY
10367,472,REVIEWED_TEXT,DV09-105,BOUNDARY
10368,472,REVIEWED_TEXT,DV09-105,BOUNDARY
10369,472,BOILERPLATE,DV09-105,BOUNDARY
10370,472,REVIEWED_TEXT,DV09-105,BOUNDARY
10371,472,BOILERPLATE,DV09-105,BOUNDARY
10372,472,REVIEWED_TEXT,DV09-105,BOUNDARY
10373,472,BOILERPLATE,DV09-105,BOUNDARY
10374,472,REVIEWED_TEXT,DV09-105,BOUNDARY
10375,472,BOILERPLATE,DV09-105,BOUNDARY
10376,472,REVIEWED_TEXT,DV09-105,BOUNDARY
10377,472,BOILERPLATE,DV09-105,BOUNDARY
10378,472,REVIEWED_TEXT,DV09-105,BOUNDARY
10379,472,BOILERPLATE,DV09-105,BOUNDARY
10380,472,REVIEWED_TEXT,DV09-105,BOUNDARY
10381,472,BOILERPLATE,DV09-105,BOUNDARY
10382,472,REVIEWED_TEXT,DV09-105,BOUNDARY
10383,472,BLANK,DV09-105,BOUNDARY
10384,472,BLANK,DV09-105,BOUNDARY
10385,473,PAGE_MARKER,DV09-106,BOUNDARY
10386,473,BOILERPLATE,DV09-106,BOUNDARY
10387,473,BOILERPLATE,DV09-106,BOUNDARY
10388,473,BLANK,DV09-106,BOUNDARY
10389,473,BOILERPLATE,DV09-106,BOUNDARY
10390,473,BOILERPLATE,DV09-106,BOUNDARY
10391,473,REVIEWED_TEXT,DV09-106,BOUNDARY
10392,473,REVIEWED_TEXT,DV09-106,BOUNDARY
10393,473,REVIEWED_TEXT,DV09-106,BOUNDARY
10394,473,REVIEWED_TEXT,DV09-106,BOUNDARY
10395,473,REVIEWED_TEXT,DV09-106,BOUNDARY
10396,473,BLANK,DV09-106,BOUNDARY
10397,473,BLANK,DV09-106,BOUNDARY
10398,474,PAGE_MARKER,DV09-106,BOUNDARY
10399,474,BOILERPLATE,DV09-106,BOUNDARY
10400,474,BOILERPLATE,DV09-106,BOUNDARY
10401,474,BLANK,DV09-106,BOUNDARY
10402,474,BOILERPLATE,DV09-106,BOUNDARY
10403,474,BOILERPLATE,DV09-106,BOUNDARY
10404,474,REVIEWED_TEXT,DV09-106,BOUNDARY
10405,474,REVIEWED_TEXT,DV09-106,BOUNDARY
10406,474,REVIEWED_TEXT,DV09-106,BOUNDARY
10407,474,REVIEWED_TEXT,DV09-106,BOUNDARY
10408,474,REVIEWED_TEXT,DV09-106,BOUNDARY
10409,474,BLANK,DV09-106,BOUNDARY
10410,474,REVIEWED_TEXT,DV09-106,BOUNDARY
10411,474,BLANK,DV09-106,BOUNDARY
10412,474,REVIEWED_TEXT,DV09-106,BOUNDARY
10413,474,REVIEWED_TEXT,DV09-106,BOUNDARY
10414,474,REVIEWED_TEXT,DV09-106,BOUNDARY
10415,474,BLANK,DV09-106,BOUNDARY
10416,474,BLANK,DV09-106,BOUNDARY
10417,474,BLANK,DV09-106,BOUNDARY
10418,474,REVIEWED_TEXT,DV09-106,BOUNDARY
10419,474,REVIEWED_TEXT,DV09-106,BOUNDARY
10420,474,REVIEWED_TEXT,DV09-106,BOUNDARY
10421,474,REVIEWED_TEXT,DV09-106,BOUNDARY
10422,474,BLANK,DV09-106,BOUNDARY
10423,474,BLANK,DV09-106,BOUNDARY
10424,474,REVIEWED_TEXT,DV09-106,BOUNDARY
10425,474,REVIEWED_TEXT,DV09-106,BOUNDARY
10426,474,REVIEWED_TEXT,DV09-106,BOUNDARY
10427,474,REVIEWED_TEXT,DV09-106,BOUNDARY
10428,474,REVIEWED_TEXT,DV09-106,BOUNDARY
10429,474,REVIEWED_TEXT,DV09-106,BOUNDARY
10430,474,REVIEWED_TEXT,DV09-106,BOUNDARY
10431,474,BLANK,DV09-106,BOUNDARY
10432,474,REVIEWED_TEXT,DV09-106,BOUNDARY
10433,474,REVIEWED_TEXT,DV09-106,BOUNDARY
10434,474,REVIEWED_TEXT,DV09-106,BOUNDARY
10435,474,BLANK,DV09-106,BOUNDARY
10436,475,PAGE_MARKER,DV09-106,BOUNDARY
10437,475,BOILERPLATE,DV09-106,BOUNDARY
10438,475,BOILERPLATE,DV09-106,BOUNDARY
10439,475,BLANK,DV09-106,BOUNDARY
10440,475,BOILERPLATE,DV09-106,BOUNDARY
10441,475,BOILERPLATE,DV09-106,BOUNDARY
10442,475,REVIEWED_TEXT,DV09-106,BOUNDARY
10443,475,REVIEWED_TEXT,DV09-106,BOUNDARY
10444,475,REVIEWED_TEXT,DV09-106,BOUNDARY
10445,475,REVIEWED_TEXT,DV09-106,BOUNDARY
10446,475,REVIEWED_TEXT,DV09-106,BOUNDARY
10447,475,REVIEWED_TEXT,DV09-106,BOUNDARY
10448,475,BLANK,DV09-106,BOUNDARY
10449,475,BLANK,DV09-106,BOUNDARY
10450,476,PAGE_MARKER,DV09-106,BOUNDARY
10451,476,BOILERPLATE,DV09-106,BOUNDARY
10452,476,BOILERPLATE,DV09-106,BOUNDARY
10453,476,BLANK,DV09-106,BOUNDARY
10454,476,BOILERPLATE,DV09-106,BOUNDARY
10455,476,BOILERPLATE,DV09-106,BOUNDARY
10456,476,REVIEWED_TEXT,DV09-106,BOUNDARY
10457,476,REVIEWED_TEXT,DV09-106,BOUNDARY
10458,476,BLANK,DV09-106,BOUNDARY
10459,476,BLANK,DV09-106,BOUNDARY
10460,476,BLANK,DV09-106,BOUNDARY
10461,477,PAGE_MARKER,DV09-107,CONTEXT
10462,477,BOILERPLATE,DV09-107,CONTEXT
10463,477,BOILERPLATE,DV09-107,CONTEXT
10464,477,BLANK,DV09-107,CONTEXT
10465,477,BOILERPLATE,DV09-107,CONTEXT
10466,477,BOILERPLATE,DV09-107,CONTEXT
10467,477,REVIEWED_TEXT,DV09-107,CONTEXT
10468,477,REVIEWED_TEXT,DV09-107,CONTEXT
10469,477,REVIEWED_TEXT,DV09-107,CONTEXT
10470,477,REVIEWED_TEXT,DV09-107,CONTEXT
10471,477,REVIEWED_TEXT,DV09-107,CONTEXT
10472,477,REVIEWED_TEXT,DV09-107,CONTEXT
10473,477,REVIEWED_TEXT,DV09-107,CONTEXT
10474,477,REVIEWED_TEXT,DV09-107,CONTEXT
10475,477,REVIEWED_TEXT,DV09-107,CONTEXT
10476,477,REVIEWED_TEXT,DV09-107,CONTEXT
10477,477,REVIEWED_TEXT,DV09-107,CONTEXT
10478,477,REVIEWED_TEXT,DV09-107,CONTEXT
10479,477,REVIEWED_TEXT,DV09-107,CONTEXT
10480,477,BLANK,DV09-107,CONTEXT
10481,477,REVIEWED_TEXT,DV09-107,CONTEXT
10482,477,REVIEWED_TEXT,DV09-107,CONTEXT
10483,477,REVIEWED_TEXT,DV09-107,CONTEXT
10484,477,BLANK,DV09-107,CONTEXT
10485,477,REVIEWED_TEXT,DV09-107,CONTEXT
10486,477,BLANK,DV09-107,CONTEXT
10487,477,BLANK,DV09-107,CONTEXT
10488,478,PAGE_MARKER,DV09-107,CONTEXT
10489,478,BOILERPLATE,DV09-107,CONTEXT
10490,478,BOILERPLATE,DV09-107,CONTEXT
10491,478,BLANK,DV09-107,CONTEXT
10492,478,BOILERPLATE,DV09-107,CONTEXT
10493,478,BOILERPLATE,DV09-107,CONTEXT
10494,478,REVIEWED_TEXT,DV09-107,CONTEXT
10495,478,REVIEWED_TEXT,DV09-107,CONTEXT
10496,478,REVIEWED_TEXT,DV09-107,CONTEXT
10497,478,REVIEWED_TEXT,DV09-107,CONTEXT
10498,478,BLANK,DV09-107,CONTEXT
10499,479,PAGE_MARKER,DV09-107,CONTEXT
10500,479,BOILERPLATE,DV09-107,CONTEXT
10501,479,BOILERPLATE,DV09-107,CONTEXT
10502,479,BLANK,DV09-107,CONTEXT
10503,479,BOILERPLATE,DV09-107,CONTEXT
10504,479,BOILERPLATE,DV09-107,CONTEXT
10505,479,REVIEWED_TEXT,DV09-107,CONTEXT
10506,479,REVIEWED_TEXT,DV09-107,CONTEXT
10507,479,REVIEWED_TEXT,DV09-107,CONTEXT
10508,479,BLANK,DV09-107,CONTEXT
10509,479,BLANK,DV09-107,CONTEXT
10510,480,PAGE_MARKER,DV09-107,CONTEXT
10511,480,BOILERPLATE,DV09-107,CONTEXT
10512,480,BOILERPLATE,DV09-107,CONTEXT
10513,480,BLANK,DV09-107,CONTEXT
10514,480,BOILERPLATE,DV09-107,CONTEXT
10515,480,BOILERPLATE,DV09-107,CONTEXT
10516,480,REVIEWED_TEXT,DV09-107,CONTEXT
10517,480,REVIEWED_TEXT,DV09-107,CONTEXT
10518,480,BOILERPLATE,DV09-107,CONTEXT
10519,480,REVIEWED_TEXT,DV09-107,CONTEXT
10520,480,BOILERPLATE,DV09-107,CONTEXT
10521,480,REVIEWED_TEXT,DV09-107,CONTEXT
10522,480,BOILERPLATE,DV09-107,CONTEXT
10523,480,REVIEWED_TEXT,DV09-107,CONTEXT
10524,480,BOILERPLATE,DV09-107,CONTEXT
10525,480,REVIEWED_TEXT,DV09-107,CONTEXT
10526,480,BOILERPLATE,DV09-107,CONTEXT
10527,480,REVIEWED_TEXT,DV09-107,CONTEXT
10528,480,BOILERPLATE,DV09-107,CONTEXT
10529,480,REVIEWED_TEXT,DV09-107,CONTEXT
10530,480,BLANK,DV09-107,CONTEXT
10531,481,PAGE_MARKER,DV09-108,VERIFIED_SUBSET
10532,481,BLANK,DV09-108,VERIFIED_SUBSET
10533,481,BLANK,DV09-108,VERIFIED_SUBSET
10534,481,BLANK,DV09-108,VERIFIED_SUBSET
10535,481,BLANK,DV09-108,VERIFIED_SUBSET
10536,481,BLANK,DV09-108,VERIFIED_SUBSET
10537,481,BOILERPLATE,DV09-108,VERIFIED_SUBSET
10538,481,BOILERPLATE,DV09-108,VERIFIED_SUBSET
10539,481,REVIEWED_TEXT,DV09-108,VERIFIED_SUBSET
10540,481,BLANK,DV09-108,VERIFIED_SUBSET
10541,482,PAGE_MARKER,DV09-108,VERIFIED_SUBSET
10542,482,BOILERPLATE,DV09-108,VERIFIED_SUBSET
10543,482,BOILERPLATE,DV09-108,VERIFIED_SUBSET
10544,482,BLANK,DV09-108,VERIFIED_SUBSET
10545,482,BOILERPLATE,DV09-108,VERIFIED_SUBSET
10546,482,BOILERPLATE,DV09-108,VERIFIED_SUBSET
10547,482,BLANK,DV09-108,VERIFIED_SUBSET
10548,483,PAGE_MARKER,DV09-108,VERIFIED_SUBSET
10549,483,BOILERPLATE,DV09-108,VERIFIED_SUBSET
10550,483,BOILERPLATE,DV09-108,VERIFIED_SUBSET
10551,483,BLANK,DV09-108,VERIFIED_SUBSET
10552,483,BOILERPLATE,DV09-108,VERIFIED_SUBSET
10553,483,BOILERPLATE,DV09-108,VERIFIED_SUBSET
10554,483,REVIEWED_TEXT,DV09-108,VERIFIED_SUBSET
10555,483,REVIEWED_TEXT,DV09-108,VERIFIED_SUBSET
10556,483,BOILERPLATE,DV09-108,VERIFIED_SUBSET
10557,483,REVIEWED_TEXT,DV09-108,VERIFIED_SUBSET
10558,483,BOILERPLATE,DV09-108,VERIFIED_SUBSET
10559,483,REVIEWED_TEXT,DV09-108,VERIFIED_SUBSET
10560,483,BOILERPLATE,DV09-108,VERIFIED_SUBSET
10561,483,REVIEWED_TEXT,DV09-108,VERIFIED_SUBSET
10562,483,BOILERPLATE,DV09-108,VERIFIED_SUBSET
10563,483,REVIEWED_TEXT,DV09-108,VERIFIED_SUBSET
10564,483,BLANK,DV09-108,VERIFIED_SUBSET
10565,483,BLANK,DV09-108,VERIFIED_SUBSET
10566,484,PAGE_MARKER,DV09-108,VERIFIED_SUBSET
10567,484,BOILERPLATE,DV09-108,VERIFIED_SUBSET
10568,484,BOILERPLATE,DV09-108,VERIFIED_SUBSET
10569,484,BLANK,DV09-108,VERIFIED_SUBSET
10570,484,BOILERPLATE,DV09-108,VERIFIED_SUBSET
10571,484,BOILERPLATE,DV09-108,VERIFIED_SUBSET
10572,484,REVIEWED_TEXT,DV09-108,VERIFIED_SUBSET
10573,484,BLANK,DV09-108,VERIFIED_SUBSET
10574,485,PAGE_MARKER,DV09-108,VERIFIED_SUBSET
10575,485,BOILERPLATE,DV09-108,VERIFIED_SUBSET
10576,485,BOILERPLATE,DV09-108,VERIFIED_SUBSET
10577,485,BLANK,DV09-108,VERIFIED_SUBSET
10578,485,BOILERPLATE,DV09-108,VERIFIED_SUBSET
10579,485,BOILERPLATE,DV09-108,VERIFIED_SUBSET
10580,485,REVIEWED_TEXT,DV09-108,VERIFIED_SUBSET
10581,485,REVIEWED_TEXT,DV09-108,VERIFIED_SUBSET
10582,485,REVIEWED_TEXT,DV09-108,VERIFIED_SUBSET
10583,485,REVIEWED_TEXT,DV09-108,VERIFIED_SUBSET
10584,485,REVIEWED_TEXT,DV09-108,VERIFIED_SUBSET
10585,485,REVIEWED_TEXT,DV09-108,VERIFIED_SUBSET
10586,485,REVIEWED_TEXT,DV09-108,VERIFIED_SUBSET
10587,485,BLANK,DV09-108,VERIFIED_SUBSET
10588,485,REVIEWED_TEXT,DV09-108,VERIFIED_SUBSET
10589,485,REVIEWED_TEXT,DV09-108,VERIFIED_SUBSET
10590,485,REVIEWED_TEXT,DV09-108,VERIFIED_SUBSET
10591,485,BLANK,DV09-108,VERIFIED_SUBSET
10592,485,REVIEWED_TEXT,DV09-108,VERIFIED_SUBSET
10593,485,REVIEWED_TEXT,DV09-108,VERIFIED_SUBSET
10594,485,BLANK,DV09-108,VERIFIED_SUBSET
10595,485,BLANK,DV09-108,VERIFIED_SUBSET
10596,486,PAGE_MARKER,DV09-108,VERIFIED_SUBSET
10597,486,BOILERPLATE,DV09-108,VERIFIED_SUBSET
10598,486,BOILERPLATE,DV09-108,VERIFIED_SUBSET
10599,486,BLANK,DV09-108,VERIFIED_SUBSET
10600,486,BOILERPLATE,DV09-108,VERIFIED_SUBSET
10601,486,BOILERPLATE,DV09-108,VERIFIED_SUBSET
10602,486,REVIEWED_TEXT,DV09-108,VERIFIED_SUBSET
10603,486,REVIEWED_TEXT,DV09-108,VERIFIED_SUBSET
10604,486,REVIEWED_TEXT,DV09-108,VERIFIED_SUBSET
10605,486,REVIEWED_TEXT,DV09-108,VERIFIED_SUBSET
10606,486,REVIEWED_TEXT,DV09-108,VERIFIED_SUBSET
10607,486,BLANK,DV09-108,VERIFIED_SUBSET
10608,486,BLANK,DV09-108,VERIFIED_SUBSET
10609,487,PAGE_MARKER,DV09-108,VERIFIED_SUBSET
10610,487,BOILERPLATE,DV09-108,VERIFIED_SUBSET
10611,487,BOILERPLATE,DV09-108,VERIFIED_SUBSET
10612,487,BLANK,DV09-108,VERIFIED_SUBSET
10613,487,BOILERPLATE,DV09-108,VERIFIED_SUBSET
10614,487,BOILERPLATE,DV09-108,VERIFIED_SUBSET
10615,487,REVIEWED_TEXT,DV09-108,VERIFIED_SUBSET
10616,487,REVIEWED_TEXT,DV09-108,VERIFIED_SUBSET
10617,487,REVIEWED_TEXT,DV09-108,VERIFIED_SUBSET
10618,487,REVIEWED_TEXT,DV09-108,VERIFIED_SUBSET
10619,487,REVIEWED_TEXT,DV09-108,VERIFIED_SUBSET
10620,487,REVIEWED_TEXT,DV09-108,VERIFIED_SUBSET
10621,487,REVIEWED_TEXT,DV09-108,VERIFIED_SUBSET
10622,487,BLANK,DV09-108,VERIFIED_SUBSET
10623,487,BLANK,DV09-108,VERIFIED_SUBSET
10624,488,PAGE_MARKER,DV09-108,VERIFIED_SUBSET
10625,488,BOILERPLATE,DV09-108,VERIFIED_SUBSET
10626,488,BOILERPLATE,DV09-108,VERIFIED_SUBSET
10627,488,BLANK,DV09-108,VERIFIED_SUBSET
10628,488,BOILERPLATE,DV09-108,VERIFIED_SUBSET
10629,488,BOILERPLATE,DV09-108,VERIFIED_SUBSET
10630,488,REVIEWED_TEXT,DV09-108,VERIFIED_SUBSET
10631,488,REVIEWED_TEXT,DV09-108,VERIFIED_SUBSET
10632,488,REVIEWED_TEXT,DV09-108,VERIFIED_SUBSET
10633,488,REVIEWED_TEXT,DV09-108,VERIFIED_SUBSET
10634,488,REVIEWED_TEXT,DV09-108,VERIFIED_SUBSET
10635,488,REVIEWED_TEXT,DV09-108,VERIFIED_SUBSET
10636,488,REVIEWED_TEXT,DV09-108,VERIFIED_SUBSET
10637,488,REVIEWED_TEXT,DV09-108,VERIFIED_SUBSET
10638,488,BLANK,DV09-108,VERIFIED_SUBSET
10639,488,REVIEWED_TEXT,DV09-108,VERIFIED_SUBSET
10640,488,BLANK,DV09-108,VERIFIED_SUBSET
10641,488,BLANK,DV09-108,VERIFIED_SUBSET
10642,489,PAGE_MARKER,DV09-108,VERIFIED_SUBSET
10643,489,BOILERPLATE,DV09-108,VERIFIED_SUBSET
10644,489,BOILERPLATE,DV09-108,VERIFIED_SUBSET
10645,489,BLANK,DV09-108,VERIFIED_SUBSET
10646,489,BOILERPLATE,DV09-108,VERIFIED_SUBSET
10647,489,BOILERPLATE,DV09-108,VERIFIED_SUBSET
10648,489,REVIEWED_TEXT,DV09-108,VERIFIED_SUBSET
10649,489,REVIEWED_TEXT,DV09-108,VERIFIED_SUBSET
10650,489,REVIEWED_TEXT,DV09-108,VERIFIED_SUBSET
10651,489,REVIEWED_TEXT,DV09-108,VERIFIED_SUBSET
10652,489,BLANK,DV09-108,VERIFIED_SUBSET
10653,489,BLANK,DV09-108,VERIFIED_SUBSET
10654,490,PAGE_MARKER,DV09-108,VERIFIED_SUBSET
10655,490,BOILERPLATE,DV09-108,VERIFIED_SUBSET
10656,490,BOILERPLATE,DV09-108,VERIFIED_SUBSET
10657,490,BLANK,DV09-108,VERIFIED_SUBSET
10658,490,BOILERPLATE,DV09-108,VERIFIED_SUBSET
10659,490,BOILERPLATE,DV09-108,VERIFIED_SUBSET
10660,490,REVIEWED_TEXT,DV09-108,VERIFIED_SUBSET
10661,490,REVIEWED_TEXT,DV09-108,VERIFIED_SUBSET
10662,490,REVIEWED_TEXT,DV09-108,VERIFIED_SUBSET
10663,490,BLANK,DV09-108,VERIFIED_SUBSET
10664,490,REVIEWED_TEXT,DV09-108,VERIFIED_SUBSET
10665,490,BLANK,DV09-108,VERIFIED_SUBSET
10666,490,REVIEWED_TEXT,DV09-108,VERIFIED_SUBSET
10667,490,BLANK,DV09-108,VERIFIED_SUBSET
10668,490,BLANK,DV09-108,VERIFIED_SUBSET
10669,490,BLANK,DV09-108,VERIFIED_SUBSET
10670,491,PAGE_MARKER,DV09-109,VERIFIED_SUBSET
10671,491,BOILERPLATE,DV09-109,VERIFIED_SUBSET
10672,491,BOILERPLATE,DV09-109,VERIFIED_SUBSET
10673,491,BLANK,DV09-109,VERIFIED_SUBSET
10674,491,BOILERPLATE,DV09-109,VERIFIED_SUBSET
10675,491,BOILERPLATE,DV09-109,VERIFIED_SUBSET
10676,491,REVIEWED_TEXT,DV09-109,VERIFIED_SUBSET
10677,491,REVIEWED_TEXT,DV09-109,VERIFIED_SUBSET
10678,491,REVIEWED_TEXT,DV09-109,VERIFIED_SUBSET
10679,491,BLANK,DV09-109,VERIFIED_SUBSET
10680,491,BLANK,DV09-109,VERIFIED_SUBSET
10681,492,PAGE_MARKER,DV09-109,VERIFIED_SUBSET
10682,492,BOILERPLATE,DV09-109,VERIFIED_SUBSET
10683,492,BOILERPLATE,DV09-109,VERIFIED_SUBSET
10684,492,BLANK,DV09-109,VERIFIED_SUBSET
10685,492,BOILERPLATE,DV09-109,VERIFIED_SUBSET
10686,492,BOILERPLATE,DV09-109,VERIFIED_SUBSET
10687,492,REVIEWED_TEXT,DV09-109,VERIFIED_SUBSET
10688,492,REVIEWED_TEXT,DV09-109,VERIFIED_SUBSET
10689,492,REVIEWED_TEXT,DV09-109,VERIFIED_SUBSET
10690,492,REVIEWED_TEXT,DV09-109,VERIFIED_SUBSET
10691,492,REVIEWED_TEXT,DV09-109,VERIFIED_SUBSET
10692,492,REVIEWED_TEXT,DV09-109,VERIFIED_SUBSET
10693,492,BLANK,DV09-109,VERIFIED_SUBSET
10694,492,BLANK,DV09-109,VERIFIED_SUBSET
10695,492,BLANK,DV09-109,VERIFIED_SUBSET
10696,493,PAGE_MARKER,DV09-109,VERIFIED_SUBSET
10697,493,BOILERPLATE,DV09-109,VERIFIED_SUBSET
10698,493,BOILERPLATE,DV09-109,VERIFIED_SUBSET
10699,493,BLANK,DV09-109,VERIFIED_SUBSET
10700,493,BOILERPLATE,DV09-109,VERIFIED_SUBSET
10701,493,BOILERPLATE,DV09-109,VERIFIED_SUBSET
10702,493,REVIEWED_TEXT,DV09-109,VERIFIED_SUBSET
10703,493,REVIEWED_TEXT,DV09-109,VERIFIED_SUBSET
10704,493,REVIEWED_TEXT,DV09-109,VERIFIED_SUBSET
10705,493,REVIEWED_TEXT,DV09-109,VERIFIED_SUBSET
10706,493,REVIEWED_TEXT,DV09-109,VERIFIED_SUBSET
10707,493,BLANK,DV09-109,VERIFIED_SUBSET
10708,493,REVIEWED_TEXT,DV09-109,VERIFIED_SUBSET
10709,493,BLANK,DV09-109,VERIFIED_SUBSET
10710,493,REVIEWED_TEXT,DV09-109,VERIFIED_SUBSET
10711,493,BLANK,DV09-109,VERIFIED_SUBSET
10712,493,BLANK,DV09-109,VERIFIED_SUBSET
10713,493,BLANK,DV09-109,VERIFIED_SUBSET
10714,493,BLANK,DV09-109,VERIFIED_SUBSET
10715,493,BLANK,DV09-109,VERIFIED_SUBSET
10716,493,BLANK,DV09-109,VERIFIED_SUBSET
10717,493,BLANK,DV09-109,VERIFIED_SUBSET
10718,494,PAGE_MARKER,DV09-109,VERIFIED_SUBSET
10719,494,BOILERPLATE,DV09-109,VERIFIED_SUBSET
10720,494,BOILERPLATE,DV09-109,VERIFIED_SUBSET
10721,494,BLANK,DV09-109,VERIFIED_SUBSET
10722,494,BOILERPLATE,DV09-109,VERIFIED_SUBSET
10723,494,BOILERPLATE,DV09-109,VERIFIED_SUBSET
10724,494,REVIEWED_TEXT,DV09-109,VERIFIED_SUBSET
10725,494,REVIEWED_TEXT,DV09-109,VERIFIED_SUBSET
10726,494,REVIEWED_TEXT,DV09-109,VERIFIED_SUBSET
10727,494,REVIEWED_TEXT,DV09-109,VERIFIED_SUBSET
10728,494,REVIEWED_TEXT,DV09-109,VERIFIED_SUBSET
10729,494,BLANK,DV09-109,VERIFIED_SUBSET
10730,494,BLANK,DV09-109,VERIFIED_SUBSET
10731,494,BLANK,DV09-109,VERIFIED_SUBSET
10732,494,BLANK,DV09-109,VERIFIED_SUBSET
10733,494,BLANK,DV09-109,VERIFIED_SUBSET
10734,495,PAGE_MARKER,DV09-110,BOUNDARY
10735,495,BOILERPLATE,DV09-110,BOUNDARY
10736,495,BOILERPLATE,DV09-110,BOUNDARY
10737,495,BLANK,DV09-110,BOUNDARY
10738,495,BOILERPLATE,DV09-110,BOUNDARY
10739,495,BOILERPLATE,DV09-110,BOUNDARY
10740,495,REVIEWED_TEXT,DV09-110,BOUNDARY
10741,495,REVIEWED_TEXT,DV09-110,BOUNDARY
10742,495,REVIEWED_TEXT,DV09-110,BOUNDARY
10743,495,REVIEWED_TEXT,DV09-110,BOUNDARY
10744,495,REVIEWED_TEXT,DV09-110,BOUNDARY
10745,495,REVIEWED_TEXT,DV09-110,BOUNDARY
10746,495,REVIEWED_TEXT,DV09-110,BOUNDARY
10747,495,REVIEWED_TEXT,DV09-110,BOUNDARY
10748,495,REVIEWED_TEXT,DV09-110,BOUNDARY
10749,495,BLANK,DV09-110,BOUNDARY
10750,495,BLANK,DV09-110,BOUNDARY
10751,496,PAGE_MARKER,DV09-110,BOUNDARY
10752,496,BOILERPLATE,DV09-110,BOUNDARY
10753,496,BOILERPLATE,DV09-110,BOUNDARY
10754,496,BLANK,DV09-110,BOUNDARY
10755,496,BOILERPLATE,DV09-110,BOUNDARY
10756,496,BOILERPLATE,DV09-110,BOUNDARY
10757,496,REVIEWED_TEXT,DV09-110,BOUNDARY
10758,496,BLANK,DV09-110,BOUNDARY
10759,496,REVIEWED_TEXT,DV09-110,BOUNDARY
10760,496,BLANK,DV09-110,BOUNDARY
10761,496,REVIEWED_TEXT,DV09-110,BOUNDARY
10762,496,REVIEWED_TEXT,DV09-110,BOUNDARY
10763,496,REVIEWED_TEXT,DV09-110,BOUNDARY
10764,496,REVIEWED_TEXT,DV09-110,BOUNDARY
10765,496,REVIEWED_TEXT,DV09-110,BOUNDARY
10766,496,BLANK,DV09-110,BOUNDARY
10767,496,BLANK,DV09-110,BOUNDARY
10768,496,BLANK,DV09-110,BOUNDARY
10769,496,BLANK,DV09-110,BOUNDARY
10770,496,BLANK,DV09-110,BOUNDARY
10771,496,REVIEWED_TEXT,DV09-110,BOUNDARY
10772,496,REVIEWED_TEXT,DV09-110,BOUNDARY
10773,496,BLANK,DV09-110,BOUNDARY
10774,496,BLANK,DV09-110,BOUNDARY
10775,496,BLANK,DV09-110,BOUNDARY
10776,496,BLANK,DV09-110,BOUNDARY
10777,496,BLANK,DV09-110,BOUNDARY
10778,496,BLANK,DV09-110,BOUNDARY
10779,496,BLANK,DV09-110,BOUNDARY
10780,496,REVIEWED_TEXT,DV09-110,BOUNDARY
10781,496,REVIEWED_TEXT,DV09-110,BOUNDARY
10782,496,REVIEWED_TEXT,DV09-110,BOUNDARY
10783,496,REVIEWED_TEXT,DV09-110,BOUNDARY
10784,496,REVIEWED_TEXT,DV09-110,BOUNDARY
10785,496,REVIEWED_TEXT,DV09-110,BOUNDARY
10786,496,REVIEWED_TEXT,DV09-110,BOUNDARY
10787,496,REVIEWED_TEXT,DV09-110,BOUNDARY
10788,496,REVIEWED_TEXT,DV09-110,BOUNDARY
10789,496,REVIEWED_TEXT,DV09-110,BOUNDARY
10790,496,BLANK,DV09-110,BOUNDARY
10791,496,BLANK,DV09-110,BOUNDARY
10792,496,BLANK,DV09-110,BOUNDARY
10793,496,BLANK,DV09-110,BOUNDARY
10794,496,BLANK,DV09-110,BOUNDARY
10795,496,BLANK,DV09-110,BOUNDARY
10796,496,REVIEWED_TEXT,DV09-110,BOUNDARY
10797,496,BLANK,DV09-110,BOUNDARY
10798,496,REVIEWED_TEXT,DV09-110,BOUNDARY
10799,496,BLANK,DV09-110,BOUNDARY
10800,496,BLANK,DV09-110,BOUNDARY
10801,496,BLANK,DV09-110,BOUNDARY
10802,496,BLANK,DV09-110,BOUNDARY
10803,496,BLANK,DV09-110,BOUNDARY
10804,496,BLANK,DV09-110,BOUNDARY
10805,496,BLANK,DV09-110,BOUNDARY
10806,496,BLANK,DV09-110,BOUNDARY
10807,496,BLANK,DV09-110,BOUNDARY
10808,496,BLANK,DV09-110,BOUNDARY
10809,496,BLANK,DV09-110,BOUNDARY
10810,496,REVIEWED_TEXT,DV09-110,BOUNDARY
10811,496,REVIEWED_TEXT,DV09-110,BOUNDARY
10812,496,BLANK,DV09-110,BOUNDARY
10813,496,REVIEWED_TEXT,DV09-110,BOUNDARY
10814,496,REVIEWED_TEXT,DV09-110,BOUNDARY
10815,496,REVIEWED_TEXT,DV09-110,BOUNDARY
10816,496,BLANK,DV09-110,BOUNDARY
10817,497,PAGE_MARKER,DV09-110,BOUNDARY
10818,497,BOILERPLATE,DV09-110,BOUNDARY
10819,497,BOILERPLATE,DV09-110,BOUNDARY
10820,497,BLANK,DV09-110,BOUNDARY
10821,497,BOILERPLATE,DV09-110,BOUNDARY
10822,497,BOILERPLATE,DV09-110,BOUNDARY
10823,497,REVIEWED_TEXT,DV09-110,BOUNDARY
10824,497,REVIEWED_TEXT,DV09-110,BOUNDARY
10825,497,REVIEWED_TEXT,DV09-110,BOUNDARY
10826,497,BLANK,DV09-110,BOUNDARY
10827,497,REVIEWED_TEXT,DV09-110,BOUNDARY
10828,497,BLANK,DV09-110,BOUNDARY
10829,497,REVIEWED_TEXT,DV09-110,BOUNDARY
10830,497,REVIEWED_TEXT,DV09-110,BOUNDARY
10831,497,REVIEWED_TEXT,DV09-110,BOUNDARY
10832,497,BLANK,DV09-110,BOUNDARY
10833,497,REVIEWED_TEXT,DV09-110,BOUNDARY
10834,497,REVIEWED_TEXT,DV09-110,BOUNDARY
10835,497,REVIEWED_TEXT,DV09-110,BOUNDARY
10836,497,REVIEWED_TEXT,DV09-110,BOUNDARY
10837,497,REVIEWED_TEXT,DV09-110,BOUNDARY
10838,497,REVIEWED_TEXT,DV09-110,BOUNDARY
10839,497,REVIEWED_TEXT,DV09-110,BOUNDARY
10840,497,REVIEWED_TEXT,DV09-110,BOUNDARY
10841,497,BLANK,DV09-110,BOUNDARY
10842,497,REVIEWED_TEXT,DV09-110,BOUNDARY
10843,497,BLANK,DV09-110,BOUNDARY
10844,497,BLANK,DV09-110,BOUNDARY
10845,498,PAGE_MARKER,DV09-111,VERIFIED_SUBSET
10846,498,BOILERPLATE,DV09-111,VERIFIED_SUBSET
10847,498,BOILERPLATE,DV09-111,VERIFIED_SUBSET
10848,498,BLANK,DV09-111,VERIFIED_SUBSET
10849,498,BOILERPLATE,DV09-111,VERIFIED_SUBSET
10850,498,BOILERPLATE,DV09-111,VERIFIED_SUBSET
10851,498,REVIEWED_TEXT,DV09-111,VERIFIED_SUBSET
10852,498,REVIEWED_TEXT,DV09-111,VERIFIED_SUBSET
10853,498,REVIEWED_TEXT,DV09-111,VERIFIED_SUBSET
10854,498,REVIEWED_TEXT,DV09-111,VERIFIED_SUBSET
10855,498,REVIEWED_TEXT,DV09-111,VERIFIED_SUBSET
10856,498,BLANK,DV09-111,VERIFIED_SUBSET
10857,498,REVIEWED_TEXT,DV09-111,VERIFIED_SUBSET
10858,498,BLANK,DV09-111,VERIFIED_SUBSET
10859,498,REVIEWED_TEXT,DV09-111,VERIFIED_SUBSET
10860,498,BLANK,DV09-111,VERIFIED_SUBSET
10861,498,BLANK,DV09-111,VERIFIED_SUBSET
10862,498,REVIEWED_TEXT,DV09-111,VERIFIED_SUBSET
10863,498,BLANK,DV09-111,VERIFIED_SUBSET
10864,498,BLANK,DV09-111,VERIFIED_SUBSET
10865,498,REVIEWED_TEXT,DV09-111,VERIFIED_SUBSET
10866,498,BLANK,DV09-111,VERIFIED_SUBSET
10867,498,REVIEWED_TEXT,DV09-111,VERIFIED_SUBSET
10868,498,BLANK,DV09-111,VERIFIED_SUBSET
10869,498,REVIEWED_TEXT,DV09-111,VERIFIED_SUBSET
10870,498,REVIEWED_TEXT,DV09-111,VERIFIED_SUBSET
10871,498,BLANK,DV09-111,VERIFIED_SUBSET
10872,498,REVIEWED_TEXT,DV09-111,VERIFIED_SUBSET
10873,498,REVIEWED_TEXT,DV09-111,VERIFIED_SUBSET
10874,498,REVIEWED_TEXT,DV09-111,VERIFIED_SUBSET
10875,498,REVIEWED_TEXT,DV09-111,VERIFIED_SUBSET
10876,498,REVIEWED_TEXT,DV09-111,VERIFIED_SUBSET
10877,498,REVIEWED_TEXT,DV09-111,VERIFIED_SUBSET
10878,498,REVIEWED_TEXT,DV09-111,VERIFIED_SUBSET
10879,498,BLANK,DV09-111,VERIFIED_SUBSET
10880,498,BLANK,DV09-111,VERIFIED_SUBSET
10881,498,BLANK,DV09-111,VERIFIED_SUBSET
10882,498,BLANK,DV09-111,VERIFIED_SUBSET
10883,498,BLANK,DV09-111,VERIFIED_SUBSET
10884,498,BLANK,DV09-111,VERIFIED_SUBSET
10885,498,REVIEWED_TEXT,DV09-111,VERIFIED_SUBSET
10886,498,REVIEWED_TEXT,DV09-111,VERIFIED_SUBSET
10887,498,REVIEWED_TEXT,DV09-111,VERIFIED_SUBSET
10888,498,REVIEWED_TEXT,DV09-111,VERIFIED_SUBSET
10889,498,BLANK,DV09-111,VERIFIED_SUBSET
10890,499,PAGE_MARKER,DV09-111,VERIFIED_SUBSET
10891,499,BOILERPLATE,DV09-111,VERIFIED_SUBSET
10892,499,BOILERPLATE,DV09-111,VERIFIED_SUBSET
10893,499,BLANK,DV09-111,VERIFIED_SUBSET
10894,499,BOILERPLATE,DV09-111,VERIFIED_SUBSET
10895,499,BOILERPLATE,DV09-111,VERIFIED_SUBSET
10896,499,REVIEWED_TEXT,DV09-111,VERIFIED_SUBSET
10897,499,REVIEWED_TEXT,DV09-111,VERIFIED_SUBSET
10898,499,REVIEWED_TEXT,DV09-111,VERIFIED_SUBSET
10899,499,REVIEWED_TEXT,DV09-111,VERIFIED_SUBSET
10900,499,REVIEWED_TEXT,DV09-111,VERIFIED_SUBSET
10901,499,REVIEWED_TEXT,DV09-111,VERIFIED_SUBSET
10902,499,BLANK,DV09-111,VERIFIED_SUBSET
10903,500,PAGE_MARKER,DV09-111,VERIFIED_SUBSET
10904,500,BOILERPLATE,DV09-111,VERIFIED_SUBSET
10905,500,BOILERPLATE,DV09-111,VERIFIED_SUBSET
10906,500,BLANK,DV09-111,VERIFIED_SUBSET
10907,500,BOILERPLATE,DV09-111,VERIFIED_SUBSET
10908,500,BOILERPLATE,DV09-111,VERIFIED_SUBSET
10909,500,REVIEWED_TEXT,DV09-111,VERIFIED_SUBSET
10910,500,REVIEWED_TEXT,DV09-111,VERIFIED_SUBSET
10911,500,REVIEWED_TEXT,DV09-111,VERIFIED_SUBSET
10912,500,REVIEWED_TEXT,DV09-111,VERIFIED_SUBSET
10913,500,REVIEWED_TEXT,DV09-111,VERIFIED_SUBSET
10914,500,BLANK,DV09-111,VERIFIED_SUBSET
10915,501,PAGE_MARKER,DV09-111,VERIFIED_SUBSET
10916,501,BOILERPLATE,DV09-111,VERIFIED_SUBSET
10917,501,BOILERPLATE,DV09-111,VERIFIED_SUBSET
10918,501,BLANK,DV09-111,VERIFIED_SUBSET
10919,501,BOILERPLATE,DV09-111,VERIFIED_SUBSET
10920,501,BOILERPLATE,DV09-111,VERIFIED_SUBSET
10921,501,REVIEWED_TEXT,DV09-111,VERIFIED_SUBSET
10922,501,BLANK,DV09-111,VERIFIED_SUBSET
10923,502,PAGE_MARKER,DV09-111,VERIFIED_SUBSET
10924,502,BOILERPLATE,DV09-111,VERIFIED_SUBSET
10925,502,BOILERPLATE,DV09-111,VERIFIED_SUBSET
10926,502,BLANK,DV09-111,VERIFIED_SUBSET
10927,502,BOILERPLATE,DV09-111,VERIFIED_SUBSET
10928,502,BOILERPLATE,DV09-111,VERIFIED_SUBSET
10929,502,REVIEWED_TEXT,DV09-111,VERIFIED_SUBSET
10930,502,REVIEWED_TEXT,DV09-111,VERIFIED_SUBSET
10931,502,BOILERPLATE,DV09-111,VERIFIED_SUBSET
10932,502,REVIEWED_TEXT,DV09-111,VERIFIED_SUBSET
10933,502,REVIEWED_TEXT,DV09-111,VERIFIED_SUBSET
10934,502,BOILERPLATE,DV09-111,VERIFIED_SUBSET
10935,502,REVIEWED_TEXT,DV09-111,VERIFIED_SUBSET
10936,502,REVIEWED_TEXT,DV09-111,VERIFIED_SUBSET
10937,502,BOILERPLATE,DV09-111,VERIFIED_SUBSET
10938,502,REVIEWED_TEXT,DV09-111,VERIFIED_SUBSET
10939,502,BOILERPLATE,DV09-111,VERIFIED_SUBSET
10940,502,REVIEWED_TEXT,DV09-111,VERIFIED_SUBSET
10941,502,BOILERPLATE,DV09-111,VERIFIED_SUBSET
10942,502,REVIEWED_TEXT,DV09-111,VERIFIED_SUBSET
10943,502,REVIEWED_TEXT,DV09-111,VERIFIED_SUBSET
10944,502,BOILERPLATE,DV09-111,VERIFIED_SUBSET
10945,502,REVIEWED_TEXT,DV09-111,VERIFIED_SUBSET
10946,502,REVIEWED_TEXT,DV09-111,VERIFIED_SUBSET
10947,502,BLANK,DV09-111,VERIFIED_SUBSET
10948,502,BLANK,DV09-111,VERIFIED_SUBSET
10949,503,PAGE_MARKER,DV09-112,VERIFIED_SUBSET
10950,503,BOILERPLATE,DV09-112,VERIFIED_SUBSET
10951,503,BOILERPLATE,DV09-112,VERIFIED_SUBSET
10952,503,BLANK,DV09-112,VERIFIED_SUBSET
10953,503,BOILERPLATE,DV09-112,VERIFIED_SUBSET
10954,503,BOILERPLATE,DV09-112,VERIFIED_SUBSET
10955,503,REVIEWED_TEXT,DV09-112,VERIFIED_SUBSET
10956,503,BLANK,DV09-112,VERIFIED_SUBSET
10957,503,BLANK,DV09-112,VERIFIED_SUBSET
10958,503,BLANK,DV09-112,VERIFIED_SUBSET
10959,503,BLANK,DV09-112,VERIFIED_SUBSET
10960,504,PAGE_MARKER,DV09-112,VERIFIED_SUBSET
10961,504,BOILERPLATE,DV09-112,VERIFIED_SUBSET
10962,504,BOILERPLATE,DV09-112,VERIFIED_SUBSET
10963,504,BLANK,DV09-112,VERIFIED_SUBSET
10964,504,BOILERPLATE,DV09-112,VERIFIED_SUBSET
10965,504,BOILERPLATE,DV09-112,VERIFIED_SUBSET
10966,504,REVIEWED_TEXT,DV09-112,VERIFIED_SUBSET
10967,504,REVIEWED_TEXT,DV09-112,VERIFIED_SUBSET
10968,504,BOILERPLATE,DV09-112,VERIFIED_SUBSET
10969,504,REVIEWED_TEXT,DV09-112,VERIFIED_SUBSET
10970,504,BOILERPLATE,DV09-112,VERIFIED_SUBSET
10971,504,REVIEWED_TEXT,DV09-112,VERIFIED_SUBSET
10972,504,BLANK,DV09-112,VERIFIED_SUBSET
10973,504,BOILERPLATE,DV09-112,VERIFIED_SUBSET
10974,504,REVIEWED_TEXT,DV09-112,VERIFIED_SUBSET
10975,504,REVIEWED_TEXT,DV09-112,VERIFIED_SUBSET
10976,504,REVIEWED_TEXT,DV09-112,VERIFIED_SUBSET
10977,504,BOILERPLATE,DV09-112,VERIFIED_SUBSET
10978,504,REVIEWED_TEXT,DV09-112,VERIFIED_SUBSET
10979,504,REVIEWED_TEXT,DV09-112,VERIFIED_SUBSET
10980,504,REVIEWED_TEXT,DV09-112,VERIFIED_SUBSET
10981,504,BLANK,DV09-112,VERIFIED_SUBSET
10982,504,BLANK,DV09-112,VERIFIED_SUBSET
10983,505,PAGE_MARKER,DV09-112,VERIFIED_SUBSET
10984,505,BOILERPLATE,DV09-112,VERIFIED_SUBSET
10985,505,BOILERPLATE,DV09-112,VERIFIED_SUBSET
10986,505,BLANK,DV09-112,VERIFIED_SUBSET
10987,505,BOILERPLATE,DV09-112,VERIFIED_SUBSET
10988,505,BOILERPLATE,DV09-112,VERIFIED_SUBSET
10989,505,REVIEWED_TEXT,DV09-112,VERIFIED_SUBSET
10990,505,REVIEWED_TEXT,DV09-112,VERIFIED_SUBSET
10991,505,REVIEWED_TEXT,DV09-112,VERIFIED_SUBSET
10992,505,REVIEWED_TEXT,DV09-112,VERIFIED_SUBSET
10993,505,REVIEWED_TEXT,DV09-112,VERIFIED_SUBSET
10994,505,BLANK,DV09-112,VERIFIED_SUBSET
10995,505,BLANK,DV09-112,VERIFIED_SUBSET
10996,506,PAGE_MARKER,DV09-112,VERIFIED_SUBSET
10997,506,BOILERPLATE,DV09-112,VERIFIED_SUBSET
10998,506,BOILERPLATE,DV09-112,VERIFIED_SUBSET
10999,506,BLANK,DV09-112,VERIFIED_SUBSET
11000,506,BOILERPLATE,DV09-112,VERIFIED_SUBSET
11001,506,BOILERPLATE,DV09-112,VERIFIED_SUBSET
11002,506,REVIEWED_TEXT,DV09-112,VERIFIED_SUBSET
11003,506,REVIEWED_TEXT,DV09-112,VERIFIED_SUBSET
11004,506,REVIEWED_TEXT,DV09-112,VERIFIED_SUBSET
11005,506,REVIEWED_TEXT,DV09-112,VERIFIED_SUBSET
11006,506,BOILERPLATE,DV09-112,VERIFIED_SUBSET
11007,506,REVIEWED_TEXT,DV09-112,VERIFIED_SUBSET
11008,506,REVIEWED_TEXT,DV09-112,VERIFIED_SUBSET
11009,506,BOILERPLATE,DV09-112,VERIFIED_SUBSET
11010,506,REVIEWED_TEXT,DV09-112,VERIFIED_SUBSET
11011,506,REVIEWED_TEXT,DV09-112,VERIFIED_SUBSET
11012,506,REVIEWED_TEXT,DV09-112,VERIFIED_SUBSET
11013,506,BLANK,DV09-112,VERIFIED_SUBSET
11014,506,REVIEWED_TEXT,DV09-112,VERIFIED_SUBSET
11015,506,REVIEWED_TEXT,DV09-112,VERIFIED_SUBSET
11016,506,REVIEWED_TEXT,DV09-112,VERIFIED_SUBSET
11017,506,REVIEWED_TEXT,DV09-112,VERIFIED_SUBSET
11018,506,REVIEWED_TEXT,DV09-112,VERIFIED_SUBSET
11019,506,REVIEWED_TEXT,DV09-112,VERIFIED_SUBSET
11020,506,REVIEWED_TEXT,DV09-112,VERIFIED_SUBSET
11021,506,REVIEWED_TEXT,DV09-112,VERIFIED_SUBSET
11022,506,REVIEWED_TEXT,DV09-112,VERIFIED_SUBSET
11023,506,REVIEWED_TEXT,DV09-112,VERIFIED_SUBSET
11024,506,REVIEWED_TEXT,DV09-112,VERIFIED_SUBSET
11025,506,REVIEWED_TEXT,DV09-112,VERIFIED_SUBSET
11026,506,REVIEWED_TEXT,DV09-112,VERIFIED_SUBSET
11027,506,REVIEWED_TEXT,DV09-112,VERIFIED_SUBSET
11028,506,REVIEWED_TEXT,DV09-112,VERIFIED_SUBSET
11029,506,BLANK,DV09-112,VERIFIED_SUBSET
11030,507,PAGE_MARKER,DV09-113,VERIFIED_SUBSET
11031,507,BOILERPLATE,DV09-113,VERIFIED_SUBSET
11032,507,BOILERPLATE,DV09-113,VERIFIED_SUBSET
11033,507,BLANK,DV09-113,VERIFIED_SUBSET
11034,507,BOILERPLATE,DV09-113,VERIFIED_SUBSET
11035,507,BOILERPLATE,DV09-113,VERIFIED_SUBSET
11036,507,REVIEWED_TEXT,DV09-113,VERIFIED_SUBSET
11037,507,REVIEWED_TEXT,DV09-113,VERIFIED_SUBSET
11038,507,REVIEWED_TEXT,DV09-113,VERIFIED_SUBSET
11039,507,REVIEWED_TEXT,DV09-113,VERIFIED_SUBSET
11040,507,REVIEWED_TEXT,DV09-113,VERIFIED_SUBSET
11041,507,REVIEWED_TEXT,DV09-113,VERIFIED_SUBSET
11042,507,REVIEWED_TEXT,DV09-113,VERIFIED_SUBSET
11043,507,REVIEWED_TEXT,DV09-113,VERIFIED_SUBSET
11044,507,BLANK,DV09-113,VERIFIED_SUBSET
11045,507,REVIEWED_TEXT,DV09-113,VERIFIED_SUBSET
11046,507,REVIEWED_TEXT,DV09-113,VERIFIED_SUBSET
11047,507,REVIEWED_TEXT,DV09-113,VERIFIED_SUBSET
11048,507,REVIEWED_TEXT,DV09-113,VERIFIED_SUBSET
11049,507,REVIEWED_TEXT,DV09-113,VERIFIED_SUBSET
11050,507,REVIEWED_TEXT,DV09-113,VERIFIED_SUBSET
11051,507,REVIEWED_TEXT,DV09-113,VERIFIED_SUBSET
11052,507,REVIEWED_TEXT,DV09-113,VERIFIED_SUBSET
11053,507,REVIEWED_TEXT,DV09-113,VERIFIED_SUBSET
11054,507,REVIEWED_TEXT,DV09-113,VERIFIED_SUBSET
11055,507,BLANK,DV09-113,VERIFIED_SUBSET
11056,508,PAGE_MARKER,DV09-114,VERIFIED_SUBSET
11057,508,BOILERPLATE,DV09-114,VERIFIED_SUBSET
11058,508,BOILERPLATE,DV09-114,VERIFIED_SUBSET
11059,508,BLANK,DV09-114,VERIFIED_SUBSET
11060,508,BOILERPLATE,DV09-114,VERIFIED_SUBSET
11061,508,BOILERPLATE,DV09-114,VERIFIED_SUBSET
11062,508,REVIEWED_TEXT,DV09-114,VERIFIED_SUBSET
11063,508,REVIEWED_TEXT,DV09-114,VERIFIED_SUBSET
11064,508,REVIEWED_TEXT,DV09-114,VERIFIED_SUBSET
11065,508,REVIEWED_TEXT,DV09-114,VERIFIED_SUBSET
11066,508,BLANK,DV09-114,VERIFIED_SUBSET
11067,508,BLANK,DV09-114,VERIFIED_SUBSET
11068,508,BLANK,DV09-114,VERIFIED_SUBSET
11069,508,BLANK,DV09-114,VERIFIED_SUBSET
11070,508,BLANK,DV09-114,VERIFIED_SUBSET
11071,508,REVIEWED_TEXT,DV09-114,VERIFIED_SUBSET
11072,508,BLANK,DV09-114,VERIFIED_SUBSET
11073,509,PAGE_MARKER,DV09-114,VERIFIED_SUBSET
11074,509,BOILERPLATE,DV09-114,VERIFIED_SUBSET
11075,509,BOILERPLATE,DV09-114,VERIFIED_SUBSET
11076,509,BLANK,DV09-114,VERIFIED_SUBSET
11077,509,BOILERPLATE,DV09-114,VERIFIED_SUBSET
11078,509,BOILERPLATE,DV09-114,VERIFIED_SUBSET
11079,509,REVIEWED_TEXT,DV09-114,VERIFIED_SUBSET
11080,509,REVIEWED_TEXT,DV09-114,VERIFIED_SUBSET
11081,509,BOILERPLATE,DV09-114,VERIFIED_SUBSET
11082,509,REVIEWED_TEXT,DV09-114,VERIFIED_SUBSET
11083,509,REVIEWED_TEXT,DV09-114,VERIFIED_SUBSET
11084,509,REVIEWED_TEXT,DV09-114,VERIFIED_SUBSET
11085,509,REVIEWED_TEXT,DV09-114,VERIFIED_SUBSET
11086,509,REVIEWED_TEXT,DV09-114,VERIFIED_SUBSET
11087,509,BOILERPLATE,DV09-114,VERIFIED_SUBSET
11088,509,REVIEWED_TEXT,DV09-114,VERIFIED_SUBSET
11089,509,REVIEWED_TEXT,DV09-114,VERIFIED_SUBSET
11090,509,BOILERPLATE,DV09-114,VERIFIED_SUBSET
11091,509,REVIEWED_TEXT,DV09-114,VERIFIED_SUBSET
11092,509,REVIEWED_TEXT,DV09-114,VERIFIED_SUBSET
11093,509,BLANK,DV09-114,VERIFIED_SUBSET
11094,509,BLANK,DV09-114,VERIFIED_SUBSET
11095,510,PAGE_MARKER,DV09-114,VERIFIED_SUBSET
11096,510,BOILERPLATE,DV09-114,VERIFIED_SUBSET
11097,510,BOILERPLATE,DV09-114,VERIFIED_SUBSET
11098,510,BLANK,DV09-114,VERIFIED_SUBSET
11099,510,BOILERPLATE,DV09-114,VERIFIED_SUBSET
11100,510,BOILERPLATE,DV09-114,VERIFIED_SUBSET
11101,510,REVIEWED_TEXT,DV09-114,VERIFIED_SUBSET
11102,510,REVIEWED_TEXT,DV09-114,VERIFIED_SUBSET
11103,510,REVIEWED_TEXT,DV09-114,VERIFIED_SUBSET
11104,510,BLANK,DV09-114,VERIFIED_SUBSET
11105,510,BLANK,DV09-114,VERIFIED_SUBSET
11106,510,BLANK,DV09-114,VERIFIED_SUBSET
11107,511,PAGE_MARKER,DV09-114,VERIFIED_SUBSET
11108,511,BOILERPLATE,DV09-114,VERIFIED_SUBSET
11109,511,BOILERPLATE,DV09-114,VERIFIED_SUBSET
11110,511,BLANK,DV09-114,VERIFIED_SUBSET
11111,511,BOILERPLATE,DV09-114,VERIFIED_SUBSET
11112,511,BOILERPLATE,DV09-114,VERIFIED_SUBSET
11113,511,REVIEWED_TEXT,DV09-114,VERIFIED_SUBSET
11114,511,REVIEWED_TEXT,DV09-114,VERIFIED_SUBSET
11115,511,REVIEWED_TEXT,DV09-114,VERIFIED_SUBSET
11116,511,REVIEWED_TEXT,DV09-114,VERIFIED_SUBSET
11117,511,REVIEWED_TEXT,DV09-114,VERIFIED_SUBSET
11118,511,REVIEWED_TEXT,DV09-114,VERIFIED_SUBSET
11119,511,REVIEWED_TEXT,DV09-114,VERIFIED_SUBSET
11120,511,REVIEWED_TEXT,DV09-114,VERIFIED_SUBSET
11121,511,REVIEWED_TEXT,DV09-114,VERIFIED_SUBSET
11122,511,REVIEWED_TEXT,DV09-114,VERIFIED_SUBSET
11123,511,REVIEWED_TEXT,DV09-114,VERIFIED_SUBSET
11124,511,REVIEWED_TEXT,DV09-114,VERIFIED_SUBSET
11125,511,REVIEWED_TEXT,DV09-114,VERIFIED_SUBSET
11126,511,BLANK,DV09-114,VERIFIED_SUBSET
11127,511,BLANK,DV09-114,VERIFIED_SUBSET
11128,512,PAGE_MARKER,DV09-114,VERIFIED_SUBSET
11129,512,BOILERPLATE,DV09-114,VERIFIED_SUBSET
11130,512,BOILERPLATE,DV09-114,VERIFIED_SUBSET
11131,512,BLANK,DV09-114,VERIFIED_SUBSET
11132,512,BOILERPLATE,DV09-114,VERIFIED_SUBSET
11133,512,BOILERPLATE,DV09-114,VERIFIED_SUBSET
11134,512,REVIEWED_TEXT,DV09-114,VERIFIED_SUBSET
11135,512,REVIEWED_TEXT,DV09-114,VERIFIED_SUBSET
11136,512,REVIEWED_TEXT,DV09-114,VERIFIED_SUBSET
11137,512,BOILERPLATE,DV09-114,VERIFIED_SUBSET
11138,512,REVIEWED_TEXT,DV09-114,VERIFIED_SUBSET
11139,512,BOILERPLATE,DV09-114,VERIFIED_SUBSET
11140,512,REVIEWED_TEXT,DV09-114,VERIFIED_SUBSET
11141,512,BOILERPLATE,DV09-114,VERIFIED_SUBSET
11142,512,REVIEWED_TEXT,DV09-114,VERIFIED_SUBSET
11143,512,BLANK,DV09-114,VERIFIED_SUBSET
11144,512,BLANK,DV09-114,VERIFIED_SUBSET
11145,513,PAGE_MARKER,DV09-115,VERIFIED_SUBSET
11146,513,BOILERPLATE,DV09-115,VERIFIED_SUBSET
11147,513,BOILERPLATE,DV09-115,VERIFIED_SUBSET
11148,513,BLANK,DV09-115,VERIFIED_SUBSET
11149,513,BOILERPLATE,DV09-115,VERIFIED_SUBSET
11150,513,BOILERPLATE,DV09-115,VERIFIED_SUBSET
11151,513,REVIEWED_TEXT,DV09-115,VERIFIED_SUBSET
11152,513,REVIEWED_TEXT,DV09-115,VERIFIED_SUBSET
11153,513,REVIEWED_TEXT,DV09-115,VERIFIED_SUBSET
11154,513,BLANK,DV09-115,VERIFIED_SUBSET
11155,513,REVIEWED_TEXT,DV09-115,VERIFIED_SUBSET
11156,513,REVIEWED_TEXT,DV09-115,VERIFIED_SUBSET
11157,513,BLANK,DV09-115,VERIFIED_SUBSET
11158,513,REVIEWED_TEXT,DV09-115,VERIFIED_SUBSET
11159,513,REVIEWED_TEXT,DV09-115,VERIFIED_SUBSET
11160,513,REVIEWED_TEXT,DV09-115,VERIFIED_SUBSET
11161,513,BLANK,DV09-115,VERIFIED_SUBSET
11162,513,BLANK,DV09-115,VERIFIED_SUBSET
11163,513,REVIEWED_TEXT,DV09-115,VERIFIED_SUBSET
11164,513,REVIEWED_TEXT,DV09-115,VERIFIED_SUBSET
11165,513,BLANK,DV09-115,VERIFIED_SUBSET
11166,513,BLANK,DV09-115,VERIFIED_SUBSET
11167,513,REVIEWED_TEXT,DV09-115,VERIFIED_SUBSET
11168,513,REVIEWED_TEXT,DV09-115,VERIFIED_SUBSET
11169,513,BLANK,DV09-115,VERIFIED_SUBSET
11170,513,REVIEWED_TEXT,DV09-115,VERIFIED_SUBSET
11171,513,REVIEWED_TEXT,DV09-115,VERIFIED_SUBSET
11172,513,BLANK,DV09-115,VERIFIED_SUBSET
11173,513,REVIEWED_TEXT,DV09-115,VERIFIED_SUBSET
11174,513,BLANK,DV09-115,VERIFIED_SUBSET
11175,513,REVIEWED_TEXT,DV09-115,VERIFIED_SUBSET
11176,513,REVIEWED_TEXT,DV09-115,VERIFIED_SUBSET
11177,513,REVIEWED_TEXT,DV09-115,VERIFIED_SUBSET
11178,513,BLANK,DV09-115,VERIFIED_SUBSET
11179,513,BLANK,DV09-115,VERIFIED_SUBSET
11180,514,PAGE_MARKER,DV09-115,VERIFIED_SUBSET
11181,514,BOILERPLATE,DV09-115,VERIFIED_SUBSET
11182,514,BOILERPLATE,DV09-115,VERIFIED_SUBSET
11183,514,BLANK,DV09-115,VERIFIED_SUBSET
11184,514,BOILERPLATE,DV09-115,VERIFIED_SUBSET
11185,514,BOILERPLATE,DV09-115,VERIFIED_SUBSET
11186,514,REVIEWED_TEXT,DV09-115,VERIFIED_SUBSET
11187,514,BLANK,DV09-115,VERIFIED_SUBSET
11188,514,BLANK,DV09-115,VERIFIED_SUBSET
11189,514,BLANK,DV09-115,VERIFIED_SUBSET
11190,515,PAGE_MARKER,DV09-115,VERIFIED_SUBSET
11191,515,BOILERPLATE,DV09-115,VERIFIED_SUBSET
11192,515,BOILERPLATE,DV09-115,VERIFIED_SUBSET
11193,515,BLANK,DV09-115,VERIFIED_SUBSET
11194,515,BOILERPLATE,DV09-115,VERIFIED_SUBSET
11195,515,BOILERPLATE,DV09-115,VERIFIED_SUBSET
11196,515,REVIEWED_TEXT,DV09-115,VERIFIED_SUBSET
11197,515,REVIEWED_TEXT,DV09-115,VERIFIED_SUBSET
11198,515,BOILERPLATE,DV09-115,VERIFIED_SUBSET
11199,515,REVIEWED_TEXT,DV09-115,VERIFIED_SUBSET
11200,515,REVIEWED_TEXT,DV09-115,VERIFIED_SUBSET
11201,515,BOILERPLATE,DV09-115,VERIFIED_SUBSET
11202,515,REVIEWED_TEXT,DV09-115,VERIFIED_SUBSET
11203,515,BOILERPLATE,DV09-115,VERIFIED_SUBSET
11204,515,REVIEWED_TEXT,DV09-115,VERIFIED_SUBSET
11205,515,BOILERPLATE,DV09-115,VERIFIED_SUBSET
11206,515,REVIEWED_TEXT,DV09-115,VERIFIED_SUBSET
11207,515,BOILERPLATE,DV09-115,VERIFIED_SUBSET
11208,515,REVIEWED_TEXT,DV09-115,VERIFIED_SUBSET
11209,515,BLANK,DV09-115,VERIFIED_SUBSET
11210,515,BLANK,DV09-115,VERIFIED_SUBSET
11211,516,PAGE_MARKER,DV09-116,BOUNDARY
11212,516,BOILERPLATE,DV09-116,BOUNDARY
11213,516,BOILERPLATE,DV09-116,BOUNDARY
11214,516,BLANK,DV09-116,BOUNDARY
11215,516,BOILERPLATE,DV09-116,BOUNDARY
11216,516,BOILERPLATE,DV09-116,BOUNDARY
11217,516,REVIEWED_TEXT,DV09-116,BOUNDARY
11218,516,REVIEWED_TEXT,DV09-116,BOUNDARY
11219,516,REVIEWED_TEXT,DV09-116,BOUNDARY
11220,516,REVIEWED_TEXT,DV09-116,BOUNDARY
11221,516,REVIEWED_TEXT,DV09-116,BOUNDARY
11222,516,REVIEWED_TEXT,DV09-116,BOUNDARY
11223,516,BLANK,DV09-116,BOUNDARY
11224,516,BLANK,DV09-116,BOUNDARY
11225,517,PAGE_MARKER,DV09-116,BOUNDARY
11226,517,BOILERPLATE,DV09-116,BOUNDARY
11227,517,BOILERPLATE,DV09-116,BOUNDARY
11228,517,BLANK,DV09-116,BOUNDARY
11229,517,BOILERPLATE,DV09-116,BOUNDARY
11230,517,BOILERPLATE,DV09-116,BOUNDARY
11231,517,REVIEWED_TEXT,DV09-116,BOUNDARY
11232,517,REVIEWED_TEXT,DV09-116,BOUNDARY
11233,517,REVIEWED_TEXT,DV09-116,BOUNDARY
11234,517,BLANK,DV09-116,BOUNDARY
11235,517,BLANK,DV09-116,BOUNDARY
11236,518,PAGE_MARKER,DV09-116,BOUNDARY
11237,518,BOILERPLATE,DV09-116,BOUNDARY
11238,518,BOILERPLATE,DV09-116,BOUNDARY
11239,518,BLANK,DV09-116,BOUNDARY
11240,518,BOILERPLATE,DV09-116,BOUNDARY
11241,518,BOILERPLATE,DV09-116,BOUNDARY
11242,518,REVIEWED_TEXT,DV09-116,BOUNDARY
11243,518,REVIEWED_TEXT,DV09-116,BOUNDARY
11244,518,REVIEWED_TEXT,DV09-116,BOUNDARY
11245,518,REVIEWED_TEXT,DV09-116,BOUNDARY
11246,518,REVIEWED_TEXT,DV09-116,BOUNDARY
11247,518,REVIEWED_TEXT,DV09-116,BOUNDARY
11248,518,REVIEWED_TEXT,DV09-116,BOUNDARY
11249,518,REVIEWED_TEXT,DV09-116,BOUNDARY
11250,518,BLANK,DV09-116,BOUNDARY
11251,519,PAGE_MARKER,DV09-116,BOUNDARY
11252,519,BOILERPLATE,DV09-116,BOUNDARY
11253,519,BOILERPLATE,DV09-116,BOUNDARY
11254,519,BLANK,DV09-116,BOUNDARY
11255,519,BOILERPLATE,DV09-116,BOUNDARY
11256,519,BOILERPLATE,DV09-116,BOUNDARY
11257,519,REVIEWED_TEXT,DV09-116,BOUNDARY
11258,519,REVIEWED_TEXT,DV09-116,BOUNDARY
11259,519,REVIEWED_TEXT,DV09-116,BOUNDARY
11260,519,BOILERPLATE,DV09-116,BOUNDARY
11261,519,REVIEWED_TEXT,DV09-116,BOUNDARY
11262,519,BOILERPLATE,DV09-116,BOUNDARY
11263,519,REVIEWED_TEXT,DV09-116,BOUNDARY
11264,519,BOILERPLATE,DV09-116,BOUNDARY
11265,519,REVIEWED_TEXT,DV09-116,BOUNDARY
11266,519,BOILERPLATE,DV09-116,BOUNDARY
11267,519,REVIEWED_TEXT,DV09-116,BOUNDARY
11268,519,BOILERPLATE,DV09-116,BOUNDARY
11269,519,REVIEWED_TEXT,DV09-116,BOUNDARY
11270,519,BOILERPLATE,DV09-116,BOUNDARY
11271,519,REVIEWED_TEXT,DV09-116,BOUNDARY
11272,519,BOILERPLATE,DV09-116,BOUNDARY
11273,519,REVIEWED_TEXT,DV09-116,BOUNDARY
11274,519,BLANK,DV09-116,BOUNDARY
11275,519,BLANK,DV09-116,BOUNDARY
11276,520,PAGE_MARKER,DV09-116,BOUNDARY
11277,520,BOILERPLATE,DV09-116,BOUNDARY
11278,520,BOILERPLATE,DV09-116,BOUNDARY
11279,520,BLANK,DV09-116,BOUNDARY
11280,520,BOILERPLATE,DV09-116,BOUNDARY
11281,520,BOILERPLATE,DV09-116,BOUNDARY
11282,520,REVIEWED_TEXT,DV09-116,BOUNDARY
11283,520,REVIEWED_TEXT,DV09-116,BOUNDARY
11284,520,BOILERPLATE,DV09-116,BOUNDARY
11285,520,REVIEWED_TEXT,DV09-116,BOUNDARY
11286,520,REVIEWED_TEXT,DV09-116,BOUNDARY
11287,520,BOILERPLATE,DV09-116,BOUNDARY
11288,520,REVIEWED_TEXT,DV09-116,BOUNDARY
11289,520,REVIEWED_TEXT,DV09-116,BOUNDARY
11290,520,REVIEWED_TEXT,DV09-116,BOUNDARY
11291,520,REVIEWED_TEXT,DV09-116,BOUNDARY
11292,520,REVIEWED_TEXT,DV09-116,BOUNDARY
11293,520,REVIEWED_TEXT,DV09-116,BOUNDARY
11294,520,REVIEWED_TEXT,DV09-116,BOUNDARY
11295,520,REVIEWED_TEXT,DV09-116,BOUNDARY
11296,520,REVIEWED_TEXT,DV09-116,BOUNDARY
11297,520,BLANK,DV09-116,BOUNDARY
11298,520,BLANK,DV09-116,BOUNDARY
11299,521,PAGE_MARKER,DV09-117,BOUNDARY
11300,521,BOILERPLATE,DV09-117,BOUNDARY
11301,521,BOILERPLATE,DV09-117,BOUNDARY
11302,521,BLANK,DV09-117,BOUNDARY
11303,521,BOILERPLATE,DV09-117,BOUNDARY
11304,521,BOILERPLATE,DV09-117,BOUNDARY
11305,521,BLANK,DV09-117,BOUNDARY
11306,522,PAGE_MARKER,DV09-117,BOUNDARY
11307,522,BOILERPLATE,DV09-117,BOUNDARY
11308,522,BOILERPLATE,DV09-117,BOUNDARY
11309,522,BLANK,DV09-117,BOUNDARY
11310,522,BOILERPLATE,DV09-117,BOUNDARY
11311,522,BOILERPLATE,DV09-117,BOUNDARY
11312,522,REVIEWED_TEXT,DV09-117,BOUNDARY
11313,522,REVIEWED_TEXT,DV09-117,BOUNDARY
11314,522,REVIEWED_TEXT,DV09-117,BOUNDARY
11315,522,REVIEWED_TEXT,DV09-117,BOUNDARY
11316,522,REVIEWED_TEXT,DV09-117,BOUNDARY
11317,522,REVIEWED_TEXT,DV09-117,BOUNDARY
11318,522,REVIEWED_TEXT,DV09-117,BOUNDARY
11319,522,REVIEWED_TEXT,DV09-117,BOUNDARY
11320,522,REVIEWED_TEXT,DV09-117,BOUNDARY
11321,522,REVIEWED_TEXT,DV09-117,BOUNDARY
11322,522,REVIEWED_TEXT,DV09-117,BOUNDARY
11323,522,REVIEWED_TEXT,DV09-117,BOUNDARY
11324,522,REVIEWED_TEXT,DV09-117,BOUNDARY
11325,522,BLANK,DV09-117,BOUNDARY
11326,522,BLANK,DV09-117,BOUNDARY
11327,523,PAGE_MARKER,DV09-117,BOUNDARY
11328,523,BOILERPLATE,DV09-117,BOUNDARY
11329,523,BOILERPLATE,DV09-117,BOUNDARY
11330,523,BLANK,DV09-117,BOUNDARY
11331,523,BOILERPLATE,DV09-117,BOUNDARY
11332,523,BOILERPLATE,DV09-117,BOUNDARY
11333,523,REVIEWED_TEXT,DV09-117,BOUNDARY
11334,523,REVIEWED_TEXT,DV09-117,BOUNDARY
11335,523,REVIEWED_TEXT,DV09-117,BOUNDARY
11336,523,BLANK,DV09-117,BOUNDARY
11337,523,REVIEWED_TEXT,DV09-117,BOUNDARY
11338,523,REVIEWED_TEXT,DV09-117,BOUNDARY
11339,523,REVIEWED_TEXT,DV09-117,BOUNDARY
11340,523,REVIEWED_TEXT,DV09-117,BOUNDARY
11341,523,REVIEWED_TEXT,DV09-117,BOUNDARY
11342,523,REVIEWED_TEXT,DV09-117,BOUNDARY
11343,523,REVIEWED_TEXT,DV09-117,BOUNDARY
11344,523,REVIEWED_TEXT,DV09-117,BOUNDARY
11345,523,REVIEWED_TEXT,DV09-117,BOUNDARY
11346,523,REVIEWED_TEXT,DV09-117,BOUNDARY
11347,523,REVIEWED_TEXT,DV09-117,BOUNDARY
11348,523,REVIEWED_TEXT,DV09-117,BOUNDARY
11349,523,REVIEWED_TEXT,DV09-117,BOUNDARY
11350,523,REVIEWED_TEXT,DV09-117,BOUNDARY
11351,523,REVIEWED_TEXT,DV09-117,BOUNDARY
11352,523,REVIEWED_TEXT,DV09-117,BOUNDARY
11353,523,BLANK,DV09-117,BOUNDARY
11354,524,PAGE_MARKER,DV09-118,BOUNDARY
11355,524,BOILERPLATE,DV09-118,BOUNDARY
11356,524,BOILERPLATE,DV09-118,BOUNDARY
11357,524,BLANK,DV09-118,BOUNDARY
11358,524,BOILERPLATE,DV09-118,BOUNDARY
11359,524,BOILERPLATE,DV09-118,BOUNDARY
11360,524,REVIEWED_TEXT,DV09-118,BOUNDARY
11361,524,REVIEWED_TEXT,DV09-118,BOUNDARY
11362,524,REVIEWED_TEXT,DV09-118,BOUNDARY
11363,524,REVIEWED_TEXT,DV09-118,BOUNDARY
11364,524,REVIEWED_TEXT,DV09-118,BOUNDARY
11365,524,REVIEWED_TEXT,DV09-118,BOUNDARY
11366,524,REVIEWED_TEXT,DV09-118,BOUNDARY
11367,524,REVIEWED_TEXT,DV09-118,BOUNDARY
11368,524,REVIEWED_TEXT,DV09-118,BOUNDARY
11369,524,REVIEWED_TEXT,DV09-118,BOUNDARY
11370,524,REVIEWED_TEXT,DV09-118,BOUNDARY
11371,524,REVIEWED_TEXT,DV09-118,BOUNDARY
11372,524,REVIEWED_TEXT,DV09-118,BOUNDARY
11373,524,BLANK,DV09-118,BOUNDARY
11374,524,BLANK,DV09-118,BOUNDARY
11375,525,PAGE_MARKER,DV09-118,BOUNDARY
11376,525,BOILERPLATE,DV09-118,BOUNDARY
11377,525,BOILERPLATE,DV09-118,BOUNDARY
11378,525,BLANK,DV09-118,BOUNDARY
11379,525,BOILERPLATE,DV09-118,BOUNDARY
11380,525,BOILERPLATE,DV09-118,BOUNDARY
11381,525,REVIEWED_TEXT,DV09-118,BOUNDARY
11382,525,REVIEWED_TEXT,DV09-118,BOUNDARY
11383,525,REVIEWED_TEXT,DV09-118,BOUNDARY
11384,525,BLANK,DV09-118,BOUNDARY
11385,525,BLANK,DV09-118,BOUNDARY
11386,525,BLANK,DV09-118,BOUNDARY
11387,525,BLANK,DV09-118,BOUNDARY
11388,525,BLANK,DV09-118,BOUNDARY
11389,525,BLANK,DV09-118,BOUNDARY
11390,525,BLANK,DV09-118,BOUNDARY
11391,525,REVIEWED_TEXT,DV09-118,BOUNDARY
11392,525,REVIEWED_TEXT,DV09-118,BOUNDARY
11393,525,REVIEWED_TEXT,DV09-118,BOUNDARY
11394,525,REVIEWED_TEXT,DV09-118,BOUNDARY
11395,525,REVIEWED_TEXT,DV09-118,BOUNDARY
11396,525,REVIEWED_TEXT,DV09-118,BOUNDARY
11397,525,BLANK,DV09-118,BOUNDARY
11398,525,REVIEWED_TEXT,DV09-118,BOUNDARY
11399,525,REVIEWED_TEXT,DV09-118,BOUNDARY
11400,525,REVIEWED_TEXT,DV09-118,BOUNDARY
11401,525,REVIEWED_TEXT,DV09-118,BOUNDARY
11402,525,REVIEWED_TEXT,DV09-118,BOUNDARY
11403,525,REVIEWED_TEXT,DV09-118,BOUNDARY
11404,525,REVIEWED_TEXT,DV09-118,BOUNDARY
11405,525,REVIEWED_TEXT,DV09-118,BOUNDARY
11406,525,REVIEWED_TEXT,DV09-118,BOUNDARY
11407,525,REVIEWED_TEXT,DV09-118,BOUNDARY
11408,525,REVIEWED_TEXT,DV09-118,BOUNDARY
11409,525,REVIEWED_TEXT,DV09-118,BOUNDARY
11410,525,REVIEWED_TEXT,DV09-118,BOUNDARY
11411,525,REVIEWED_TEXT,DV09-118,BOUNDARY
11412,525,BLANK,DV09-118,BOUNDARY
11413,526,PAGE_MARKER,DV09-118,BOUNDARY
11414,526,BOILERPLATE,DV09-118,BOUNDARY
11415,526,BOILERPLATE,DV09-118,BOUNDARY
11416,526,BLANK,DV09-118,BOUNDARY
11417,526,BOILERPLATE,DV09-118,BOUNDARY
11418,526,BOILERPLATE,DV09-118,BOUNDARY
11419,526,REVIEWED_TEXT,DV09-118,BOUNDARY
11420,526,REVIEWED_TEXT,DV09-118,BOUNDARY
11421,526,BLANK,DV09-118,BOUNDARY
11422,526,REVIEWED_TEXT,DV09-118,BOUNDARY
11423,526,REVIEWED_TEXT,DV09-118,BOUNDARY
11424,526,REVIEWED_TEXT,DV09-118,BOUNDARY
11425,526,REVIEWED_TEXT,DV09-118,BOUNDARY
11426,526,REVIEWED_TEXT,DV09-118,BOUNDARY
11427,526,REVIEWED_TEXT,DV09-118,BOUNDARY
11428,526,REVIEWED_TEXT,DV09-118,BOUNDARY
11429,526,REVIEWED_TEXT,DV09-118,BOUNDARY
11430,526,BLANK,DV09-118,BOUNDARY
11431,527,PAGE_MARKER,DV09-118,BOUNDARY
11432,527,BOILERPLATE,DV09-118,BOUNDARY
11433,527,BOILERPLATE,DV09-118,BOUNDARY
11434,527,BLANK,DV09-118,BOUNDARY
11435,527,BOILERPLATE,DV09-118,BOUNDARY
11436,527,BOILERPLATE,DV09-118,BOUNDARY
11437,527,BLANK,DV09-118,BOUNDARY
11438,528,PAGE_MARKER,DV09-119,BOUNDARY
11439,528,BOILERPLATE,DV09-119,BOUNDARY
11440,528,BOILERPLATE,DV09-119,BOUNDARY
11441,528,BLANK,DV09-119,BOUNDARY
11442,528,BOILERPLATE,DV09-119,BOUNDARY
11443,528,BOILERPLATE,DV09-119,BOUNDARY
11444,528,REVIEWED_TEXT,DV09-119,BOUNDARY
11445,528,REVIEWED_TEXT,DV09-119,BOUNDARY
11446,528,REVIEWED_TEXT,DV09-119,BOUNDARY
11447,528,REVIEWED_TEXT,DV09-119,BOUNDARY
11448,528,REVIEWED_TEXT,DV09-119,BOUNDARY
11449,528,REVIEWED_TEXT,DV09-119,BOUNDARY
11450,528,REVIEWED_TEXT,DV09-119,BOUNDARY
11451,528,REVIEWED_TEXT,DV09-119,BOUNDARY
11452,528,REVIEWED_TEXT,DV09-119,BOUNDARY
11453,528,REVIEWED_TEXT,DV09-119,BOUNDARY
11454,528,REVIEWED_TEXT,DV09-119,BOUNDARY
11455,528,REVIEWED_TEXT,DV09-119,BOUNDARY
11456,528,REVIEWED_TEXT,DV09-119,BOUNDARY
11457,528,BLANK,DV09-119,BOUNDARY
11458,528,BLANK,DV09-119,BOUNDARY
11459,529,PAGE_MARKER,DV09-119,BOUNDARY
11460,529,BOILERPLATE,DV09-119,BOUNDARY
11461,529,BOILERPLATE,DV09-119,BOUNDARY
11462,529,BLANK,DV09-119,BOUNDARY
11463,529,BOILERPLATE,DV09-119,BOUNDARY
11464,529,BOILERPLATE,DV09-119,BOUNDARY
11465,529,REVIEWED_TEXT,DV09-119,BOUNDARY
11466,529,REVIEWED_TEXT,DV09-119,BOUNDARY
11467,529,BLANK,DV09-119,BOUNDARY
11468,529,REVIEWED_TEXT,DV09-119,BOUNDARY
11469,529,REVIEWED_TEXT,DV09-119,BOUNDARY
11470,529,REVIEWED_TEXT,DV09-119,BOUNDARY
11471,529,REVIEWED_TEXT,DV09-119,BOUNDARY
11472,529,REVIEWED_TEXT,DV09-119,BOUNDARY
11473,529,REVIEWED_TEXT,DV09-119,BOUNDARY
11474,529,REVIEWED_TEXT,DV09-119,BOUNDARY
11475,529,REVIEWED_TEXT,DV09-119,BOUNDARY
11476,529,REVIEWED_TEXT,DV09-119,BOUNDARY
11477,529,REVIEWED_TEXT,DV09-119,BOUNDARY
11478,529,REVIEWED_TEXT,DV09-119,BOUNDARY
11479,529,REVIEWED_TEXT,DV09-119,BOUNDARY
11480,529,REVIEWED_TEXT,DV09-119,BOUNDARY
11481,529,BLANK,DV09-119,BOUNDARY
11482,530,PAGE_MARKER,DV09-120,BOUNDARY
11483,530,BOILERPLATE,DV09-120,BOUNDARY
11484,530,BOILERPLATE,DV09-120,BOUNDARY
11485,530,BLANK,DV09-120,BOUNDARY
11486,530,BOILERPLATE,DV09-120,BOUNDARY
11487,530,BOILERPLATE,DV09-120,BOUNDARY
11488,530,REVIEWED_TEXT,DV09-120,BOUNDARY
11489,530,REVIEWED_TEXT,DV09-120,BOUNDARY
11490,530,REVIEWED_TEXT,DV09-120,BOUNDARY
11491,530,REVIEWED_TEXT,DV09-120,BOUNDARY
11492,530,REVIEWED_TEXT,DV09-120,BOUNDARY
11493,530,REVIEWED_TEXT,DV09-120,BOUNDARY
11494,530,REVIEWED_TEXT,DV09-120,BOUNDARY
11495,530,REVIEWED_TEXT,DV09-120,BOUNDARY
11496,530,REVIEWED_TEXT,DV09-120,BOUNDARY
11497,530,REVIEWED_TEXT,DV09-120,BOUNDARY
11498,530,REVIEWED_TEXT,DV09-120,BOUNDARY
11499,530,REVIEWED_TEXT,DV09-120,BOUNDARY
11500,530,REVIEWED_TEXT,DV09-120,BOUNDARY
11501,530,REVIEWED_TEXT,DV09-120,BOUNDARY
11502,530,REVIEWED_TEXT,DV09-120,BOUNDARY
11503,530,REVIEWED_TEXT,DV09-120,BOUNDARY
11504,530,REVIEWED_TEXT,DV09-120,BOUNDARY
11505,530,REVIEWED_TEXT,DV09-120,BOUNDARY
11506,530,REVIEWED_TEXT,DV09-120,BOUNDARY
11507,530,BLANK,DV09-120,BOUNDARY
11508,530,BLANK,DV09-120,BOUNDARY
11509,531,PAGE_MARKER,DV09-120,BOUNDARY
11510,531,BOILERPLATE,DV09-120,BOUNDARY
11511,531,BOILERPLATE,DV09-120,BOUNDARY
11512,531,BLANK,DV09-120,BOUNDARY
11513,531,BOILERPLATE,DV09-120,BOUNDARY
11514,531,BOILERPLATE,DV09-120,BOUNDARY
11515,531,REVIEWED_TEXT,DV09-120,BOUNDARY
11516,531,REVIEWED_TEXT,DV09-120,BOUNDARY
11517,531,BLANK,DV09-120,BOUNDARY
11518,531,REVIEWED_TEXT,DV09-120,BOUNDARY
11519,531,REVIEWED_TEXT,DV09-120,BOUNDARY
11520,531,REVIEWED_TEXT,DV09-120,BOUNDARY
11521,531,REVIEWED_TEXT,DV09-120,BOUNDARY
11522,531,REVIEWED_TEXT,DV09-120,BOUNDARY
11523,531,REVIEWED_TEXT,DV09-120,BOUNDARY
11524,531,REVIEWED_TEXT,DV09-120,BOUNDARY
11525,531,REVIEWED_TEXT,DV09-120,BOUNDARY
11526,531,REVIEWED_TEXT,DV09-120,BOUNDARY
11527,531,REVIEWED_TEXT,DV09-120,BOUNDARY
11528,531,BLANK,DV09-120,BOUNDARY
11529,532,PAGE_MARKER,DV09-120,BOUNDARY
11530,532,BOILERPLATE,DV09-120,BOUNDARY
11531,532,BOILERPLATE,DV09-120,BOUNDARY
11532,532,BLANK,DV09-120,BOUNDARY
11533,532,BOILERPLATE,DV09-120,BOUNDARY
11534,532,BOILERPLATE,DV09-120,BOUNDARY
11535,532,REVIEWED_TEXT,DV09-120,BOUNDARY
11536,532,REVIEWED_TEXT,DV09-120,BOUNDARY
11537,532,BLANK,DV09-120,BOUNDARY
11538,533,PAGE_MARKER,DV09-120,BOUNDARY
11539,533,BOILERPLATE,DV09-120,BOUNDARY
11540,533,BOILERPLATE,DV09-120,BOUNDARY
11541,533,BLANK,DV09-120,BOUNDARY
11542,533,BOILERPLATE,DV09-120,BOUNDARY
11543,533,BOILERPLATE,DV09-120,BOUNDARY
11544,533,REVIEWED_TEXT,DV09-120,BOUNDARY
11545,533,REVIEWED_TEXT,DV09-120,BOUNDARY
11546,533,BLANK,DV09-120,BOUNDARY
11547,534,PAGE_MARKER,DV09-120,BOUNDARY
11548,534,BOILERPLATE,DV09-120,BOUNDARY
11549,534,BOILERPLATE,DV09-120,BOUNDARY
11550,534,BLANK,DV09-120,BOUNDARY
11551,534,BOILERPLATE,DV09-120,BOUNDARY
11552,534,BOILERPLATE,DV09-120,BOUNDARY
11553,534,REVIEWED_TEXT,DV09-120,BOUNDARY
11554,534,REVIEWED_TEXT,DV09-120,BOUNDARY
11555,534,BOILERPLATE,DV09-120,BOUNDARY
11556,534,REVIEWED_TEXT,DV09-120,BOUNDARY
11557,534,BOILERPLATE,DV09-120,BOUNDARY
11558,534,REVIEWED_TEXT,DV09-120,BOUNDARY
11559,534,BOILERPLATE,DV09-120,BOUNDARY
11560,534,REVIEWED_TEXT,DV09-120,BOUNDARY
11561,534,BOILERPLATE,DV09-120,BOUNDARY
11562,534,REVIEWED_TEXT,DV09-120,BOUNDARY
11563,534,BLANK,DV09-120,BOUNDARY
11564,535,PAGE_MARKER,DV09-121,VERIFIED_SUBSET
11565,535,BLANK,DV09-121,VERIFIED_SUBSET
11566,535,BLANK,DV09-121,VERIFIED_SUBSET
11567,535,BLANK,DV09-121,VERIFIED_SUBSET
11568,535,BLANK,DV09-121,VERIFIED_SUBSET
11569,535,BLANK,DV09-121,VERIFIED_SUBSET
11570,535,BOILERPLATE,DV09-121,VERIFIED_SUBSET
11571,535,BOILERPLATE,DV09-121,VERIFIED_SUBSET
11572,535,REVIEWED_TEXT,DV09-121,VERIFIED_SUBSET
11573,535,REVIEWED_TEXT,DV09-121,VERIFIED_SUBSET
11574,535,BLANK,DV09-121,VERIFIED_SUBSET
11575,536,PAGE_MARKER,DV09-121,VERIFIED_SUBSET
11576,536,BOILERPLATE,DV09-121,VERIFIED_SUBSET
11577,536,BOILERPLATE,DV09-121,VERIFIED_SUBSET
11578,536,BLANK,DV09-121,VERIFIED_SUBSET
11579,536,BOILERPLATE,DV09-121,VERIFIED_SUBSET
11580,536,BOILERPLATE,DV09-121,VERIFIED_SUBSET
11581,536,BLANK,DV09-121,VERIFIED_SUBSET
11582,537,PAGE_MARKER,DV09-121,VERIFIED_SUBSET
11583,537,BOILERPLATE,DV09-121,VERIFIED_SUBSET
11584,537,BOILERPLATE,DV09-121,VERIFIED_SUBSET
11585,537,BLANK,DV09-121,VERIFIED_SUBSET
11586,537,BOILERPLATE,DV09-121,VERIFIED_SUBSET
11587,537,BOILERPLATE,DV09-121,VERIFIED_SUBSET
11588,537,REVIEWED_TEXT,DV09-121,VERIFIED_SUBSET
11589,537,REVIEWED_TEXT,DV09-121,VERIFIED_SUBSET
11590,537,BOILERPLATE,DV09-121,VERIFIED_SUBSET
11591,537,REVIEWED_TEXT,DV09-121,VERIFIED_SUBSET
11592,537,BOILERPLATE,DV09-121,VERIFIED_SUBSET
11593,537,REVIEWED_TEXT,DV09-121,VERIFIED_SUBSET
11594,537,BOILERPLATE,DV09-121,VERIFIED_SUBSET
11595,537,REVIEWED_TEXT,DV09-121,VERIFIED_SUBSET
11596,537,BLANK,DV09-121,VERIFIED_SUBSET
11597,537,BLANK,DV09-121,VERIFIED_SUBSET
11598,538,PAGE_MARKER,DV09-121,VERIFIED_SUBSET
11599,538,BOILERPLATE,DV09-121,VERIFIED_SUBSET
11600,538,BOILERPLATE,DV09-121,VERIFIED_SUBSET
11601,538,BLANK,DV09-121,VERIFIED_SUBSET
11602,538,BOILERPLATE,DV09-121,VERIFIED_SUBSET
11603,538,BOILERPLATE,DV09-121,VERIFIED_SUBSET
11604,538,REVIEWED_TEXT,DV09-121,VERIFIED_SUBSET
11605,538,BLANK,DV09-121,VERIFIED_SUBSET
11606,539,PAGE_MARKER,DV09-121,VERIFIED_SUBSET
11607,539,BOILERPLATE,DV09-121,VERIFIED_SUBSET
11608,539,BOILERPLATE,DV09-121,VERIFIED_SUBSET
11609,539,BLANK,DV09-121,VERIFIED_SUBSET
11610,539,BOILERPLATE,DV09-121,VERIFIED_SUBSET
11611,539,BOILERPLATE,DV09-121,VERIFIED_SUBSET
11612,539,REVIEWED_TEXT,DV09-121,VERIFIED_SUBSET
11613,539,REVIEWED_TEXT,DV09-121,VERIFIED_SUBSET
11614,539,REVIEWED_TEXT,DV09-121,VERIFIED_SUBSET
11615,539,REVIEWED_TEXT,DV09-121,VERIFIED_SUBSET
11616,539,REVIEWED_TEXT,DV09-121,VERIFIED_SUBSET
11617,539,REVIEWED_TEXT,DV09-121,VERIFIED_SUBSET
11618,539,REVIEWED_TEXT,DV09-121,VERIFIED_SUBSET
11619,539,REVIEWED_TEXT,DV09-121,VERIFIED_SUBSET
11620,539,REVIEWED_TEXT,DV09-121,VERIFIED_SUBSET
11621,539,BLANK,DV09-121,VERIFIED_SUBSET
11622,540,PAGE_MARKER,DV09-121,VERIFIED_SUBSET
11623,540,BOILERPLATE,DV09-121,VERIFIED_SUBSET
11624,540,BOILERPLATE,DV09-121,VERIFIED_SUBSET
11625,540,BLANK,DV09-121,VERIFIED_SUBSET
11626,540,BOILERPLATE,DV09-121,VERIFIED_SUBSET
11627,540,BOILERPLATE,DV09-121,VERIFIED_SUBSET
11628,540,REVIEWED_TEXT,DV09-121,VERIFIED_SUBSET
11629,540,REVIEWED_TEXT,DV09-121,VERIFIED_SUBSET
11630,540,REVIEWED_TEXT,DV09-121,VERIFIED_SUBSET
11631,540,REVIEWED_TEXT,DV09-121,VERIFIED_SUBSET
11632,540,REVIEWED_TEXT,DV09-121,VERIFIED_SUBSET
11633,540,REVIEWED_TEXT,DV09-121,VERIFIED_SUBSET
11634,540,BOILERPLATE,DV09-121,VERIFIED_SUBSET
11635,540,REVIEWED_TEXT,DV09-121,VERIFIED_SUBSET
11636,540,BOILERPLATE,DV09-121,VERIFIED_SUBSET
11637,540,REVIEWED_TEXT,DV09-121,VERIFIED_SUBSET
11638,540,BOILERPLATE,DV09-121,VERIFIED_SUBSET
11639,540,REVIEWED_TEXT,DV09-121,VERIFIED_SUBSET
11640,540,BLANK,DV09-121,VERIFIED_SUBSET
11641,540,BLANK,DV09-121,VERIFIED_SUBSET
11642,541,PAGE_MARKER,DV09-121,VERIFIED_SUBSET
11643,541,BOILERPLATE,DV09-121,VERIFIED_SUBSET
11644,541,BOILERPLATE,DV09-121,VERIFIED_SUBSET
11645,541,BLANK,DV09-121,VERIFIED_SUBSET
11646,541,BOILERPLATE,DV09-121,VERIFIED_SUBSET
11647,541,BOILERPLATE,DV09-121,VERIFIED_SUBSET
11648,541,BLANK,DV09-121,VERIFIED_SUBSET
11649,542,PAGE_MARKER,DV09-121,VERIFIED_SUBSET
11650,542,BOILERPLATE,DV09-121,VERIFIED_SUBSET
11651,542,BOILERPLATE,DV09-121,VERIFIED_SUBSET
11652,542,BLANK,DV09-121,VERIFIED_SUBSET
11653,542,BOILERPLATE,DV09-121,VERIFIED_SUBSET
11654,542,BOILERPLATE,DV09-121,VERIFIED_SUBSET
11655,542,REVIEWED_TEXT,DV09-121,VERIFIED_SUBSET
11656,542,BLANK,DV09-121,VERIFIED_SUBSET
11657,542,BLANK,DV09-121,VERIFIED_SUBSET
11658,543,PAGE_MARKER,DV09-121,VERIFIED_SUBSET
11659,543,BOILERPLATE,DV09-121,VERIFIED_SUBSET
11660,543,BOILERPLATE,DV09-121,VERIFIED_SUBSET
11661,543,BLANK,DV09-121,VERIFIED_SUBSET
11662,543,BOILERPLATE,DV09-121,VERIFIED_SUBSET
11663,543,BOILERPLATE,DV09-121,VERIFIED_SUBSET
11664,543,REVIEWED_TEXT,DV09-121,VERIFIED_SUBSET
11665,543,REVIEWED_TEXT,DV09-121,VERIFIED_SUBSET
11666,543,REVIEWED_TEXT,DV09-121,VERIFIED_SUBSET
11667,543,REVIEWED_TEXT,DV09-121,VERIFIED_SUBSET
11668,543,REVIEWED_TEXT,DV09-121,VERIFIED_SUBSET
11669,543,REVIEWED_TEXT,DV09-121,VERIFIED_SUBSET
11670,543,REVIEWED_TEXT,DV09-121,VERIFIED_SUBSET
11671,543,BLANK,DV09-121,VERIFIED_SUBSET
11672,543,BLANK,DV09-121,VERIFIED_SUBSET
11673,544,PAGE_MARKER,DV09-122,VERIFIED_SUBSET
11674,544,BOILERPLATE,DV09-122,VERIFIED_SUBSET
11675,544,BOILERPLATE,DV09-122,VERIFIED_SUBSET
11676,544,BLANK,DV09-122,VERIFIED_SUBSET
11677,544,BOILERPLATE,DV09-122,VERIFIED_SUBSET
11678,544,BOILERPLATE,DV09-122,VERIFIED_SUBSET
11679,544,REVIEWED_TEXT,DV09-122,VERIFIED_SUBSET
11680,544,BLANK,DV09-122,VERIFIED_SUBSET
11681,545,PAGE_MARKER,DV09-122,VERIFIED_SUBSET
11682,545,BOILERPLATE,DV09-122,VERIFIED_SUBSET
11683,545,BOILERPLATE,DV09-122,VERIFIED_SUBSET
11684,545,BLANK,DV09-122,VERIFIED_SUBSET
11685,545,BOILERPLATE,DV09-122,VERIFIED_SUBSET
11686,545,BOILERPLATE,DV09-122,VERIFIED_SUBSET
11687,545,REVIEWED_TEXT,DV09-122,VERIFIED_SUBSET
11688,545,REVIEWED_TEXT,DV09-122,VERIFIED_SUBSET
11689,545,REVIEWED_TEXT,DV09-122,VERIFIED_SUBSET
11690,545,BOILERPLATE,DV09-122,VERIFIED_SUBSET
11691,545,REVIEWED_TEXT,DV09-122,VERIFIED_SUBSET
11692,545,REVIEWED_TEXT,DV09-122,VERIFIED_SUBSET
11693,545,REVIEWED_TEXT,DV09-122,VERIFIED_SUBSET
11694,545,BOILERPLATE,DV09-122,VERIFIED_SUBSET
11695,545,REVIEWED_TEXT,DV09-122,VERIFIED_SUBSET
11696,545,BOILERPLATE,DV09-122,VERIFIED_SUBSET
11697,545,REVIEWED_TEXT,DV09-122,VERIFIED_SUBSET
11698,545,REVIEWED_TEXT,DV09-122,VERIFIED_SUBSET
11699,545,BOILERPLATE,DV09-122,VERIFIED_SUBSET
11700,545,REVIEWED_TEXT,DV09-122,VERIFIED_SUBSET
11701,545,REVIEWED_TEXT,DV09-122,VERIFIED_SUBSET
11702,545,REVIEWED_TEXT,DV09-122,VERIFIED_SUBSET
11703,545,BLANK,DV09-122,VERIFIED_SUBSET
11704,546,PAGE_MARKER,DV09-122,VERIFIED_SUBSET
11705,546,BOILERPLATE,DV09-122,VERIFIED_SUBSET
11706,546,BOILERPLATE,DV09-122,VERIFIED_SUBSET
11707,546,BLANK,DV09-122,VERIFIED_SUBSET
11708,546,BOILERPLATE,DV09-122,VERIFIED_SUBSET
11709,546,BOILERPLATE,DV09-122,VERIFIED_SUBSET
11710,546,REVIEWED_TEXT,DV09-122,VERIFIED_SUBSET
11711,546,REVIEWED_TEXT,DV09-122,VERIFIED_SUBSET
11712,546,REVIEWED_TEXT,DV09-122,VERIFIED_SUBSET
11713,546,REVIEWED_TEXT,DV09-122,VERIFIED_SUBSET
11714,546,BOILERPLATE,DV09-122,VERIFIED_SUBSET
11715,546,REVIEWED_TEXT,DV09-122,VERIFIED_SUBSET
11716,546,BOILERPLATE,DV09-122,VERIFIED_SUBSET
11717,546,REVIEWED_TEXT,DV09-122,VERIFIED_SUBSET
11718,546,BOILERPLATE,DV09-122,VERIFIED_SUBSET
11719,546,REVIEWED_TEXT,DV09-122,VERIFIED_SUBSET
11720,546,BLANK,DV09-122,VERIFIED_SUBSET
11721,546,BLANK,DV09-122,VERIFIED_SUBSET
11722,547,PAGE_MARKER,DV09-122,VERIFIED_SUBSET
11723,547,BOILERPLATE,DV09-122,VERIFIED_SUBSET
11724,547,BOILERPLATE,DV09-122,VERIFIED_SUBSET
11725,547,BLANK,DV09-122,VERIFIED_SUBSET
11726,547,BOILERPLATE,DV09-122,VERIFIED_SUBSET
11727,547,BOILERPLATE,DV09-122,VERIFIED_SUBSET
11728,547,BLANK,DV09-122,VERIFIED_SUBSET
11729,548,PAGE_MARKER,DV09-122,VERIFIED_SUBSET
11730,548,BOILERPLATE,DV09-122,VERIFIED_SUBSET
11731,548,BOILERPLATE,DV09-122,VERIFIED_SUBSET
11732,548,BLANK,DV09-122,VERIFIED_SUBSET
11733,548,BOILERPLATE,DV09-122,VERIFIED_SUBSET
11734,548,BOILERPLATE,DV09-122,VERIFIED_SUBSET
11735,548,REVIEWED_TEXT,DV09-122,VERIFIED_SUBSET
11736,548,BLANK,DV09-122,VERIFIED_SUBSET
11737,548,BLANK,DV09-122,VERIFIED_SUBSET
11738,548,BLANK,DV09-122,VERIFIED_SUBSET
11739,549,PAGE_MARKER,DV09-122,VERIFIED_SUBSET
11740,549,BOILERPLATE,DV09-122,VERIFIED_SUBSET
11741,549,BOILERPLATE,DV09-122,VERIFIED_SUBSET
11742,549,BLANK,DV09-122,VERIFIED_SUBSET
11743,549,BOILERPLATE,DV09-122,VERIFIED_SUBSET
11744,549,BOILERPLATE,DV09-122,VERIFIED_SUBSET
11745,549,REVIEWED_TEXT,DV09-122,VERIFIED_SUBSET
11746,549,REVIEWED_TEXT,DV09-122,VERIFIED_SUBSET
11747,549,REVIEWED_TEXT,DV09-122,VERIFIED_SUBSET
11748,549,REVIEWED_TEXT,DV09-122,VERIFIED_SUBSET
11749,549,REVIEWED_TEXT,DV09-122,VERIFIED_SUBSET
11750,549,BLANK,DV09-122,VERIFIED_SUBSET
11751,549,BLANK,DV09-122,VERIFIED_SUBSET
11752,550,PAGE_MARKER,DV09-123,VERIFIED_SUBSET
11753,550,BOILERPLATE,DV09-123,VERIFIED_SUBSET
11754,550,BOILERPLATE,DV09-123,VERIFIED_SUBSET
11755,550,BLANK,DV09-123,VERIFIED_SUBSET
11756,550,BOILERPLATE,DV09-123,VERIFIED_SUBSET
11757,550,BOILERPLATE,DV09-123,VERIFIED_SUBSET
11758,550,REVIEWED_TEXT,DV09-123,VERIFIED_SUBSET
11759,550,REVIEWED_TEXT,DV09-123,VERIFIED_SUBSET
11760,550,REVIEWED_TEXT,DV09-123,VERIFIED_SUBSET
11761,550,BLANK,DV09-123,VERIFIED_SUBSET
11762,550,BLANK,DV09-123,VERIFIED_SUBSET
11763,551,PAGE_MARKER,DV09-123,VERIFIED_SUBSET
11764,551,BOILERPLATE,DV09-123,VERIFIED_SUBSET
11765,551,BOILERPLATE,DV09-123,VERIFIED_SUBSET
11766,551,BLANK,DV09-123,VERIFIED_SUBSET
11767,551,BOILERPLATE,DV09-123,VERIFIED_SUBSET
11768,551,BOILERPLATE,DV09-123,VERIFIED_SUBSET
11769,551,REVIEWED_TEXT,DV09-123,VERIFIED_SUBSET
11770,551,REVIEWED_TEXT,DV09-123,VERIFIED_SUBSET
11771,551,REVIEWED_TEXT,DV09-123,VERIFIED_SUBSET
11772,551,BLANK,DV09-123,VERIFIED_SUBSET
11773,551,BLANK,DV09-123,VERIFIED_SUBSET
11774,551,BLANK,DV09-123,VERIFIED_SUBSET
11775,552,PAGE_MARKER,DV09-123,VERIFIED_SUBSET
11776,552,BOILERPLATE,DV09-123,VERIFIED_SUBSET
11777,552,BOILERPLATE,DV09-123,VERIFIED_SUBSET
11778,552,BLANK,DV09-123,VERIFIED_SUBSET
11779,552,BOILERPLATE,DV09-123,VERIFIED_SUBSET
11780,552,BOILERPLATE,DV09-123,VERIFIED_SUBSET
11781,552,REVIEWED_TEXT,DV09-123,VERIFIED_SUBSET
11782,552,REVIEWED_TEXT,DV09-123,VERIFIED_SUBSET
11783,552,REVIEWED_TEXT,DV09-123,VERIFIED_SUBSET
11784,552,REVIEWED_TEXT,DV09-123,VERIFIED_SUBSET
11785,552,REVIEWED_TEXT,DV09-123,VERIFIED_SUBSET
11786,552,REVIEWED_TEXT,DV09-123,VERIFIED_SUBSET
11787,552,BLANK,DV09-123,VERIFIED_SUBSET
11788,552,REVIEWED_TEXT,DV09-123,VERIFIED_SUBSET
11789,552,BLANK,DV09-123,VERIFIED_SUBSET
11790,552,BLANK,DV09-123,VERIFIED_SUBSET
11791,552,BLANK,DV09-123,VERIFIED_SUBSET
11792,553,PAGE_MARKER,DV09-123,VERIFIED_SUBSET
11793,553,BOILERPLATE,DV09-123,VERIFIED_SUBSET
11794,553,BOILERPLATE,DV09-123,VERIFIED_SUBSET
11795,553,BLANK,DV09-123,VERIFIED_SUBSET
11796,553,BOILERPLATE,DV09-123,VERIFIED_SUBSET
11797,553,BOILERPLATE,DV09-123,VERIFIED_SUBSET
11798,553,REVIEWED_TEXT,DV09-123,VERIFIED_SUBSET
11799,553,REVIEWED_TEXT,DV09-123,VERIFIED_SUBSET
11800,553,REVIEWED_TEXT,DV09-123,VERIFIED_SUBSET
11801,553,REVIEWED_TEXT,DV09-123,VERIFIED_SUBSET
11802,553,REVIEWED_TEXT,DV09-123,VERIFIED_SUBSET
11803,553,REVIEWED_TEXT,DV09-123,VERIFIED_SUBSET
11804,553,REVIEWED_TEXT,DV09-123,VERIFIED_SUBSET
11805,553,REVIEWED_TEXT,DV09-123,VERIFIED_SUBSET
11806,553,REVIEWED_TEXT,DV09-123,VERIFIED_SUBSET
11807,553,REVIEWED_TEXT,DV09-123,VERIFIED_SUBSET
11808,553,REVIEWED_TEXT,DV09-123,VERIFIED_SUBSET
11809,553,REVIEWED_TEXT,DV09-123,VERIFIED_SUBSET
11810,553,REVIEWED_TEXT,DV09-123,VERIFIED_SUBSET
11811,553,REVIEWED_TEXT,DV09-123,VERIFIED_SUBSET
11812,553,REVIEWED_TEXT,DV09-123,VERIFIED_SUBSET
11813,553,REVIEWED_TEXT,DV09-123,VERIFIED_SUBSET
11814,553,BLANK,DV09-123,VERIFIED_SUBSET
11815,553,BLANK,DV09-123,VERIFIED_SUBSET
11816,553,BLANK,DV09-123,VERIFIED_SUBSET
11817,553,BLANK,DV09-123,VERIFIED_SUBSET
11818,554,PAGE_MARKER,DV09-124,MISSING
11819,554,BOILERPLATE,DV09-124,MISSING
11820,554,BOILERPLATE,DV09-124,MISSING
11821,554,BLANK,DV09-124,MISSING
11822,554,BOILERPLATE,DV09-124,MISSING
11823,554,BOILERPLATE,DV09-124,MISSING
11824,554,REVIEWED_TEXT,DV09-124,MISSING
11825,554,REVIEWED_TEXT,DV09-124,MISSING
11826,554,REVIEWED_TEXT,DV09-124,MISSING
11827,554,REVIEWED_TEXT,DV09-124,MISSING
11828,554,REVIEWED_TEXT,DV09-124,MISSING
11829,554,REVIEWED_TEXT,DV09-124,MISSING
11830,554,BLANK,DV09-124,MISSING
11831,554,BLANK,DV09-124,MISSING
11832,554,REVIEWED_TEXT,DV09-124,MISSING
11833,554,BLANK,DV09-124,MISSING
11834,555,PAGE_MARKER,DV09-124,MISSING
11835,555,BOILERPLATE,DV09-124,MISSING
11836,555,BOILERPLATE,DV09-124,MISSING
11837,555,BLANK,DV09-124,MISSING
11838,555,BOILERPLATE,DV09-124,MISSING
11839,555,BOILERPLATE,DV09-124,MISSING
11840,555,REVIEWED_TEXT,DV09-124,MISSING
11841,555,REVIEWED_TEXT,DV09-124,MISSING
11842,555,REVIEWED_TEXT,DV09-124,MISSING
11843,555,REVIEWED_TEXT,DV09-124,MISSING
11844,555,BLANK,DV09-124,MISSING
11845,555,BLANK,DV09-124,MISSING
11846,555,BLANK,DV09-124,MISSING
11847,555,REVIEWED_TEXT,DV09-124,MISSING
11848,555,BLANK,DV09-124,MISSING
11849,556,PAGE_MARKER,DV09-124,MISSING
11850,556,BOILERPLATE,DV09-124,MISSING
11851,556,BOILERPLATE,DV09-124,MISSING
11852,556,BLANK,DV09-124,MISSING
11853,556,BOILERPLATE,DV09-124,MISSING
11854,556,BOILERPLATE,DV09-124,MISSING
11855,556,REVIEWED_TEXT,DV09-124,MISSING
11856,556,REVIEWED_TEXT,DV09-124,MISSING
11857,556,REVIEWED_TEXT,DV09-124,MISSING
11858,556,REVIEWED_TEXT,DV09-124,MISSING
11859,556,BLANK,DV09-124,MISSING
11860,556,REVIEWED_TEXT,DV09-124,MISSING
11861,556,BLANK,DV09-124,MISSING
11862,557,PAGE_MARKER,DV09-124,MISSING
11863,557,BOILERPLATE,DV09-124,MISSING
11864,557,BOILERPLATE,DV09-124,MISSING
11865,557,BLANK,DV09-124,MISSING
11866,557,BOILERPLATE,DV09-124,MISSING
11867,557,BOILERPLATE,DV09-124,MISSING
11868,557,REVIEWED_TEXT,DV09-124,MISSING
11869,557,REVIEWED_TEXT,DV09-124,MISSING
11870,557,REVIEWED_TEXT,DV09-124,MISSING
11871,557,BLANK,DV09-124,MISSING
11872,557,BLANK,DV09-124,MISSING
11873,557,BLANK,DV09-124,MISSING
11874,557,BLANK,DV09-124,MISSING
11875,557,REVIEWED_TEXT,DV09-124,MISSING
11876,557,BLANK,DV09-124,MISSING
11877,558,PAGE_MARKER,DV09-124,MISSING
11878,558,BOILERPLATE,DV09-124,MISSING
11879,558,BOILERPLATE,DV09-124,MISSING
11880,558,BLANK,DV09-124,MISSING
11881,558,BOILERPLATE,DV09-124,MISSING
11882,558,BOILERPLATE,DV09-124,MISSING
11883,558,REVIEWED_TEXT,DV09-124,MISSING
11884,558,REVIEWED_TEXT,DV09-124,MISSING
11885,558,REVIEWED_TEXT,DV09-124,MISSING
11886,558,BLANK,DV09-124,MISSING
11887,558,REVIEWED_TEXT,DV09-124,MISSING
11888,558,BLANK,DV09-124,MISSING
11889,559,PAGE_MARKER,DV09-124,MISSING
11890,559,BOILERPLATE,DV09-124,MISSING
11891,559,BOILERPLATE,DV09-124,MISSING
11892,559,BLANK,DV09-124,MISSING
11893,559,BOILERPLATE,DV09-124,MISSING
11894,559,BOILERPLATE,DV09-124,MISSING
11895,559,REVIEWED_TEXT,DV09-124,MISSING
11896,559,REVIEWED_TEXT,DV09-124,MISSING
11897,559,REVIEWED_TEXT,DV09-124,MISSING
11898,559,REVIEWED_TEXT,DV09-124,MISSING
11899,559,REVIEWED_TEXT,DV09-124,MISSING
11900,559,BLANK,DV09-124,MISSING
11901,559,BLANK,DV09-124,MISSING
11902,559,REVIEWED_TEXT,DV09-124,MISSING
11903,559,BLANK,DV09-124,MISSING
11904,560,PAGE_MARKER,DV09-124,MISSING
11905,560,BOILERPLATE,DV09-124,MISSING
11906,560,BOILERPLATE,DV09-124,MISSING
11907,560,BLANK,DV09-124,MISSING
11908,560,BOILERPLATE,DV09-124,MISSING
11909,560,BOILERPLATE,DV09-124,MISSING
11910,560,REVIEWED_TEXT,DV09-124,MISSING
11911,560,REVIEWED_TEXT,DV09-124,MISSING
11912,560,BLANK,DV09-124,MISSING
11913,560,REVIEWED_TEXT,DV09-124,MISSING
11914,560,REVIEWED_TEXT,DV09-124,MISSING
11915,560,BLANK,DV09-124,MISSING
11916,560,REVIEWED_TEXT,DV09-124,MISSING
11917,560,REVIEWED_TEXT,DV09-124,MISSING
11918,560,REVIEWED_TEXT,DV09-124,MISSING
11919,560,REVIEWED_TEXT,DV09-124,MISSING
11920,560,BLANK,DV09-124,MISSING
11921,560,REVIEWED_TEXT,DV09-124,MISSING
11922,560,BLANK,DV09-124,MISSING
11923,560,REVIEWED_TEXT,DV09-124,MISSING
11924,560,REVIEWED_TEXT,DV09-124,MISSING
11925,560,REVIEWED_TEXT,DV09-124,MISSING
11926,560,BLANK,DV09-124,MISSING
11927,560,REVIEWED_TEXT,DV09-124,MISSING
11928,560,BLANK,DV09-124,MISSING
11929,560,REVIEWED_TEXT,DV09-124,MISSING
11930,560,BLANK,DV09-124,MISSING
11931,561,PAGE_MARKER,DV09-125,VERIFIED_SUBSET
11932,561,BOILERPLATE,DV09-125,VERIFIED_SUBSET
11933,561,BOILERPLATE,DV09-125,VERIFIED_SUBSET
11934,561,BLANK,DV09-125,VERIFIED_SUBSET
11935,561,BOILERPLATE,DV09-125,VERIFIED_SUBSET
11936,561,BOILERPLATE,DV09-125,VERIFIED_SUBSET
11937,561,REVIEWED_TEXT,DV09-125,VERIFIED_SUBSET
11938,561,BLANK,DV09-125,VERIFIED_SUBSET
11939,561,BLANK,DV09-125,VERIFIED_SUBSET
11940,561,BLANK,DV09-125,VERIFIED_SUBSET
11941,561,REVIEWED_TEXT,DV09-125,VERIFIED_SUBSET
11942,561,BLANK,DV09-125,VERIFIED_SUBSET
11943,561,BLANK,DV09-125,VERIFIED_SUBSET
11944,561,BLANK,DV09-125,VERIFIED_SUBSET
11945,561,REVIEWED_TEXT,DV09-125,VERIFIED_SUBSET
11946,561,REVIEWED_TEXT,DV09-125,VERIFIED_SUBSET
11947,561,REVIEWED_TEXT,DV09-125,VERIFIED_SUBSET
11948,561,REVIEWED_TEXT,DV09-125,VERIFIED_SUBSET
11949,561,REVIEWED_TEXT,DV09-125,VERIFIED_SUBSET
11950,561,BLANK,DV09-125,VERIFIED_SUBSET
11951,561,REVIEWED_TEXT,DV09-125,VERIFIED_SUBSET
11952,561,BLANK,DV09-125,VERIFIED_SUBSET
11953,562,PAGE_MARKER,DV09-125,VERIFIED_SUBSET
11954,562,BOILERPLATE,DV09-125,VERIFIED_SUBSET
11955,562,BOILERPLATE,DV09-125,VERIFIED_SUBSET
11956,562,BLANK,DV09-125,VERIFIED_SUBSET
11957,562,BOILERPLATE,DV09-125,VERIFIED_SUBSET
11958,562,BOILERPLATE,DV09-125,VERIFIED_SUBSET
11959,562,REVIEWED_TEXT,DV09-125,VERIFIED_SUBSET
11960,562,REVIEWED_TEXT,DV09-125,VERIFIED_SUBSET
11961,562,BLANK,DV09-125,VERIFIED_SUBSET
11962,562,REVIEWED_TEXT,DV09-125,VERIFIED_SUBSET
11963,562,BLANK,DV09-125,VERIFIED_SUBSET
11964,563,PAGE_MARKER,DV09-125,VERIFIED_SUBSET
11965,563,BOILERPLATE,DV09-125,VERIFIED_SUBSET
11966,563,BOILERPLATE,DV09-125,VERIFIED_SUBSET
11967,563,BLANK,DV09-125,VERIFIED_SUBSET
11968,563,BOILERPLATE,DV09-125,VERIFIED_SUBSET
11969,563,BOILERPLATE,DV09-125,VERIFIED_SUBSET
11970,563,REVIEWED_TEXT,DV09-125,VERIFIED_SUBSET
11971,563,REVIEWED_TEXT,DV09-125,VERIFIED_SUBSET
11972,563,BLANK,DV09-125,VERIFIED_SUBSET
11973,563,BLANK,DV09-125,VERIFIED_SUBSET
11974,563,REVIEWED_TEXT,DV09-125,VERIFIED_SUBSET
11975,563,BLANK,DV09-125,VERIFIED_SUBSET
11976,564,PAGE_MARKER,DV09-125,VERIFIED_SUBSET
11977,564,BOILERPLATE,DV09-125,VERIFIED_SUBSET
11978,564,BOILERPLATE,DV09-125,VERIFIED_SUBSET
11979,564,BLANK,DV09-125,VERIFIED_SUBSET
11980,564,BOILERPLATE,DV09-125,VERIFIED_SUBSET
11981,564,BOILERPLATE,DV09-125,VERIFIED_SUBSET
11982,564,REVIEWED_TEXT,DV09-125,VERIFIED_SUBSET
11983,564,REVIEWED_TEXT,DV09-125,VERIFIED_SUBSET
11984,564,REVIEWED_TEXT,DV09-125,VERIFIED_SUBSET
11985,564,REVIEWED_TEXT,DV09-125,VERIFIED_SUBSET
11986,564,BLANK,DV09-125,VERIFIED_SUBSET
11987,564,REVIEWED_TEXT,DV09-125,VERIFIED_SUBSET
11988,564,BLANK,DV09-125,VERIFIED_SUBSET
11989,565,PAGE_MARKER,DV09-125,VERIFIED_SUBSET
11990,565,BOILERPLATE,DV09-125,VERIFIED_SUBSET
11991,565,BOILERPLATE,DV09-125,VERIFIED_SUBSET
11992,565,BLANK,DV09-125,VERIFIED_SUBSET
11993,565,BOILERPLATE,DV09-125,VERIFIED_SUBSET
11994,565,BOILERPLATE,DV09-125,VERIFIED_SUBSET
11995,565,BLANK,DV09-125,VERIFIED_SUBSET
11996,565,REVIEWED_TEXT,DV09-125,VERIFIED_SUBSET
11997,565,BLANK,DV09-125,VERIFIED_SUBSET
11998,566,PAGE_MARKER,DV09-125,VERIFIED_SUBSET
11999,566,BOILERPLATE,DV09-125,VERIFIED_SUBSET
12000,566,BOILERPLATE,DV09-125,VERIFIED_SUBSET
12001,566,BLANK,DV09-125,VERIFIED_SUBSET
12002,566,BOILERPLATE,DV09-125,VERIFIED_SUBSET
12003,566,BOILERPLATE,DV09-125,VERIFIED_SUBSET
12004,566,REVIEWED_TEXT,DV09-125,VERIFIED_SUBSET
12005,566,REVIEWED_TEXT,DV09-125,VERIFIED_SUBSET
12006,566,REVIEWED_TEXT,DV09-125,VERIFIED_SUBSET
12007,566,REVIEWED_TEXT,DV09-125,VERIFIED_SUBSET
12008,566,REVIEWED_TEXT,DV09-125,VERIFIED_SUBSET
12009,566,REVIEWED_TEXT,DV09-125,VERIFIED_SUBSET
12010,566,REVIEWED_TEXT,DV09-125,VERIFIED_SUBSET
12011,566,BLANK,DV09-125,VERIFIED_SUBSET
12012,566,REVIEWED_TEXT,DV09-125,VERIFIED_SUBSET
12013,566,BLANK,DV09-125,VERIFIED_SUBSET
12014,567,PAGE_MARKER,DV09-125,VERIFIED_SUBSET
12015,567,BOILERPLATE,DV09-125,VERIFIED_SUBSET
12016,567,BOILERPLATE,DV09-125,VERIFIED_SUBSET
12017,567,BLANK,DV09-125,VERIFIED_SUBSET
12018,567,BOILERPLATE,DV09-125,VERIFIED_SUBSET
12019,567,BOILERPLATE,DV09-125,VERIFIED_SUBSET
12020,567,REVIEWED_TEXT,DV09-125,VERIFIED_SUBSET
12021,567,REVIEWED_TEXT,DV09-125,VERIFIED_SUBSET
12022,567,BLANK,DV09-125,VERIFIED_SUBSET
12023,567,REVIEWED_TEXT,DV09-125,VERIFIED_SUBSET
12024,567,REVIEWED_TEXT,DV09-125,VERIFIED_SUBSET
12025,567,REVIEWED_TEXT,DV09-125,VERIFIED_SUBSET
12026,567,BLANK,DV09-125,VERIFIED_SUBSET
12027,568,PAGE_MARKER,DV09-125,VERIFIED_SUBSET
12028,568,BOILERPLATE,DV09-125,VERIFIED_SUBSET
12029,568,BOILERPLATE,DV09-125,VERIFIED_SUBSET
12030,568,BLANK,DV09-125,VERIFIED_SUBSET
12031,568,BOILERPLATE,DV09-125,VERIFIED_SUBSET
12032,568,BOILERPLATE,DV09-125,VERIFIED_SUBSET
12033,568,REVIEWED_TEXT,DV09-125,VERIFIED_SUBSET
12034,568,REVIEWED_TEXT,DV09-125,VERIFIED_SUBSET
12035,568,BLANK,DV09-125,VERIFIED_SUBSET
12036,568,REVIEWED_TEXT,DV09-125,VERIFIED_SUBSET
12037,568,BLANK,DV09-125,VERIFIED_SUBSET
12038,569,PAGE_MARKER,DV09-126,VERIFIED_SUBSET
12039,569,BOILERPLATE,DV09-126,VERIFIED_SUBSET
12040,569,BOILERPLATE,DV09-126,VERIFIED_SUBSET
12041,569,BLANK,DV09-126,VERIFIED_SUBSET
12042,569,BOILERPLATE,DV09-126,VERIFIED_SUBSET
12043,569,BOILERPLATE,DV09-126,VERIFIED_SUBSET
12044,569,REVIEWED_TEXT,DV09-126,VERIFIED_SUBSET
12045,569,REVIEWED_TEXT,DV09-126,VERIFIED_SUBSET
12046,569,REVIEWED_TEXT,DV09-126,VERIFIED_SUBSET
12047,569,REVIEWED_TEXT,DV09-126,VERIFIED_SUBSET
12048,569,BLANK,DV09-126,VERIFIED_SUBSET
12049,569,REVIEWED_TEXT,DV09-126,VERIFIED_SUBSET
12050,569,REVIEWED_TEXT,DV09-126,VERIFIED_SUBSET
12051,569,BLANK,DV09-126,VERIFIED_SUBSET
12052,569,REVIEWED_TEXT,DV09-126,VERIFIED_SUBSET
12053,569,REVIEWED_TEXT,DV09-126,VERIFIED_SUBSET
12054,569,BLANK,DV09-126,VERIFIED_SUBSET
12055,569,REVIEWED_TEXT,DV09-126,VERIFIED_SUBSET
12056,569,REVIEWED_TEXT,DV09-126,VERIFIED_SUBSET
12057,569,BLANK,DV09-126,VERIFIED_SUBSET
12058,569,REVIEWED_TEXT,DV09-126,VERIFIED_SUBSET
12059,569,BLANK,DV09-126,VERIFIED_SUBSET
12060,569,REVIEWED_TEXT,DV09-126,VERIFIED_SUBSET
12061,569,REVIEWED_TEXT,DV09-126,VERIFIED_SUBSET
12062,569,REVIEWED_TEXT,DV09-126,VERIFIED_SUBSET
12063,569,REVIEWED_TEXT,DV09-126,VERIFIED_SUBSET
12064,569,BLANK,DV09-126,VERIFIED_SUBSET
12065,570,PAGE_MARKER,DV09-127,VERIFIED_SUBSET
12066,570,BOILERPLATE,DV09-127,VERIFIED_SUBSET
12067,570,BOILERPLATE,DV09-127,VERIFIED_SUBSET
12068,570,BLANK,DV09-127,VERIFIED_SUBSET
12069,570,BOILERPLATE,DV09-127,VERIFIED_SUBSET
12070,570,BOILERPLATE,DV09-127,VERIFIED_SUBSET
12071,570,REVIEWED_TEXT,DV09-127,VERIFIED_SUBSET
12072,570,REVIEWED_TEXT,DV09-127,VERIFIED_SUBSET
12073,570,REVIEWED_TEXT,DV09-127,VERIFIED_SUBSET
12074,570,REVIEWED_TEXT,DV09-127,VERIFIED_SUBSET
12075,570,BLANK,DV09-127,VERIFIED_SUBSET
12076,570,BLANK,DV09-127,VERIFIED_SUBSET
12077,570,BLANK,DV09-127,VERIFIED_SUBSET
12078,571,PAGE_MARKER,DV09-127,VERIFIED_SUBSET
12079,571,BOILERPLATE,DV09-127,VERIFIED_SUBSET
12080,571,BOILERPLATE,DV09-127,VERIFIED_SUBSET
12081,571,BLANK,DV09-127,VERIFIED_SUBSET
12082,571,BOILERPLATE,DV09-127,VERIFIED_SUBSET
12083,571,BOILERPLATE,DV09-127,VERIFIED_SUBSET
12084,571,REVIEWED_TEXT,DV09-127,VERIFIED_SUBSET
12085,571,REVIEWED_TEXT,DV09-127,VERIFIED_SUBSET
12086,571,REVIEWED_TEXT,DV09-127,VERIFIED_SUBSET
12087,571,REVIEWED_TEXT,DV09-127,VERIFIED_SUBSET
12088,571,REVIEWED_TEXT,DV09-127,VERIFIED_SUBSET
12089,571,BLANK,DV09-127,VERIFIED_SUBSET
12090,571,BLANK,DV09-127,VERIFIED_SUBSET
12091,571,BLANK,DV09-127,VERIFIED_SUBSET
12092,572,PAGE_MARKER,DV09-127,VERIFIED_SUBSET
12093,572,BOILERPLATE,DV09-127,VERIFIED_SUBSET
12094,572,BOILERPLATE,DV09-127,VERIFIED_SUBSET
12095,572,BLANK,DV09-127,VERIFIED_SUBSET
12096,572,BOILERPLATE,DV09-127,VERIFIED_SUBSET
12097,572,BOILERPLATE,DV09-127,VERIFIED_SUBSET
12098,572,REVIEWED_TEXT,DV09-127,VERIFIED_SUBSET
12099,572,REVIEWED_TEXT,DV09-127,VERIFIED_SUBSET
12100,572,REVIEWED_TEXT,DV09-127,VERIFIED_SUBSET
12101,572,BLANK,DV09-127,VERIFIED_SUBSET
12102,572,BLANK,DV09-127,VERIFIED_SUBSET
12103,573,PAGE_MARKER,DV09-127,VERIFIED_SUBSET
12104,573,BOILERPLATE,DV09-127,VERIFIED_SUBSET
12105,573,BOILERPLATE,DV09-127,VERIFIED_SUBSET
12106,573,BLANK,DV09-127,VERIFIED_SUBSET
12107,573,BOILERPLATE,DV09-127,VERIFIED_SUBSET
12108,573,BOILERPLATE,DV09-127,VERIFIED_SUBSET
12109,573,REVIEWED_TEXT,DV09-127,VERIFIED_SUBSET
12110,573,REVIEWED_TEXT,DV09-127,VERIFIED_SUBSET
12111,573,REVIEWED_TEXT,DV09-127,VERIFIED_SUBSET
12112,573,REVIEWED_TEXT,DV09-127,VERIFIED_SUBSET
12113,573,BOILERPLATE,DV09-127,VERIFIED_SUBSET
12114,573,REVIEWED_TEXT,DV09-127,VERIFIED_SUBSET
12115,573,REVIEWED_TEXT,DV09-127,VERIFIED_SUBSET
12116,573,BOILERPLATE,DV09-127,VERIFIED_SUBSET
12117,573,REVIEWED_TEXT,DV09-127,VERIFIED_SUBSET
12118,573,REVIEWED_TEXT,DV09-127,VERIFIED_SUBSET
12119,573,BOILERPLATE,DV09-127,VERIFIED_SUBSET
12120,573,REVIEWED_TEXT,DV09-127,VERIFIED_SUBSET
12121,573,REVIEWED_TEXT,DV09-127,VERIFIED_SUBSET
12122,573,BOILERPLATE,DV09-127,VERIFIED_SUBSET
12123,573,REVIEWED_TEXT,DV09-127,VERIFIED_SUBSET
12124,573,BOILERPLATE,DV09-127,VERIFIED_SUBSET
12125,573,REVIEWED_TEXT,DV09-127,VERIFIED_SUBSET
12126,573,BOILERPLATE,DV09-127,VERIFIED_SUBSET
12127,573,REVIEWED_TEXT,DV09-127,VERIFIED_SUBSET
12128,573,BOILERPLATE,DV09-127,VERIFIED_SUBSET
12129,573,REVIEWED_TEXT,DV09-127,VERIFIED_SUBSET
12130,573,REVIEWED_TEXT,DV09-127,VERIFIED_SUBSET
12131,573,BOILERPLATE,DV09-127,VERIFIED_SUBSET
12132,573,REVIEWED_TEXT,DV09-127,VERIFIED_SUBSET
12133,573,BLANK,DV09-127,VERIFIED_SUBSET
12134,573,BLANK,DV09-127,VERIFIED_SUBSET
12135,574,PAGE_MARKER,DV09-128,CONTEXT
12136,574,BOILERPLATE,DV09-128,CONTEXT
12137,574,BOILERPLATE,DV09-128,CONTEXT
12138,574,BLANK,DV09-128,CONTEXT
12139,574,BOILERPLATE,DV09-128,CONTEXT
12140,574,BOILERPLATE,DV09-128,CONTEXT
12141,574,REVIEWED_TEXT,DV09-128,CONTEXT
12142,574,REVIEWED_TEXT,DV09-128,CONTEXT
12143,574,BOILERPLATE,DV09-128,CONTEXT
12144,574,REVIEWED_TEXT,DV09-128,CONTEXT
12145,574,BOILERPLATE,DV09-128,CONTEXT
12146,574,REVIEWED_TEXT,DV09-128,CONTEXT
12147,574,BOILERPLATE,DV09-128,CONTEXT
12148,574,REVIEWED_TEXT,DV09-128,CONTEXT
12149,574,BLANK,DV09-128,CONTEXT
12150,574,BLANK,DV09-128,CONTEXT
12151,575,PAGE_MARKER,DV09-128,CONTEXT
12152,575,REVIEWED_TEXT,DV09-128,CONTEXT
12153,575,REVIEWED_TEXT,DV09-128,CONTEXT
12154,575,REVIEWED_TEXT,DV09-128,CONTEXT
12155,575,REVIEWED_TEXT,DV09-128,CONTEXT
12156,575,REVIEWED_TEXT,DV09-128,CONTEXT
12157,575,BLANK,DV09-128,CONTEXT
